country_name,country_code,year,lsci,container_port_traffic_teu,fossil_fuel_pct,energy_imports_pct,is_aggregate
Africa Eastern and Southern,AFE,1971,23.39857241800457,34879305.04928218,47.11599293362363,-37.96310870035779,False
Africa Eastern and Southern,AFE,1972,23.39857241800457,34879305.04928218,46.8918142274368,-37.96310870035779,False
Africa Eastern and Southern,AFE,1973,23.39857241800457,34879305.04928218,47.97718189965315,-37.96310870035779,False
Africa Eastern and Southern,AFE,1974,23.39857241800457,34879305.04928218,47.89745153964635,-37.96310870035779,False
Africa Eastern and Southern,AFE,1975,23.39857241800457,34879305.04928218,47.89864525120142,-37.96310870035779,False
Africa Eastern and Southern,AFE,1976,23.39857241800457,34879305.04928218,48.47409991854216,-37.96310870035779,False
Africa Eastern and Southern,AFE,1977,23.39857241800457,34879305.04928218,48.2752184501426,-37.96310870035779,False
Africa Eastern and Southern,AFE,1978,23.39857241800457,34879305.04928218,48.92808207000883,-37.96310870035779,False
Africa Eastern and Southern,AFE,1979,23.39857241800457,34879305.04928218,48.93011269096613,-37.96310870035779,False
Africa Eastern and Southern,AFE,1980,23.39857241800457,34879305.04928218,49.73754705809842,-37.96310870035779,False
Africa Eastern and Southern,AFE,1981,23.39857241800457,34879305.04928218,51.34257943046524,-37.96310870035779,False
Africa Eastern and Southern,AFE,1982,23.39857241800457,34879305.04928218,52.57811841091723,-37.96310870035779,False
Africa Eastern and Southern,AFE,1983,23.39857241800457,34879305.04928218,52.2637175272934,-37.96310870035779,False
Africa Eastern and Southern,AFE,1984,23.39857241800457,34879305.04928218,52.92614235909055,-37.96310870035779,False
Africa Eastern and Southern,AFE,1985,23.39857241800457,34879305.04928218,52.20159517529876,-37.96310870035779,False
Africa Eastern and Southern,AFE,1986,23.39857241800457,34879305.04928218,52.19017859252333,-37.96310870035779,False
Africa Eastern and Southern,AFE,1987,23.39857241800457,34879305.04928218,52.9009288413475,-37.96310870035779,False
Africa Eastern and Southern,AFE,1988,23.39857241800457,34879305.04928218,52.59569060880093,-37.96310870035779,False
Africa Eastern and Southern,AFE,1989,23.39857241800457,34879305.04928218,50.54489837611088,-37.96310870035779,False
Africa Eastern and Southern,AFE,1990,23.39857241800457,34879305.04928218,47.49040552942805,-21.16875323483087,False
Africa Eastern and Southern,AFE,1991,23.39857241800457,34879305.04928218,48.31577775861605,-20.94573287594317,False
Africa Eastern and Southern,AFE,1992,23.39857241800457,34879305.04928218,45.45633092147673,-23.50938349579024,False
Africa Eastern and Southern,AFE,1993,23.39857241800457,34879305.04928218,46.94757973449405,-22.12016632802751,False
Africa Eastern and Southern,AFE,1994,23.39857241800457,34879305.04928218,45.9895248948567,-22.48797485542834,False
Africa Eastern and Southern,AFE,1995,23.39857241800457,34879305.04928218,46.32175202199012,-23.18409571523732,False
Africa Eastern and Southern,AFE,1996,23.39857241800457,34879305.04928218,45.40345942132254,-23.12475348922412,False
Africa Eastern and Southern,AFE,1997,23.39857241800457,34879305.04928218,45.27295790452466,-25.06365476214935,False
Africa Eastern and Southern,AFE,1998,23.39857241800457,34879305.04928218,44.58091859526344,-26.30844085900022,False
Africa Eastern and Southern,AFE,1999,23.39857241800457,34879305.04928218,45.38213776531844,-28.08115676326534,False
Africa Eastern and Southern,AFE,2000,23.39857241800457,34879305.04928218,45.86977586227896,-36.49428851041449,False
Africa Eastern and Southern,AFE,2001,23.39857241800457,34879305.04928218,47.70260731292365,-37.18224815716906,False
Africa Eastern and Southern,AFE,2002,23.39857241800457,34879305.04928218,46.87312619227419,-44.15992000575674,False
Africa Eastern and Southern,AFE,2003,23.39857241800457,34879305.04928218,47.03710083790017,-39.2339725049963,False
Africa Eastern and Southern,AFE,2004,23.39857241800457,34879305.04928218,48.88413052416516,-38.74478877654398,False
Africa Eastern and Southern,AFE,2005,23.39857241800457,34879305.04928218,49.2413680680878,-47.42801651209097,False
Africa Eastern and Southern,AFE,2006,23.39857241800457,34879305.04928218,48.15554772198946,-50.04352025670544,False
Africa Eastern and Southern,AFE,2007,23.39857241800457,34879305.04928218,49.55090585379641,-53.14195115634696,False
Africa Eastern and Southern,AFE,2008,23.39857241800457,34879305.04928218,50.81280872795122,-50.31609870272243,False
Africa Eastern and Southern,AFE,2009,23.39857241800457,34879305.04928218,48.84025055893526,-43.38690920494216,False
Africa Eastern and Southern,AFE,2010,23.39857241800457,34879305.04928218,49.72743007663546,-49.13238479195286,False
Africa Eastern and Southern,AFE,2011,23.39857241800457,34879305.04928218,47.99749470251594,-35.64884218401663,False
Africa Eastern and Southern,AFE,2012,23.39857241800457,34879305.04928218,47.91313818248489,-31.82099386796077,False
Africa Eastern and Southern,AFE,2013,23.39857241800457,34879305.04928218,46.85597350880568,-32.13065563317242,False
Africa Eastern and Southern,AFE,2014,23.39857241800457,34879305.04928218,47.82477700244265,-28.01272524134905,False
Africa Eastern and Southern,AFE,2015,23.39857241800457,34879305.04928218,38.06880505642345,-30.19785693858152,False
Africa Eastern and Southern,AFE,2016,23.39857241800457,34879305.04928218,0.0,-27.68696926548066,False
Africa Eastern and Southern,AFE,2017,23.39857241800457,34879305.04928218,0.0,-27.25487505643291,False
Africa Eastern and Southern,AFE,2018,23.39857241800457,34879305.04928218,0.0,-25.30820959383594,False
Africa Eastern and Southern,AFE,2019,23.39857241800457,34879305.04928218,0.0,-21.35393332919695,False
Africa Eastern and Southern,AFE,2020,23.39857241800457,34879305.04928218,0.0,-22.066352238351,False
Africa Eastern and Southern,AFE,2021,23.39857241800457,34879305.04928218,0.0,-14.79365238003048,False
Africa Eastern and Southern,AFE,2022,23.39857241800457,34879305.04928218,0.0,-16.53374881910258,False
Africa Eastern and Southern,AFE,2023,23.39857241800457,34879305.04928218,0.0,-37.96310870035779,False
Africa Eastern and Southern,AFE,2024,23.39857241800457,34879305.04928218,0.0,-37.96310870035779,False
Africa Western and Central,AFW,1971,23.39857241800457,34879305.04928218,11.09834499802571,-37.96310870035779,False
Africa Western and Central,AFW,1972,23.39857241800457,34879305.04928218,11.89893842889257,-37.96310870035779,False
Africa Western and Central,AFW,1973,23.39857241800457,34879305.04928218,13.76360660306666,-37.96310870035779,False
Africa Western and Central,AFW,1974,23.39857241800457,34879305.04928218,14.22700907401223,-37.96310870035779,False
Africa Western and Central,AFW,1975,23.39857241800457,34879305.04928218,14.95450903634256,-37.96310870035779,False
Africa Western and Central,AFW,1976,23.39857241800457,34879305.04928218,16.1928162437882,-37.96310870035779,False
Africa Western and Central,AFW,1977,23.39857241800457,34879305.04928218,18.15168070161162,-37.96310870035779,False
Africa Western and Central,AFW,1978,23.39857241800457,34879305.04928218,19.77178864121451,-37.96310870035779,False
Africa Western and Central,AFW,1979,23.39857241800457,34879305.04928218,19.87621092418122,-37.96310870035779,False
Africa Western and Central,AFW,1980,23.39857241800457,34879305.04928218,20.85162413786715,-37.96310870035779,False
Africa Western and Central,AFW,1981,23.39857241800457,34879305.04928218,21.99186137923038,-37.96310870035779,False
Africa Western and Central,AFW,1982,23.39857241800457,34879305.04928218,23.18088837243445,-37.96310870035779,False
Africa Western and Central,AFW,1983,23.39857241800457,34879305.04928218,22.63397854451465,-37.96310870035779,False
Africa Western and Central,AFW,1984,23.39857241800457,34879305.04928218,21.19200629567538,-37.96310870035779,False
Africa Western and Central,AFW,1985,23.39857241800457,34879305.04928218,21.30072101783503,-37.96310870035779,False
Africa Western and Central,AFW,1986,23.39857241800457,34879305.04928218,20.40763249061036,-37.96310870035779,False
Africa Western and Central,AFW,1987,23.39857241800457,34879305.04928218,21.05506734253909,-37.96310870035779,False
Africa Western and Central,AFW,1988,23.39857241800457,34879305.04928218,20.64604128594102,-37.96310870035779,False
Africa Western and Central,AFW,1989,23.39857241800457,34879305.04928218,21.12918178635491,-37.96310870035779,False
Africa Western and Central,AFW,1990,23.39857241800457,34879305.04928218,33.57021228719621,-214.6924056828474,False
Africa Western and Central,AFW,1991,23.39857241800457,34879305.04928218,34.9103812640388,-213.492468327319,False
Africa Western and Central,AFW,1992,23.39857241800457,34879305.04928218,36.03080796247195,-208.7887994696851,False
Africa Western and Central,AFW,1993,23.39857241800457,34879305.04928218,35.33391339493671,-211.304198209848,False
Africa Western and Central,AFW,1994,23.39857241800457,34879305.04928218,30.87252691428345,-229.2611780092661,False
Africa Western and Central,AFW,1995,23.39857241800457,34879305.04928218,31.16447419605439,-231.1595811801187,False
Africa Western and Central,AFW,1996,23.39857241800457,34879305.04928218,33.10010682431314,-237.1234225074703,False
Africa Western and Central,AFW,1997,23.39857241800457,34879305.04928218,33.11862155785892,-246.1779632754273,False
Africa Western and Central,AFW,1998,23.39857241800457,34879305.04928218,31.70851209621304,-226.8245587187077,False
Africa Western and Central,AFW,1999,23.39857241800457,34879305.04928218,33.38778353498457,-217.2301225742839,False
Africa Western and Central,AFW,2000,23.39857241800457,34879305.04928218,35.43703313824597,-226.627027894688,False
Africa Western and Central,AFW,2001,23.39857241800457,34879305.04928218,37.35252676225566,-226.3141318058367,False
Africa Western and Central,AFW,2002,23.39857241800457,34879305.04928218,37.5839960628885,-194.6470205805541,False
Africa Western and Central,AFW,2003,23.39857241800457,34879305.04928218,39.32937652396235,-213.3365316589634,False
Africa Western and Central,AFW,2004,23.39857241800457,34879305.04928218,38.02757906093372,-232.2268318616303,False
Africa Western and Central,AFW,2005,23.39857241800457,34879305.04928218,37.33593295732675,-215.1499137605958,False
Africa Western and Central,AFW,2006,23.39857241800457,34879305.04928218,35.75451374741221,-217.832250612417,False
Africa Western and Central,AFW,2007,23.39857241800457,34879305.04928218,35.20043052780364,-211.3749112990502,False
Africa Western and Central,AFW,2008,23.39857241800457,34879305.04928218,35.58923787130831,-191.5319485313514,False
Africa Western and Central,AFW,2009,23.39857241800457,34879305.04928218,33.6410653158964,-191.5240277412767,False
Africa Western and Central,AFW,2010,23.39857241800457,4765578.63,33.79369749041421,-175.8667610682013,False
Africa Western and Central,AFW,2011,23.39857241800457,5623522.75,33.38978063858538,-160.4332109046364,False
Africa Western and Central,AFW,2012,23.39857241800457,5965333.18,35.23487497570385,-162.7885674028856,False
Africa Western and Central,AFW,2013,23.39857241800457,6257040.55,34.95347109019094,-136.5283915128946,False
Africa Western and Central,AFW,2014,23.39857241800457,6567432.71,35.03087228253841,-136.1342986572594,False
Africa Western and Central,AFW,2015,23.39857241800457,6722792.359999999,28.76183616767717,-145.3607609331605,False
Africa Western and Central,AFW,2016,23.39857241800457,6464269.34,0.0,-115.2845922665313,False
Africa Western and Central,AFW,2017,23.39857241800457,7328156.16,0.0,-121.9510132069056,False
Africa Western and Central,AFW,2018,23.39857241800457,7919906.59,0.0,-126.0971697697965,False
Africa Western and Central,AFW,2019,23.39857241800457,8562750.129999999,0.0,-113.7344311828726,False
Africa Western and Central,AFW,2020,23.39857241800457,8100808.0,0.0,-92.86746463089553,False
Africa Western and Central,AFW,2021,23.39857241800457,8567214.0,0.0,-71.02382842597255,False
Africa Western and Central,AFW,2022,23.39857241800457,8186999.0,0.0,-60.24155208572326,False
Africa Western and Central,AFW,2023,23.39857241800457,8917517.0,0.0,-37.96310870035779,False
Albania,ALB,1990,23.39857241800457,34879305.04928218,76.58285326614185,6.420600244815564,False
Albania,ALB,1991,23.39857241800457,34879305.04928218,69.82824331486515,-3.484898771988024,False
Albania,ALB,1992,23.39857241800457,34879305.04928218,56.08109002338873,-3.3818124263581,False
Albania,ALB,1993,23.39857241800457,34879305.04928218,53.48248693217425,0.1687097295259975,False
Albania,ALB,1994,23.39857241800457,34879305.04928218,54.83464745739751,3.534671840728878,False
Albania,ALB,1995,23.39857241800457,34879305.04928218,49.54166873877045,6.636722960833658,False
Albania,ALB,1996,23.39857241800457,34879305.04928218,45.45477258631941,6.292823353142237,False
Albania,ALB,1997,23.39857241800457,34879305.04928218,41.45041846408689,8.699425956246353,False
Albania,ALB,1998,23.39857241800457,34879305.04928218,45.28037642513397,16.28597492263943,False
Albania,ALB,1999,23.39857241800457,34879305.04928218,58.15898832458819,42.02375562598203,False
Albania,ALB,2000,23.39857241800457,34879305.04928218,58.62622522143812,46.5181540098418,False
Albania,ALB,2001,23.39857241800457,34879305.04928218,60.85769742846971,53.18277297219718,False
Albania,ALB,2002,23.39857241800457,34879305.04928218,63.13079252584232,54.02541118518423,False
Albania,ALB,2003,23.39857241800457,34879305.04928218,64.41016812400807,51.55677101610605,False
Albania,ALB,2004,23.39857241800457,34879305.04928218,65.46766837776133,48.36983450599566,False
Albania,ALB,2005,23.39857241800457,34879305.04928218,66.34901632477867,50.5736000967914,False
Albania,ALB,2006,1.5528144298,34879305.04928218,64.3620955340319,41.2400076668958,False
Albania,ALB,2007,1.7637203359,34879305.04928218,65.01849463950278,49.34986713906076,False
Albania,ALB,2008,3.7118681592,34879305.04928218,63.70919160361689,50.06200580237793,False
Albania,ALB,2009,3.5242601242,34879305.04928218,63.27129498849534,46.41058984361958,False
Albania,ALB,2010,3.8923117814,70000.0,63.07473061540259,28.96221442110351,False
Albania,ALB,2011,3.3990677183,76700.0,61.34830548128676,35.89476956722169,False
Albania,ALB,2012,3.762082183,83194.0,57.58861587127168,15.71728698641581,False
Albania,ALB,2013,5.1262113778,108670.0,56.2283728759268,25.20042291544761,False
Albania,ALB,2014,4.81926407,99350.0,61.23871570898312,28.91195301986077,False
Albania,ALB,2015,4.7271518222,104000.0,47.35338698484789,12.69646178444401,False
Albania,ALB,2016,5.7331076262,118829.0,0.0,20.2723546315076,False
Albania,ALB,2017,4.0096872496,118270.0,0.0,38.8336005323813,False
Albania,ALB,2018,4.324902891,134526.0,0.0,21.26948775055685,False
Albania,ALB,2019,6.1563514982,145762.0,0.0,32.2318027280548,False
Albania,ALB,2020,4.1970724236,138477.0,0.0,36.46997746653137,False
Albania,ALB,2021,4.3676468464,144129.0,0.0,24.11775193229349,False
Albania,ALB,2022,23.39857241800457,132965.0,0.0,32.27639679725097,False
Albania,ALB,2023,23.39857241800457,184017.0,0.0,22.70155902004433,False
Algeria,DZA,1990,23.39857241800457,34879305.04928218,99.92268615648416,-348.5789420995467,False
Algeria,DZA,1991,23.39857241800457,34879305.04928218,49.53885920745446,-334.6042022630383,False
Algeria,DZA,1992,23.39857241800457,34879305.04928218,49.53885920745446,-331.5178273179885,False
Algeria,DZA,1993,23.39857241800457,34879305.04928218,49.53885920745446,-331.8694283826446,False
Algeria,DZA,1994,23.39857241800457,34879305.04928218,49.53885920745446,-330.5171440992297,False
Algeria,DZA,1995,23.39857241800457,34879305.04928218,99.85551466488415,-338.1381984809223,False
Algeria,DZA,1996,23.39857241800457,34879305.04928218,99.82439579573412,-377.4337183444181,False
Algeria,DZA,1997,23.39857241800457,34879305.04928218,99.7460533994878,-403.6896178248467,False
Algeria,DZA,1998,23.39857241800457,34879305.04928218,99.69516162683556,-407.9384051054725,False
Algeria,DZA,1999,23.39857241800457,34879305.04928218,99.72663021838586,-411.8664964114312,False
Algeria,DZA,2000,23.39857241800457,34879305.04928218,99.79732988290846,-425.8282820776867,False
Algeria,DZA,2001,23.39857241800457,34879305.04928218,99.7577853262408,-406.3559621299627,False
Algeria,DZA,2002,23.39857241800457,34879305.04928218,99.72289035058746,-391.5574875909743,False
Algeria,DZA,2003,23.39857241800457,34879305.04928218,99.71349618617803,-401.8575570084951,False
Algeria,DZA,2004,23.39857241800457,34879305.04928218,99.7205700936354,-405.2956739122274,False
Algeria,DZA,2005,23.39857241800457,34879305.04928218,99.59232534606032,-412.4429859453719,False
Algeria,DZA,2006,11.0199648473,34879305.04928218,99.72238805940007,-373.2893259663643,False
Algeria,DZA,2007,9.2968628137,34879305.04928218,99.73486301186594,-346.1207005525049,False
Algeria,DZA,2008,10.164689025,34879305.04928218,99.80396337612552,-331.6821692215252,False
Algeria,DZA,2009,9.5885355274,34879305.04928218,99.92099471655705,-274.142977643099,False
Algeria,DZA,2010,11.0433324226,1198828.0,96.08237707066532,-268.1238260582401,False
Algeria,DZA,2011,10.5673486098,1309432.0,96.391089085483,-243.4857663475228,False
Algeria,DZA,2012,9.9078295027,1400495.0,96.8559437804052,-209.6285999835692,False
Algeria,DZA,2013,9.9683913261,1508774.0,97.15503409489132,-186.2716182448247,False
Algeria,DZA,2014,11.4142105199,1660660.0,97.03029003247262,-171.4597812887339,False
Algeria,DZA,2015,13.1093862431,1694426.0,21.62619444170385,-158.925681939104,False
Algeria,DZA,2016,13.4557875276,1831056.0,0.0,-178.8097827964038,False
Algeria,DZA,2017,12.277666841,1725198.0,0.0,-169.8792150326055,False
Algeria,DZA,2018,12.0946660784,1844422.0,0.0,-152.1807192208583,False
Algeria,DZA,2019,12.6028856061,1793990.0,0.0,-133.3527464905536,False
Algeria,DZA,2020,12.8425180087,1541273.0,0.0,-124.7415317804976,False
Algeria,DZA,2021,12.2292992498,34879305.04928218,0.0,-137.1030465146032,False
Algeria,DZA,2022,23.39857241800457,1530969.0,0.0,-127.243586824875,False
Algeria,DZA,2023,23.39857241800457,1545930.0,0.0,-129.3370440676659,False
Algeria,DZA,2024,23.39857241800457,1827788.0,49.53885920745446,-37.96310870035779,False
American Samoa,ASM,2006,9.3564180781,34879305.04928218,49.53885920745446,-37.96310870035779,False
American Samoa,ASM,2007,8.4642480704,34879305.04928218,49.53885920745446,-37.96310870035779,False
American Samoa,ASM,2008,7.9818971707,34879305.04928218,49.53885920745446,-37.96310870035779,False
American Samoa,ASM,2009,5.9467108177,34879305.04928218,49.53885920745446,-37.96310870035779,False
American Samoa,ASM,2010,5.6041565417,59167.0,49.53885920745446,-37.96310870035779,False
American Samoa,ASM,2011,5.5102957227,66334.0,49.53885920745446,-37.96310870035779,False
American Samoa,ASM,2012,5.4990272739,59461.0,49.53885920745446,-37.96310870035779,False
American Samoa,ASM,2013,6.1125918868,56600.0,49.53885920745446,-37.96310870035779,False
American Samoa,ASM,2014,6.132319711,57025.0,49.53885920745446,-37.96310870035779,False
American Samoa,ASM,2015,6.2928606759,70288.0,49.53885920745446,-37.96310870035779,False
American Samoa,ASM,2016,6.8810848922,65970.0,49.53885920745446,-37.96310870035779,False
American Samoa,ASM,2017,6.9101058795,92270.0,49.53885920745446,-37.96310870035779,False
American Samoa,ASM,2018,7.0191152074,90245.0,49.53885920745446,-37.96310870035779,False
American Samoa,ASM,2019,7.3201439877,76200.0,49.53885920745446,-37.96310870035779,False
American Samoa,ASM,2020,7.5270874278,34879305.04928218,49.53885920745446,-37.96310870035779,False
American Samoa,ASM,2021,8.0908498803,34879305.04928218,49.53885920745446,-37.96310870035779,False
Angola,AGO,1990,23.39857241800457,34879305.04928218,25.47635212112557,-381.6500578433553,False
Angola,AGO,1991,23.39857241800457,34879305.04928218,25.47877467800397,-392.0009514182083,False
Angola,AGO,1992,23.39857241800457,34879305.04928218,24.09417885374986,-432.8188692039013,False
Angola,AGO,1993,23.39857241800457,34879305.04928218,24.96066415944656,-378.0075216590274,False
Angola,AGO,1994,23.39857241800457,34879305.04928218,24.43581619457787,-402.6541594223036,False
Angola,AGO,1995,23.39857241800457,34879305.04928218,22.82585923800015,-461.618011541008,False
Angola,AGO,1996,23.39857241800457,34879305.04928218,23.46982057184932,-493.9288302009544,False
Angola,AGO,1997,23.39857241800457,34879305.04928218,23.81106470424605,-515.6202182912513,False
Angola,AGO,1998,23.39857241800457,34879305.04928218,22.03321058319615,-547.756096667216,False
Angola,AGO,1999,23.39857241800457,34879305.04928218,24.63304553885666,-522.0470147263211,False
Angola,AGO,2000,23.39857241800457,34879305.04928218,25.18489479833169,-546.6449690895621,False
Angola,AGO,2001,23.39857241800457,34879305.04928218,26.72093874319977,-487.0142618510452,False
Angola,AGO,2002,23.39857241800457,34879305.04928218,28.25981973508187,-575.4542799089671,False
Angola,AGO,2003,23.39857241800457,34879305.04928218,32.00814482009341,-520.1810446166967,False
Angola,AGO,2004,23.39857241800457,34879305.04928218,32.4471399237354,-590.3532777708672,False
Angola,AGO,2005,23.39857241800457,34879305.04928218,28.45682988982924,-812.8839154487139,False
Angola,AGO,2006,13.4430150297,34879305.04928218,32.74235395824043,-818.5898340284091,False
Angola,AGO,2007,13.572184053,34879305.04928218,34.95462547081469,-905.0513522413868,False
Angola,AGO,2008,13.7025685992,34879305.04928218,37.72449352063245,-910.8359183941426,False
Angola,AGO,2009,16.0825996528,34879305.04928218,40.77938406002269,-775.8213535027828,False
Angola,AGO,2010,15.3336111726,611050.0,43.7741269267812,-745.5245566008537,False
Angola,AGO,2011,15.4927237614,763851.0,44.69201797550165,-646.0217430987985,False
Angola,AGO,2012,19.2942747925,1103281.0,47.42994885641419,-604.1832292258177,False
Angola,AGO,2013,19.4019161092,1006332.0,45.83573043554834,-608.4067096792592,False
Angola,AGO,2014,22.3164471107,1141081.0,55.09872613079894,-637.7302869639107,False
Angola,AGO,2015,20.7492970884,814965.0,26.35408029548457,-568.8909977774711,False
Angola,AGO,2016,26.6666499601,572298.0,0.0,-599.5433418606806,False
Angola,AGO,2017,25.08878115,735431.0,0.0,-564.3848791068915,False
Angola,AGO,2018,23.4332774455,618238.0,0.0,-558.3507713866484,False
Angola,AGO,2019,30.4678320108,700123.0,0.0,-488.932842686293,False
Angola,AGO,2020,23.6039730155,590128.0,0.0,-474.8465607705525,False
Angola,AGO,2021,23.3879860863,628348.0,0.0,-373.7966323063816,False
Angola,AGO,2022,23.39857241800457,678333.0,0.0,-353.9718193842726,False
Angola,AGO,2023,23.39857241800457,662054.0,0.0,-37.96310870035779,False
Angola,AGO,2024,23.39857241800457,709221.0,49.53885920745446,-37.96310870035779,False
Antigua and Barbuda,ATG,1990,23.39857241800457,34879305.04928218,0.0,-37.96310870035779,False
Antigua and Barbuda,ATG,2004,23.39857241800457,34879305.04928218,0.0,-37.96310870035779,False
Antigua and Barbuda,ATG,2005,23.39857241800457,34879305.04928218,0.0,-37.96310870035779,False
Antigua and Barbuda,ATG,2006,6.2403804285,34879305.04928218,0.0,-37.96310870035779,False
Antigua and Barbuda,ATG,2007,6.273557941,34879305.04928218,0.0,-37.96310870035779,False
Antigua and Barbuda,ATG,2008,5.4282549846,34879305.04928218,49.53885920745446,-37.96310870035779,False
Antigua and Barbuda,ATG,2009,5.5072241364,34879305.04928218,49.53885920745446,-37.96310870035779,False
Antigua and Barbuda,ATG,2010,5.0180353964,24615.0,49.53885920745446,-37.96310870035779,False
Antigua and Barbuda,ATG,2011,5.168668641,21824.0,49.53885920745446,-37.96310870035779,False
Antigua and Barbuda,ATG,2012,5.1684568011,24449.0,49.53885920745446,-37.96310870035779,False
Antigua and Barbuda,ATG,2013,6.77181628,24842.0,49.53885920745446,-37.96310870035779,False
Antigua and Barbuda,ATG,2014,5.3190900457,14443.0,49.53885920745446,-37.96310870035779,False
Antigua and Barbuda,ATG,2015,4.7504415023,14949.0,49.53885920745446,-37.96310870035779,False
Antigua and Barbuda,ATG,2016,3.7343418642,16193.0,49.53885920745446,-37.96310870035779,False
Antigua and Barbuda,ATG,2017,5.1654335393,17311.0,49.53885920745446,-37.96310870035779,False
Antigua and Barbuda,ATG,2018,4.6045383385,28826.0,49.53885920745446,-37.96310870035779,False
Antigua and Barbuda,ATG,2019,5.0184168814,27657.0,49.53885920745446,-37.96310870035779,False
Antigua and Barbuda,ATG,2020,5.0184168814,28000.0,49.53885920745446,-37.96310870035779,False
Antigua and Barbuda,ATG,2021,5.178271041,29000.0,49.53885920745446,-37.96310870035779,False
Antigua and Barbuda,ATG,2022,23.39857241800457,28000.0,49.53885920745446,-37.96310870035779,False
Antigua and Barbuda,ATG,2023,23.39857241800457,29000.0,49.53885920745446,-37.96310870035779,False
Antigua and Barbuda,ATG,2024,23.39857241800457,28000.0,49.53885920745446,-37.96310870035779,False
Arab World,ARB,1971,23.39857241800457,34879305.04928218,82.24651922487253,-37.96310870035779,True
Arab World,ARB,1972,23.39857241800457,34879305.04928218,83.0567698186162,-37.96310870035779,True
Arab World,ARB,1973,23.39857241800457,34879305.04928218,84.6192627997353,-37.96310870035779,True
Arab World,ARB,1974,23.39857241800457,34879305.04928218,85.5193700687693,-37.96310870035779,True
Arab World,ARB,1975,23.39857241800457,34879305.04928218,85.79917065547293,-37.96310870035779,True
Arab World,ARB,1976,23.39857241800457,34879305.04928218,86.85521858340825,-37.96310870035779,True
Arab World,ARB,1977,23.39857241800457,34879305.04928218,87.51701231223024,-37.96310870035779,True
Arab World,ARB,1978,23.39857241800457,34879305.04928218,88.77404857704865,-37.96310870035779,True
Arab World,ARB,1979,23.39857241800457,34879305.04928218,90.28759985963543,-37.96310870035779,True
Arab World,ARB,1980,23.39857241800457,34879305.04928218,91.37232329590304,-37.96310870035779,True
Arab World,ARB,1981,23.39857241800457,34879305.04928218,91.57370409120324,-37.96310870035779,True
Arab World,ARB,1982,23.39857241800457,34879305.04928218,92.24483062946692,-37.96310870035779,True
Arab World,ARB,1983,23.39857241800457,34879305.04928218,93.26320585685252,-37.96310870035779,True
Arab World,ARB,1984,23.39857241800457,34879305.04928218,93.38499004019629,-37.96310870035779,True
Arab World,ARB,1985,23.39857241800457,34879305.04928218,92.8790006808548,-37.96310870035779,True
Arab World,ARB,1986,23.39857241800457,34879305.04928218,93.41555508546186,-37.96310870035779,True
Arab World,ARB,1987,23.39857241800457,34879305.04928218,93.67183335937948,-37.96310870035779,True
Arab World,ARB,1988,23.39857241800457,34879305.04928218,94.28902491979834,-37.96310870035779,True
Arab World,ARB,1989,23.39857241800457,34879305.04928218,94.40860244890816,-37.96310870035779,True
Arab World,ARB,1990,23.39857241800457,34879305.04928218,92.3928789419752,-348.3227887781742,True
Arab World,ARB,1991,23.39857241800457,34879305.04928218,91.82258004555476,-325.3480448346201,True
Arab World,ARB,1992,23.39857241800457,34879305.04928218,93.2648412290169,-315.6600059675709,True
Arab World,ARB,1993,23.39857241800457,34879305.04928218,92.84854245755471,-309.1867953953977,True
Arab World,ARB,1994,23.39857241800457,34879305.04928218,49.53885920745446,-295.8350562443402,True
Arab World,ARB,1995,23.39857241800457,34879305.04928218,49.53885920745446,-294.5320099063074,True
Arab World,ARB,1996,23.39857241800457,34879305.04928218,49.53885920745446,-281.266281368805,True
Arab World,ARB,1997,23.39857241800457,34879305.04928218,49.53885920745446,-286.6501646163821,True
Arab World,ARB,1998,23.39857241800457,34879305.04928218,92.9732331952176,-301.0619745616195,True
Arab World,ARB,1999,23.39857241800457,34879305.04928218,92.7892432445974,-280.8300584708269,True
Arab World,ARB,2000,23.39857241800457,34879305.04928218,90.72234425287584,-287.0577060085473,True
Arab World,ARB,2001,23.39857241800457,34879305.04928218,90.70872640747238,-255.49388522569,True
Arab World,ARB,2002,23.39857241800457,34879305.04928218,90.6313808406614,-228.3201305258209,True
Arab World,ARB,2003,23.39857241800457,34879305.04928218,89.28449294951595,-236.2792687074802,True
Arab World,ARB,2004,23.39857241800457,34879305.04928218,92.50823848566344,-255.7428962802622,True
Arab World,ARB,2005,23.39857241800457,34879305.04928218,92.84342549453858,-231.8453705597463,True
Arab World,ARB,2006,23.39857241800457,34879305.04928218,93.40196062010072,-216.7300259306293,True
Arab World,ARB,2007,23.39857241800457,34879305.04928218,93.3929790272959,-202.6289116947129,True
Arab World,ARB,2008,23.39857241800457,34879305.04928218,94.5701215629181,-196.2863838720548,True
Arab World,ARB,2009,23.39857241800457,34879305.04928218,94.17257637315186,-180.199847709432,True
Arab World,ARB,2010,23.39857241800457,40595621.02,93.55425199861942,-177.2487005027159,True
Arab World,ARB,2011,23.39857241800457,43271616.37,90.37487996528972,-181.097813682297,True
Arab World,ARB,2012,23.39857241800457,45864132.13,94.22116304329226,-184.5872881274633,True
Arab World,ARB,2013,23.39857241800457,47103819.89,92.6828855094744,-174.2712434855335,True
Arab World,ARB,2014,23.39857241800457,49757928.71,89.9317497033466,-158.0102850100422,True
Arab World,ARB,2015,23.39857241800457,50742570.79,27.08532525063137,-159.1977370805267,True
Arab World,ARB,2016,23.39857241800457,51001164.79,0.0,-166.878051202971,True
Arab World,ARB,2017,23.39857241800457,52487666.3,0.0,-155.7420705647865,True
Arab World,ARB,2018,23.39857241800457,53256790.65,0.0,-161.2284347413165,True
Arab World,ARB,2019,23.39857241800457,56681948.755,0.0,-158.1627007355617,True
Arab World,ARB,2020,23.39857241800457,56449299.0,0.0,-148.9879949289804,True
Arab World,ARB,2021,23.39857241800457,55703156.0,0.0,-145.4234389541681,True
Arab World,ARB,2022,23.39857241800457,59050012.0,0.0,-149.2691945574411,True
Arab World,ARB,2023,23.39857241800457,34879305.04928218,0.0,-37.96310870035779,True
Arab World,ARB,2024,23.39857241800457,63523118.0,49.53885920745446,-37.96310870035779,True
Argentina,ARG,1990,23.39857241800457,34879305.04928218,92.24597748961776,-4.071259312333277,False
Argentina,ARG,1991,23.39857241800457,34879305.04928218,91.64894347785322,-3.854546699704892,False
Argentina,ARG,1992,23.39857241800457,34879305.04928218,93.52698724714212,-7.142339027754123,False
Argentina,ARG,1993,23.39857241800457,34879305.04928218,89.75706115360693,-10.7834828903575,False
Argentina,ARG,1994,23.39857241800457,34879305.04928218,87.49440765433435,-16.99710149109331,False
Argentina,ARG,1995,23.39857241800457,34879305.04928218,89.04782713456511,-23.34217638475989,False
Argentina,ARG,1996,23.39857241800457,34879305.04928218,90.203183019409,-28.30697387318346,False
Argentina,ARG,1997,23.39857241800457,34879305.04928218,89.19099063765992,-31.27328821301675,False
Argentina,ARG,1998,23.39857241800457,34879305.04928218,86.5889688939095,-30.19890088742606,False
Argentina,ARG,1999,23.39857241800457,34879305.04928218,87.56728918534901,-30.41148203867412,False
Argentina,ARG,2000,23.39857241800457,34879305.04928218,88.96886145371428,-33.84283347484673,False
Argentina,ARG,2001,23.39857241800457,34879305.04928218,88.13234976328808,-44.46260560003648,False
Argentina,ARG,2002,23.39857241800457,34879305.04928218,86.51165221192846,-44.63102342406843,False
Argentina,ARG,2003,23.39857241800457,34879305.04928218,85.69969421869078,-40.16347636603504,False
Argentina,ARG,2004,23.39857241800457,34879305.04928218,87.93356138043114,-28.03184189049382,False
Argentina,ARG,2005,23.39857241800457,34879305.04928218,88.74292969262832,-24.03695854203038,False
Argentina,ARG,2006,25.1728356258,34879305.04928218,91.31115774844474,-18.71621687830702,False
Argentina,ARG,2007,24.7785162458,34879305.04928218,89.08220820898192,-8.758408955325288,False
Argentina,ARG,2008,26.7313326641,34879305.04928218,92.1748284131746,-6.261836321652801,False
Argentina,ARG,2009,24.9913184239,34879305.04928218,96.14567343251142,-7.65587146065983,False
Argentina,ARG,2010,27.8839303744,2017388.0,93.38688311091768,-2.402167615088058,False
Argentina,ARG,2011,27.2408096742,2193269.0,91.94288413044706,7.237416840266059,False
Argentina,ARG,2012,30.4442166642,1970243.0,89.94028741467774,8.114399088638065,False
Argentina,ARG,2013,30.3170868717,2176939.0,89.93210414672912,13.9862181852131,False
Argentina,ARG,2014,33.3707108156,1738744.0,92.38366221921596,14.06781034291993,False
Argentina,ARG,2015,31.1218666171,1734397.0,56.28773765029118,13.54778098787587,False
Argentina,ARG,2016,32.2972064139,1713267.0,0.0,11.99936895730561,False
Argentina,ARG,2017,33.1984930686,1809153.0,0.0,13.21891468738572,False
Argentina,ARG,2018,32.8881444802,2184625.0,0.0,8.608755322726584,False
Argentina,ARG,2019,33.9198070243,1833964.0,0.0,2.491677079654418,False
Argentina,ARG,2020,33.0659050704,1705390.0,0.0,1.228006169321778,False
Argentina,ARG,2021,36.0329182168,1798923.0,0.0,5.966368088971588,False
Argentina,ARG,2022,23.39857241800457,1667161.0,0.0,1.958558212209723,False
Argentina,ARG,2023,23.39857241800457,1490437.0,0.0,0.4157145302835295,False
Argentina,ARG,2024,23.39857241800457,1471434.0,0.0,-37.96310870035779,False
Armenia,ARM,1990,23.39857241800457,34879305.04928218,97.0317446762613,100.6559012523158,False
Armenia,ARM,1991,23.39857241800457,34879305.04928218,96.50515359965496,-37.96310870035779,False
Armenia,ARM,1992,23.39857241800457,34879305.04928218,92.71115520221856,97.03969240553891,False
Armenia,ARM,1993,23.39857241800457,34879305.04928218,82.05930978409938,-37.96310870035779,False
Armenia,ARM,1994,23.39857241800457,34879305.04928218,76.96080118496819,-37.96310870035779,False
Armenia,ARM,1995,23.39857241800457,34879305.04928218,84.23749435441556,-37.96310870035779,False
Armenia,ARM,1996,23.39857241800457,34879305.04928218,57.64695969104411,-37.96310870035779,False
Armenia,ARM,1997,23.39857241800457,34879305.04928218,70.62739186516225,71.485742871436,False
Armenia,ARM,1998,23.39857241800457,34879305.04928218,72.11679162762462,71.64500528940582,False
Armenia,ARM,1999,23.39857241800457,34879305.04928218,65.24601791324616,65.30806304546064,False
Armenia,ARM,2000,23.39857241800457,34879305.04928218,70.04174531272103,71.19114230167398,False
Armenia,ARM,2001,23.39857241800457,34879305.04928218,71.16956793713037,72.56533904863937,False
Armenia,ARM,2002,23.39857241800457,34879305.04928218,61.80231590148192,62.98478966460932,False
Armenia,ARM,2003,23.39857241800457,34879305.04928218,65.70554650658065,65.86985872028552,False
Armenia,ARM,2004,23.39857241800457,34879305.04928218,66.89547996032329,65.68617391205241,False
Armenia,ARM,2005,23.39857241800457,34879305.04928218,68.09214587765453,67.23703598079727,False
Armenia,ARM,2006,23.39857241800457,34879305.04928218,67.48953710621251,68.02479161416156,False
Armenia,ARM,2007,23.39857241800457,34879305.04928218,70.54486020626733,72.8092351995716,False
Armenia,ARM,2008,23.39857241800457,34879305.04928218,73.27760399398868,75.14011559039349,False
Armenia,ARM,2009,23.39857241800457,34879305.04928218,68.19935695618642,69.25624977123812,False
Armenia,ARM,2010,23.39857241800457,34879305.04928218,67.39505360852401,69.64010925598214,False
Armenia,ARM,2011,23.39857241800457,34879305.04928218,71.54200207197253,69.01801104583657,False
Armenia,ARM,2012,23.39857241800457,34879305.04928218,77.32224246000357,74.34038105957087,False
Armenia,ARM,2013,23.39857241800457,34879305.04928218,75.48868767035167,73.6822602294154,False
Armenia,ARM,2014,23.39857241800457,34879305.04928218,69.982208305614,71.65922884007806,False
Armenia,ARM,2015,23.39857241800457,34879305.04928218,63.48193418408001,67.62931634769741,False
Armenia,ARM,2016,23.39857241800457,34879305.04928218,0.0,68.2448098805489,False
Armenia,ARM,2017,23.39857241800457,34879305.04928218,0.0,68.96056828066101,False
Armenia,ARM,2018,23.39857241800457,34879305.04928218,0.0,72.731773920089,False
Armenia,ARM,2019,23.39857241800457,34879305.04928218,0.0,74.17078530184477,False
Armenia,ARM,2020,23.39857241800457,34879305.04928218,0.0,74.14726654459858,False
Armenia,ARM,2021,23.39857241800457,34879305.04928218,0.0,78.90451611266832,False
Armenia,ARM,2022,23.39857241800457,34879305.04928218,0.0,76.87210864050145,False
Armenia,ARM,2023,23.39857241800457,34879305.04928218,0.0,-37.96310870035779,False
Aruba,ABW,2006,6.6624510554,34879305.04928218,49.53885920745446,-37.96310870035779,False
Aruba,ABW,2007,7.4083679165,34879305.04928218,49.53885920745446,-37.96310870035779,False
Aruba,ABW,2008,5.8936666617,34879305.04928218,49.53885920745446,-37.96310870035779,False
Aruba,ABW,2009,6.2584418581,34879305.04928218,49.53885920745446,-37.96310870035779,False
Aruba,ABW,2010,8.4257379908,49558.0,49.53885920745446,-37.96310870035779,False
Aruba,ABW,2011,7.553097284,34879305.04928218,49.53885920745446,-37.96310870035779,False
Aruba,ABW,2012,7.8707592623,34879305.04928218,49.53885920745446,-37.96310870035779,False
Aruba,ABW,2013,8.3296303304,30988.0,49.53885920745446,-37.96310870035779,False
Aruba,ABW,2014,7.9110404862,29628.0,49.53885920745446,-37.96310870035779,False
Aruba,ABW,2015,7.552258475,35342.0,49.53885920745446,-37.96310870035779,False
Aruba,ABW,2016,7.7386762298,31323.0,49.53885920745446,-37.96310870035779,False
Aruba,ABW,2017,8.5066278749,31689.0,49.53885920745446,-37.96310870035779,False
Aruba,ABW,2018,8.3066805683,58500.0,49.53885920745446,-37.96310870035779,False
Aruba,ABW,2019,8.3820318527,63870.0,49.53885920745446,-37.96310870035779,False
Aruba,ABW,2020,9.5437176077,53171.0,49.53885920745446,-37.96310870035779,False
Aruba,ABW,2021,6.5930880184,57062.0,49.53885920745446,-37.96310870035779,False
Aruba,ABW,2022,23.39857241800457,64771.0,49.53885920745446,-37.96310870035779,False
Aruba,ABW,2023,23.39857241800457,64753.0,49.53885920745446,-37.96310870035779,False
Aruba,ABW,2024,23.39857241800457,64800.0,49.53885920745446,-37.96310870035779,False
Australia,AUS,1990,23.39857241800457,34879305.04928218,94.16917602418394,-74.9034161284875,False
Australia,AUS,1991,23.39857241800457,34879305.04928218,93.7403455415348,-93.63758442741992,False
Australia,AUS,1992,23.39857241800457,34879305.04928218,94.40511161959508,-95.91518310934664,False
Australia,AUS,1993,23.39857241800457,34879305.04928218,93.49800221762156,-92.36602515045246,False
Australia,AUS,1994,23.39857241800457,34879305.04928218,93.45644121048528,-91.37428461101356,False
Australia,AUS,1995,23.39857241800457,34879305.04928218,94.01624498701612,-96.45162731101486,False
Australia,AUS,1996,23.39857241800457,34879305.04928218,93.4612139779649,-91.09092291409983,False
Australia,AUS,1997,23.39857241800457,34879305.04928218,93.51010274760236,-100.7275032301381,False
Australia,AUS,1998,23.39857241800457,34879305.04928218,93.87346190038812,-107.390214825386,False
Australia,AUS,1999,23.39857241800457,34879305.04928218,93.92265534035931,-103.454366779273,False
Australia,AUS,2000,23.39857241800457,34879305.04928218,89.32304262348413,-117.6026899249114,False
Australia,AUS,2001,23.39857241800457,34879305.04928218,98.047039481528,-126.5136195892794,False
Australia,AUS,2002,23.39857241800457,34879305.04928218,98.23537741833384,-130.6241724152802,False
Australia,AUS,2003,23.39857241800457,34879305.04928218,93.9279842959948,-125.2886974747241,False
Australia,AUS,2004,23.39857241800457,34879305.04928218,94.07874685952396,-125.8720312100174,False
Australia,AUS,2005,23.39857241800457,34879305.04928218,94.21076669458664,-131.0746664331898,False
Australia,AUS,2006,26.2165948181,34879305.04928218,94.33483754896828,-123.8069102419223,False
Australia,AUS,2007,27.9033221826,34879305.04928218,94.52790817212563,-127.7642908889444,False
Australia,AUS,2008,29.2907757234,34879305.04928218,94.56509429305125,-123.5346102319988,False
Australia,AUS,2009,28.9702964267,34879305.04928218,95.81456189497548,-128.4766171777072,False
Australia,AUS,2010,30.8698537772,6451689.0,94.91911226431546,-146.7083467757483,False
Australia,AUS,2011,29.3097066829,6865295.0,95.19338230011203,-141.9429260341575,False
Australia,AUS,2012,29.0216146654,7197262.0,95.08588829013836,-149.1953803885038,False
Australia,AUS,2013,31.0187482866,7304610.0,92.60743882521588,-164.6917740533037,False
Australia,AUS,2014,33.3886128847,7442016.0,92.13032499727524,-185.5557894907175,False
Australia,AUS,2015,32.406980102,7731627.0,92.40859026456876,-197.3868422322921,False
Australia,AUS,2016,34.2468472929,7830344.0,0.0,-206.2302513145606,False
Australia,AUS,2017,32.5961142706,7991508.0,0.0,-213.0392191722038,False
Australia,AUS,2018,34.1643048892,8667914.0,0.0,-221.1351478146597,False
Australia,AUS,2019,35.6691751858,8778913.0,0.0,-230.5402481209997,False
Australia,AUS,2020,37.242980096,8470466.0,0.0,-237.3285801956598,False
Australia,AUS,2021,35.7426324651,9254828.0,0.0,-232.1047721239184,False
Australia,AUS,2022,23.39857241800457,9377619.0,0.0,-234.2793459212015,False
Australia,AUS,2023,23.39857241800457,9283435.0,0.0,-214.4715402810439,False
Australia,AUS,2024,23.39857241800457,9579396.0,0.0,-37.96310870035779,False
Austria,AUT,1990,23.39857241800457,34879305.04928218,79.12398616367528,69.79246666871468,False
Austria,AUT,1991,23.39857241800457,34879305.04928218,79.11933407757832,67.89653654982389,False
Austria,AUT,1992,23.39857241800457,34879305.04928218,77.22997010321342,69.7960482231647,False
Austria,AUT,1993,23.39857241800457,34879305.04928218,77.00328846561983,67.02553091991498,False
Austria,AUT,1994,23.39857241800457,34879305.04928218,77.57848954627761,66.4479639903503,False
Austria,AUT,1995,23.39857241800457,34879305.04928218,77.97187692559659,67.688587663205,False
Austria,AUT,1996,23.39857241800457,34879305.04928218,78.19005432053113,70.8557760884195,False
Austria,AUT,1997,23.39857241800457,34879305.04928218,78.4048656332979,68.78329165984292,False
Austria,AUT,1998,23.39857241800457,34879305.04928218,78.50693481604317,71.66522778589442,False
Austria,AUT,1999,23.39857241800457,34879305.04928218,76.59959765495005,66.63347259867136,False
Austria,AUT,2000,23.39857241800457,34879305.04928218,76.52565380611098,66.90031783348923,False
Austria,AUT,2001,23.39857241800457,34879305.04928218,76.8895235407183,66.27266341719343,False
Austria,AUT,2002,23.39857241800457,34879305.04928218,77.35048020892219,69.18097217096563,False
Austria,AUT,2003,23.39857241800457,34879305.04928218,78.4739439969246,72.07286083885968,False
Austria,AUT,2004,23.39857241800457,34879305.04928218,78.34566660808052,72.73602367314696,False
Austria,AUT,2005,23.39857241800457,34879305.04928218,77.0533447951607,73.39595405507808,False
Austria,AUT,2006,23.39857241800457,34879305.04928218,74.22043698518381,73.79304812608427,False
Austria,AUT,2007,23.39857241800457,365918.0,72.80174983974234,70.17256283889336,False
Austria,AUT,2008,23.39857241800457,379740.7072,71.63023658471808,70.47707611840336,False
Austria,AUT,2009,23.39857241800457,330995.87292768,69.44616375967576,66.71038755948233,False
Austria,AUT,2010,23.39857241800457,285900.0,70.02772149772511,64.31557715937294,False
Austria,AUT,2011,23.39857241800457,285900.0,69.05413775213266,71.89275915595236,False
Austria,AUT,2012,23.39857241800457,285900.0,67.0885233807915,65.52058642724377,False
Austria,AUT,2013,23.39857241800457,285900.0,66.15628469128848,62.88356458324051,False
Austria,AUT,2014,23.39857241800457,285900.0,65.03752938393738,67.48888180132711,False
Austria,AUT,2015,23.39857241800457,285900.0,65.74467185548318,62.14742084511963,False
Austria,AUT,2016,23.39857241800457,285900.0,0.0,64.11378634569597,False
Austria,AUT,2017,23.39857241800457,285900.0,0.0,65.94638123916042,False
Austria,AUT,2018,23.39857241800457,34879305.04928218,0.0,66.52577754877656,False
Austria,AUT,2019,23.39857241800457,34879305.04928218,0.0,74.47628189607724,False
Austria,AUT,2020,23.39857241800457,34879305.04928218,0.0,59.76687680935591,False
Austria,AUT,2021,23.39857241800457,34879305.04928218,0.0,53.15293016840902,False
Austria,AUT,2022,23.39857241800457,34879305.04928218,0.0,76.81118465761242,False
Austria,AUT,2023,23.39857241800457,34879305.04928218,0.0,63.96619802927251,False
Austria,AUT,2024,23.39857241800457,34879305.04928218,0.0,-37.96310870035779,False
Azerbaijan,AZE,1990,23.39857241800457,34879305.04928218,99.88681518436564,12.23055166832471,False
Azerbaijan,AZE,1991,23.39857241800457,34879305.04928218,99.88464421701836,16.27330645933249,False
Azerbaijan,AZE,1992,23.39857241800457,34879305.04928218,99.30680988552572,3.984295935766165,False
Azerbaijan,AZE,1993,23.39857241800457,34879305.04928218,98.57256298359869,-1.722152888857632,False
Azerbaijan,AZE,1994,23.39857241800457,34879305.04928218,98.65201179305308,1.886585375694983,False
Azerbaijan,AZE,1995,23.39857241800457,34879305.04928218,98.64558293131417,-15.16191477338113,False
Azerbaijan,AZE,1996,23.39857241800457,34879305.04928218,98.38246936660838,-21.13406566606037,False
Azerbaijan,AZE,1997,23.39857241800457,34879305.04928218,97.88653099119928,-23.14272394159996,False
Azerbaijan,AZE,1998,23.39857241800457,34879305.04928218,98.22767886117096,-33.57143582917598,False
Azerbaijan,AZE,1999,23.39857241800457,34879305.04928218,98.0404242730137,-72.32346540105384,False
Azerbaijan,AZE,2000,23.39857241800457,34879305.04928218,98.27631416773784,-65.8626208552949,False
Azerbaijan,AZE,2001,23.39857241800457,34879305.04928218,98.37476502270066,-68.85808600140224,False
Azerbaijan,AZE,2002,23.39857241800457,34879305.04928218,97.29762138925922,-71.88858313914086,False
Azerbaijan,AZE,2003,23.39857241800457,34879305.04928218,96.93281524392202,-61.70634842693665,False
Azerbaijan,AZE,2004,23.39857241800457,34879305.04928218,97.11796845659714,-55.1787255183956,False
Azerbaijan,AZE,2005,23.39857241800457,34879305.04928218,97.10033202404472,-93.95169322709162,False
Azerbaijan,AZE,2006,23.39857241800457,34879305.04928218,97.58807306386517,-182.8892253662204,False
Azerbaijan,AZE,2007,23.39857241800457,34879305.04928218,94.56044929166882,-323.1475477369312,False
Azerbaijan,AZE,2008,23.39857241800457,34879305.04928218,94.15705002618434,-326.6733748761522,False
Azerbaijan,AZE,2009,23.39857241800457,34879305.04928218,93.89349071540936,-425.3207520380975,False
Azerbaijan,AZE,2010,23.39857241800457,34879305.04928218,94.97593429080334,-457.0693298104868,False
Azerbaijan,AZE,2011,23.39857241800457,34879305.04928218,95.99134066393847,-377.9802037813135,False
Azerbaijan,AZE,2012,23.39857241800457,34879305.04928218,96.87208580827338,-326.9996447821588,False
Azerbaijan,AZE,2013,23.39857241800457,34879305.04928218,96.64426552990425,-326.5280654015544,False
Azerbaijan,AZE,2014,23.39857241800457,34879305.04928218,96.81391490927416,-312.6997283612214,False
Azerbaijan,AZE,2015,23.39857241800457,34879305.04928218,50.9097565121081,-311.3727025650006,False
Azerbaijan,AZE,2016,23.39857241800457,34879305.04928218,0.0,-307.1574375104331,False
Azerbaijan,AZE,2017,23.39857241800457,34879305.04928218,0.0,-278.2358629732826,False
Azerbaijan,AZE,2018,23.39857241800457,34879305.04928218,0.0,-286.4202389915119,False
Azerbaijan,AZE,2019,23.39857241800457,34879305.04928218,0.0,-274.4174564968165,False
Azerbaijan,AZE,2020,23.39857241800457,34879305.04928218,0.0,-274.4606055753328,False
Azerbaijan,AZE,2021,23.39857241800457,34879305.04928218,0.0,-287.0165256880866,False
Azerbaijan,AZE,2022,23.39857241800457,34879305.04928218,0.0,-263.1275367336906,False
Azerbaijan,AZE,2023,23.39857241800457,34879305.04928218,0.0,-255.9591092908494,False
"Bahamas, The",BHS,1990,23.39857241800457,34879305.04928218,0.0,-37.96310870035779,False
"Bahamas, The",BHS,2004,23.39857241800457,34879305.04928218,0.0,-37.96310870035779,False
"Bahamas, The",BHS,2005,23.39857241800457,34879305.04928218,0.0,-37.96310870035779,False
"Bahamas, The",BHS,2006,19.0829956463,34879305.04928218,0.0,-37.96310870035779,False
"Bahamas, The",BHS,2007,20.2069793125,34879305.04928218,0.0,-37.96310870035779,False
"Bahamas, The",BHS,2008,19.8307799932,34879305.04928218,49.53885920745446,-37.96310870035779,False
"Bahamas, The",BHS,2009,20.6304500625,34879305.04928218,49.53885920745446,-37.96310870035779,False
"Bahamas, The",BHS,2010,24.2391755783,1155000.0,49.53885920745446,-37.96310870035779,False
"Bahamas, The",BHS,2011,25.3102630196,1146272.0,49.53885920745446,-37.96310870035779,False
"Bahamas, The",BHS,2012,25.575157332,1232000.0,49.53885920745446,-37.96310870035779,False
"Bahamas, The",BHS,2013,25.0495697691,1430000.0,49.53885920745446,-37.96310870035779,False
"Bahamas, The",BHS,2014,26.0233703523,1465283.0,49.53885920745446,-37.96310870035779,False
"Bahamas, The",BHS,2015,26.0382126821,1468380.0,49.53885920745446,-37.96310870035779,False
"Bahamas, The",BHS,2016,27.7471735427,1261778.0,49.53885920745446,-37.96310870035779,False
"Bahamas, The",BHS,2017,29.7425825386,920652.0,49.53885920745446,-37.96310870035779,False
"Bahamas, The",BHS,2018,29.1833504816,1182836.0,49.53885920745446,-37.96310870035779,False
"Bahamas, The",BHS,2019,31.1902991638,1528297.0,49.53885920745446,-37.96310870035779,False
"Bahamas, The",BHS,2020,32.2416827587,1429694.0,49.53885920745446,-37.96310870035779,False
"Bahamas, The",BHS,2021,28.5971618148,1761742.0,49.53885920745446,-37.96310870035779,False
"Bahamas, The",BHS,2022,23.39857241800457,1702995.0,49.53885920745446,-37.96310870035779,False
"Bahamas, The",BHS,2023,23.39857241800457,1469256.0,49.53885920745446,-37.96310870035779,False
"Bahamas, The",BHS,2024,23.39857241800457,1540740.0,49.53885920745446,-37.96310870035779,False
Bahrain,BHR,1990,23.39857241800457,34879305.04928218,95.97413359946844,-154.6700416313884,False
Bahrain,BHR,1991,23.39857241800457,34879305.04928218,96.1404337042343,-156.1238971913145,False
Bahrain,BHR,1992,23.39857241800457,34879305.04928218,95.3310089744449,-143.1457593870713,False
Bahrain,BHR,1993,23.39857241800457,34879305.04928218,96.95116176884024,-143.3811765161648,False
Bahrain,BHR,1994,23.39857241800457,34879305.04928218,96.6391391582214,-125.4598070973344,False
Bahrain,BHR,1995,23.39857241800457,34879305.04928218,99.73398968774134,-129.2006519242875,False
Bahrain,BHR,1996,23.39857241800457,34879305.04928218,96.81332348952554,-126.6324767868709,False
Bahrain,BHR,1997,23.39857241800457,34879305.04928218,99.87385500754394,-118.8426143593148,False
Bahrain,BHR,1998,23.39857241800457,34879305.04928218,49.53885920745446,-114.7437731707847,False
Bahrain,BHR,1999,23.39857241800457,34879305.04928218,96.60162094046603,-106.1792546602842,False
Bahrain,BHR,2000,23.39857241800457,34879305.04928218,97.44811067590872,-97.82558563818148,False
Bahrain,BHR,2001,23.39857241800457,34879305.04928218,97.84589857452715,-97.38320959451734,False
Bahrain,BHR,2002,23.39857241800457,34879305.04928218,97.90490408387753,-94.19560790357124,False
Bahrain,BHR,2003,23.39857241800457,34879305.04928218,98.11197061009494,-88.23143170064824,False
Bahrain,BHR,2004,23.39857241800457,34879305.04928218,97.38849256082533,-80.53436096376387,False
Bahrain,BHR,2005,23.39857241800457,34879305.04928218,98.02726793763428,-60.6273168717627,False
Bahrain,BHR,2006,7.9201772197,34879305.04928218,49.53885920745446,-60.11530409576452,False
Bahrain,BHR,2007,8.720313515,34879305.04928218,94.97699502551266,-53.52802756031824,False
Bahrain,BHR,2008,7.5392928438,34879305.04928218,99.57592594973798,-45.86658751005805,False
Bahrain,BHR,2009,10.9524546627,34879305.04928218,99.44518086478983,-54.72833699539774,False
Bahrain,BHR,2010,17.0302445449,367589.0,49.53885920745446,-53.40705680186579,False
Bahrain,BHR,2011,16.8424187598,374823.0,98.58043345028044,-58.31469361571637,False
Bahrain,BHR,2012,16.7564050035,525309.0,49.53885920745446,-56.77509372659291,False
Bahrain,BHR,2013,23.1018607732,429823.0,98.83971876779286,-54.38311578003203,False
Bahrain,BHR,2014,23.0730112961,442941.0,49.53885920745446,-65.71838016605018,False
Bahrain,BHR,2015,21.4290483364,379817.0,1.883193534327493,-57.36173762435125,False
Bahrain,BHR,2016,10.6873473635,424602.0,0.0,-57.29018957193043,False
Bahrain,BHR,2017,30.1916172547,400307.0,0.0,-56.80998028876101,False
Bahrain,BHR,2018,29.7320186909,432207.0,0.0,-53.60054268566062,False
Bahrain,BHR,2019,9.3094660098,418933.0,0.0,-53.43062662125367,False
Bahrain,BHR,2020,25.1249649889,464010.0,0.0,-51.90139009947231,False
Bahrain,BHR,2021,31.7069459582,404904.0,0.0,-50.22633257864324,False
Bahrain,BHR,2022,23.39857241800457,383435.0,0.0,-45.47513166793058,False
Bahrain,BHR,2023,23.39857241800457,404097.0,0.0,-37.96310870035779,False
Bahrain,BHR,2024,23.39857241800457,409382.0,49.53885920745446,-37.96310870035779,False
Bangladesh,BGD,1990,23.39857241800457,34879305.04928218,45.43336998656283,16.92527826108125,False
Bangladesh,BGD,1991,23.39857241800457,34879305.04928218,44.58562059682868,14.56751040821494,False
Bangladesh,BGD,1992,23.39857241800457,34879305.04928218,46.67277379935238,14.0982820989522,False
Bangladesh,BGD,1993,23.39857241800457,34879305.04928218,50.02791664249215,13.95387816037927,False
Bangladesh,BGD,1994,23.39857241800457,34879305.04928218,50.19371531612617,15.28504265266581,False
Bangladesh,BGD,1995,23.39857241800457,34879305.04928218,54.73364696922211,-37.96310870035779,False
Bangladesh,BGD,1996,23.39857241800457,34879305.04928218,56.27277886370287,-37.96310870035779,False
Bangladesh,BGD,1997,23.39857241800457,34879305.04928218,56.83060808664112,-37.96310870035779,False
Bangladesh,BGD,1998,23.39857241800457,34879305.04928218,58.54375449345598,-37.96310870035779,False
Bangladesh,BGD,1999,23.39857241800457,34879305.04928218,56.74202406338714,-37.96310870035779,False
Bangladesh,BGD,2000,23.39857241800457,34879305.04928218,57.83596289893576,17.65091486505544,False
Bangladesh,BGD,2001,23.39857241800457,34879305.04928218,59.78978689894747,21.10389495686993,False
Bangladesh,BGD,2002,23.39857241800457,34879305.04928218,60.71491157308787,19.70621959875879,False
Bangladesh,BGD,2003,23.39857241800457,34879305.04928218,62.26456034194343,19.92857403639674,False
Bangladesh,BGD,2004,23.39857241800457,34879305.04928218,62.21437640094635,17.79206453094994,False
Bangladesh,BGD,2005,23.39857241800457,34879305.04928218,62.40824273049201,17.9095538204646,False
Bangladesh,BGD,2006,8.1402441345,34879305.04928218,64.72994335548358,16.11034867763023,False
Bangladesh,BGD,2007,9.4931578656,34879305.04928218,65.79336289609921,15.82994644669061,False
Bangladesh,BGD,2008,8.7440647064,34879305.04928218,67.04459727815801,15.4943288262154,False
Bangladesh,BGD,2009,8.1371330395,34879305.04928218,68.65579272663057,14.74047222758845,False
Bangladesh,BGD,2010,7.6635518017,1364139.0,72.73003540065682,14.45445479176844,False
Bangladesh,BGD,2011,7.558767567,1419227.0,73.71046183503503,17.46463804999391,False
Bangladesh,BGD,2012,7.7836635669,1435045.0,74.82412180319987,18.35591671861511,False
Bangladesh,BGD,2013,9.029053744,1584873.0,72.85308657611532,17.9640543283116,False
Bangladesh,BGD,2014,9.6371961532,1782007.0,74.18089655520184,19.62896344014053,False
Bangladesh,BGD,2015,11.7443999601,2066344.0,71.28535294777537,20.40020853913546,False
Bangladesh,BGD,2016,11.2942514557,2387953.0,0.0,21.67191592367482,False
Bangladesh,BGD,2017,11.3430275512,2583549.0,0.0,23.88997021706096,False
Bangladesh,BGD,2018,13.1612489073,2946955.0,0.0,24.57411594649457,False
Bangladesh,BGD,2019,12.191119859,3145919.0,0.0,30.29749408943368,False
Bangladesh,BGD,2020,13.8044915393,2897709.0,0.0,34.46204003376359,False
Bangladesh,BGD,2021,14.6716584186,3271732.0,0.0,39.59006899722656,False
Bangladesh,BGD,2022,23.39857241800457,3200236.0,0.0,44.30702584492661,False
Bangladesh,BGD,2023,23.39857241800457,3225732.0,0.0,-37.96310870035779,False
Bangladesh,BGD,2024,23.39857241800457,3353732.0,49.53885920745446,-37.96310870035779,False
Barbados,BRB,1990,23.39857241800457,34879305.04928218,0.0,-37.96310870035779,False
Barbados,BRB,2004,23.39857241800457,34879305.04928218,0.0,-37.96310870035779,False
Barbados,BRB,2005,23.39857241800457,34879305.04928218,0.0,-37.96310870035779,False
Barbados,BRB,2006,7.9181790965,34879305.04928218,0.0,-37.96310870035779,False
Barbados,BRB,2007,6.9680775942,34879305.04928218,0.0,-37.96310870035779,False
Barbados,BRB,2008,8.2281114609,34879305.04928218,49.53885920745446,-37.96310870035779,False
Barbados,BRB,2009,8.0150212972,34879305.04928218,49.53885920745446,-37.96310870035779,False
Barbados,BRB,2010,10.1315293537,80424.0,49.53885920745446,-37.96310870035779,False
Barbados,BRB,2011,7.1812516046,77051.0,49.53885920745446,-37.96310870035779,False
Barbados,BRB,2012,7.4785204289,72163.0,49.53885920745446,-37.96310870035779,False
Barbados,BRB,2013,7.912639869,74923.0,49.53885920745446,-37.96310870035779,False
Barbados,BRB,2014,7.6057603609,78432.0,49.53885920745446,-37.96310870035779,False
Barbados,BRB,2015,7.2254263727,86508.0,49.53885920745446,-37.96310870035779,False
Barbados,BRB,2016,8.9323175548,105321.0,49.53885920745446,-37.96310870035779,False
Barbados,BRB,2017,8.2984627294,107098.0,49.53885920745446,-37.96310870035779,False
Barbados,BRB,2018,8.05733974,100952.0,49.53885920745446,-37.96310870035779,False
Barbados,BRB,2019,7.5310401283,98435.0,49.53885920745446,-37.96310870035779,False
Barbados,BRB,2020,8.0065223588,89460.0,49.53885920745446,-37.96310870035779,False
Barbados,BRB,2021,7.0170927504,93899.0,49.53885920745446,-37.96310870035779,False
Barbados,BRB,2022,23.39857241800457,97000.0,49.53885920745446,-37.96310870035779,False
Barbados,BRB,2023,23.39857241800457,101300.0,49.53885920745446,-37.96310870035779,False
Belarus,BLR,1990,23.39857241800457,34879305.04928218,95.78562227624604,92.70926183898963,False
Belarus,BLR,1991,23.39857241800457,34879305.04928218,95.46055881976916,90.30089649411002,False
Belarus,BLR,1992,23.39857241800457,34879305.04928218,95.30177234328902,88.6883868480248,False
Belarus,BLR,1993,23.39857241800457,34879305.04928218,94.81430130433684,87.92198521365631,False
Belarus,BLR,1994,23.39857241800457,34879305.04928218,94.50887095183823,84.80799653286186,False
Belarus,BLR,1995,23.39857241800457,34879305.04928218,92.96709782436304,87.14790734611803,False
Belarus,BLR,1996,23.39857241800457,34879305.04928218,91.971960451394,83.38167839421253,False
Belarus,BLR,1997,23.39857241800457,34879305.04928218,92.1539845684317,88.34812570903317,False
Belarus,BLR,1998,23.39857241800457,34879305.04928218,91.01883298530365,86.19647727141968,False
Belarus,BLR,1999,23.39857241800457,34879305.04928218,91.93235707303091,84.29005846571546,False
Belarus,BLR,2000,23.39857241800457,34879305.04928218,91.2801804701754,85.49158628008844,False
Belarus,BLR,2001,23.39857241800457,34879305.04928218,90.84827306368778,84.92221217734556,False
Belarus,BLR,2002,23.39857241800457,34879305.04928218,91.6545026303456,84.34055050174113,False
Belarus,BLR,2003,23.39857241800457,34879305.04928218,91.88664691199448,85.23583761048299,False
Belarus,BLR,2004,23.39857241800457,34879305.04928218,93.33619703900789,86.59407819668992,False
Belarus,BLR,2005,23.39857241800457,34879305.04928218,92.3997663253211,85.39602242083004,False
Belarus,BLR,2006,23.39857241800457,34879305.04928218,92.30789944417336,86.22452050900449,False
Belarus,BLR,2007,23.39857241800457,34879305.04928218,92.09102557092366,84.71558973474495,False
Belarus,BLR,2008,23.39857241800457,34879305.04928218,92.95525732516388,87.75086753068676,False
Belarus,BLR,2009,23.39857241800457,34879305.04928218,91.83747403270552,83.53417128440785,False
Belarus,BLR,2010,23.39857241800457,34879305.04928218,92.20187464561955,84.97970877349854,False
Belarus,BLR,2011,23.39857241800457,34879305.04928218,91.97821815515718,84.1461626488708,False
Belarus,BLR,2012,23.39857241800457,34879305.04928218,91.30310995108798,87.24661286623918,False
Belarus,BLR,2013,23.39857241800457,34879305.04928218,91.24489901201412,86.72689269638965,False
Belarus,BLR,2014,23.39857241800457,34879305.04928218,92.85144408515256,87.76738181764715,False
Belarus,BLR,2015,23.39857241800457,34879305.04928218,-1.227132017936345,84.95992787492021,False
Belarus,BLR,2016,23.39857241800457,34879305.04928218,0.0,83.31386802713546,False
Belarus,BLR,2017,23.39857241800457,34879305.04928218,0.0,84.89404421287348,False
Belarus,BLR,2018,23.39857241800457,34879305.04928218,0.0,86.02815470433639,False
Belarus,BLR,2019,23.39857241800457,34879305.04928218,0.0,85.25553518128419,False
Belarus,BLR,2020,23.39857241800457,34879305.04928218,0.0,83.84123114429384,False
Belarus,BLR,2021,23.39857241800457,34879305.04928218,0.0,78.2899580680447,False
Belarus,BLR,2022,23.39857241800457,34879305.04928218,0.0,77.07994824373185,False
Belarus,BLR,2023,23.39857241800457,34879305.04928218,0.0,-37.96310870035779,False
Belgium,BEL,1990,23.39857241800457,34879305.04928218,75.90299642379966,83.03679644395126,False
Belgium,BEL,1991,23.39857241800457,34879305.04928218,76.45130588284003,84.76499321120649,False
Belgium,BEL,1992,23.39857241800457,34879305.04928218,75.90775144948974,85.76161641692309,False
Belgium,BEL,1993,23.39857241800457,34879305.04928218,76.00157692852123,84.53652016820045,False
Belgium,BEL,1994,23.39857241800457,34879305.04928218,77.65316137222261,87.12084201631176,False
Belgium,BEL,1995,23.39857241800457,34879305.04928218,77.49192248667,88.08693892136415,False
Belgium,BEL,1996,23.39857241800457,34879305.04928218,77.76873188729184,88.3228528387101,False
Belgium,BEL,1997,23.39857241800457,34879305.04928218,75.75732118643728,86.88780757468238,False
Belgium,BEL,1998,23.39857241800457,34879305.04928218,76.80882930365028,90.17311356608118,False
Belgium,BEL,1999,23.39857241800457,34879305.04928218,75.81602208117205,85.06996159542582,False
Belgium,BEL,2000,23.39857241800457,34879305.04928218,75.93949690818566,87.21996027233351,False
Belgium,BEL,2001,23.39857241800457,34879305.04928218,76.0065911052415,89.7609233715587,False
Belgium,BEL,2002,23.39857241800457,34879305.04928218,74.37459122732885,88.57690036328306,False
Belgium,BEL,2003,23.39857241800457,34879305.04928218,74.97189743084984,91.44045178414022,False
Belgium,BEL,2004,23.39857241800457,34879305.04928218,74.71997183851762,91.76860252972364,False
Belgium,BEL,2005,23.39857241800457,34879305.04928218,74.84448613521701,91.87326726166772,False
Belgium,BEL,2006,73.479682703,34879305.04928218,74.28097351960322,92.46611370791304,False
Belgium,BEL,2007,76.4410125464,34879305.04928218,73.14511280034233,91.14283497621834,False
Belgium,BEL,2008,77.6598451971,34879305.04928218,73.79489962521474,95.9508772708718,False
Belgium,BEL,2009,79.8011618452,34879305.04928218,73.13598195818342,86.60283943595314,False
Belgium,BEL,2010,79.6430090616,9988291.0,73.17808696168868,89.34598400763812,False
Belgium,BEL,2011,78.1657944462,9901751.0,70.65895239807006,86.77835314791864,False
Belgium,BEL,2012,80.3770907727,9653447.0,71.45191706478448,86.34280284535724,False
Belgium,BEL,2013,78.1197403073,9528054.0,70.779475550962,87.31560366258716,False
Belgium,BEL,2014,82.2476467649,9895013.0,72.76011770852848,89.70586102368483,False
Belgium,BEL,2015,86.3885287951,10059579.0,76.29595321963329,95.27225513489132,False
Belgium,BEL,2016,83.5441363106,10321506.0,0.0,86.25422818215021,False
Belgium,BEL,2017,84.3734142636,10783850.0,0.0,86.93804423376638,False
Belgium,BEL,2018,85.3864088176,11503695.0,0.0,99.69900066066464,False
Belgium,BEL,2019,89.5359564294,12389876.0,0.0,90.93022607944684,False
Belgium,BEL,2020,87.7538919455,12697162.0,0.0,89.07580989270313,False
Belgium,BEL,2021,86.963734508,13095258.0,0.0,81.49615620656816,False
Belgium,BEL,2022,23.39857241800457,12334925.0,0.0,86.76194408244578,False
Belgium,BEL,2023,23.39857241800457,11482434.0,0.0,89.17478019280264,False
Belgium,BEL,2024,23.39857241800457,12395047.0,0.0,-37.96310870035779,False
Belize,BLZ,1990,23.39857241800457,34879305.04928218,0.0,-37.96310870035779,False
Belize,BLZ,2004,23.39857241800457,34879305.04928218,0.0,-37.96310870035779,False
Belize,BLZ,2005,23.39857241800457,34879305.04928218,0.0,-37.96310870035779,False
Belize,BLZ,2006,2.9263107164,34879305.04928218,0.0,-37.96310870035779,False
Belize,BLZ,2007,2.5894930352,34879305.04928218,0.0,-37.96310870035779,False
Belize,BLZ,2008,2.7252460815,34879305.04928218,49.53885920745446,-37.96310870035779,False
Belize,BLZ,2009,4.5387082757,34879305.04928218,49.53885920745446,-37.96310870035779,False
Belize,BLZ,2010,3.0185457399,31917.0,49.53885920745446,-37.96310870035779,False
Belize,BLZ,2011,3.8545748819,34200.0,49.53885920745446,-37.96310870035779,False
Belize,BLZ,2012,7.8982106849,36978.0,49.53885920745446,-37.96310870035779,False
Belize,BLZ,2013,8.1227437644,40978.0,49.53885920745446,-37.96310870035779,False
Belize,BLZ,2014,8.7070265237,43593.0,49.53885920745446,-37.96310870035779,False
Belize,BLZ,2015,8.3004499156,48141.0,49.53885920745446,-37.96310870035779,False
Belize,BLZ,2016,8.9964060025,46040.0,49.53885920745446,-37.96310870035779,False
Belize,BLZ,2017,8.8013562568,44381.0,49.53885920745446,-37.96310870035779,False
Belize,BLZ,2018,10.9944460241,47729.0,49.53885920745446,-37.96310870035779,False
Belize,BLZ,2019,11.1726230925,44510.0,49.53885920745446,-37.96310870035779,False
Belize,BLZ,2020,7.7326423547,36993.0,49.53885920745446,-37.96310870035779,False
Belize,BLZ,2021,7.6055707267,42478.0,49.53885920745446,-37.96310870035779,False
Belize,BLZ,2022,23.39857241800457,47264.0,49.53885920745446,-37.96310870035779,False
Belize,BLZ,2023,23.39857241800457,21279.0,49.53885920745446,-37.96310870035779,False
Benin,BEN,1990,23.39857241800457,34879305.04928218,4.838158906393668,-5.537028518859252,False
Benin,BEN,1991,23.39857241800457,34879305.04928218,3.854013716550982,-5.979045731275674,False
Benin,BEN,1992,23.39857241800457,34879305.04928218,3.930581006728953,-2.144446133226473,False
Benin,BEN,1993,23.39857241800457,34879305.04928218,3.834838399438341,-2.740502740502774,False
Benin,BEN,1994,23.39857241800457,34879305.04928218,3.864895909307056,-1.21029543893029,False
Benin,BEN,1995,23.39857241800457,34879305.04928218,3.780218387743162,0.95287348891334,False
Benin,BEN,1996,23.39857241800457,34879305.04928218,13.32999988008374,11.50083830207744,False
Benin,BEN,1997,23.39857241800457,34879305.04928218,17.31938390214118,16.26052803373253,False
Benin,BEN,1998,23.39857241800457,34879305.04928218,17.32798205982196,16.95724344439257,False
Benin,BEN,1999,23.39857241800457,34879305.04928218,21.00423648635969,23.28316918180785,False
Benin,BEN,2000,23.39857241800457,34879305.04928218,25.48294223871022,28.09771021789664,False
Benin,BEN,2001,23.39857241800457,34879305.04928218,27.46173200742947,29.87246862682919,False
Benin,BEN,2002,23.39857241800457,34879305.04928218,29.64356604407048,31.95510553156453,False
Benin,BEN,2003,23.39857241800457,34879305.04928218,32.07373486304609,34.47060707992938,False
Benin,BEN,2004,23.39857241800457,34879305.04928218,32.8184336424217,35.08941842067433,False
Benin,BEN,2005,23.39857241800457,34879305.04928218,31.04592232998518,35.84703735201066,False
Benin,BEN,2006,11.4054570385,34879305.04928218,36.32131390625446,39.10790061870376,False
Benin,BEN,2007,11.006240827,34879305.04928218,39.66512354549113,41.80179509143044,False
Benin,BEN,2008,11.2900551948,300000.0,39.07161371048774,42.25651787405839,False
Benin,BEN,2009,12.7693677522,272820.0,39.79761462056061,44.71661029661972,False
Benin,BEN,2010,11.9371671727,316700.0,42.59879874537489,49.30566725644736,False
Benin,BEN,2011,13.2121436296,334800.0,41.5532937721268,-37.96310870035779,False
Benin,BEN,2012,14.1036154,348200.0,39.07338322452162,-37.96310870035779,False
Benin,BEN,2013,15.7335421005,341500.0,37.74701977960429,-37.96310870035779,False
Benin,BEN,2014,17.017950773,344850.0,38.86574612835835,-37.96310870035779,False
Benin,BEN,2015,17.636388968,288000.0,40.54839430708221,-37.96310870035779,False
Benin,BEN,2016,17.6330366094,310500.0,0.0,-37.96310870035779,False
Benin,BEN,2017,18.1177787252,333000.0,0.0,-37.96310870035779,False
Benin,BEN,2018,18.8513912953,321750.0,0.0,-37.96310870035779,False
Benin,BEN,2019,17.9510312217,510895.6,0.0,46.04164120115712,False
Benin,BEN,2020,18.4002866426,34879305.04928218,0.0,46.63362176161358,False
Benin,BEN,2021,19.1385509278,34879305.04928218,0.0,42.7567593162556,False
Benin,BEN,2022,23.39857241800457,34879305.04928218,0.0,40.90317038022383,False
Benin,BEN,2023,23.39857241800457,34879305.04928218,0.0,-37.96310870035779,False
Bermuda,BMU,2006,1.6292518612,34879305.04928218,49.53885920745446,-37.96310870035779,False
Bermuda,BMU,2007,1.6059847956,34879305.04928218,49.53885920745446,-37.96310870035779,False
Bermuda,BMU,2008,1.6159789264,34879305.04928218,49.53885920745446,-37.96310870035779,False
Bermuda,BMU,2009,1.6159789264,34879305.04928218,49.53885920745446,-37.96310870035779,False
Bermuda,BMU,2010,1.6159789264,4485.461,49.53885920745446,-37.96310870035779,False
Bermuda,BMU,2011,1.6159789264,4485.461,49.53885920745446,-37.96310870035779,False
Bermuda,BMU,2012,1.6159789264,4485.461,49.53885920745446,-37.96310870035779,False
Bermuda,BMU,2013,1.6159789264,4485.461,49.53885920745446,-37.96310870035779,False
Bermuda,BMU,2014,1.6074953774,4437.324,49.53885920745446,-37.96310870035779,False
Bermuda,BMU,2015,1.6074953774,4437.324,49.53885920745446,-37.96310870035779,False
Bermuda,BMU,2016,1.6074953774,4437.324,49.53885920745446,-37.96310870035779,False
Bermuda,BMU,2017,1.6074953774,4437.324,49.53885920745446,-37.96310870035779,False
Bermuda,BMU,2018,1.6074953774,4437.324,49.53885920745446,-37.96310870035779,False
Bermuda,BMU,2019,1.7937036887,4006.0,49.53885920745446,-37.96310870035779,False
Bermuda,BMU,2020,1.7937036887,34879305.04928218,49.53885920745446,-37.96310870035779,False
Bermuda,BMU,2021,1.7937036887,34879305.04928218,49.53885920745446,-37.96310870035779,False
Bhutan,BTN,1990,23.39857241800457,34879305.04928218,0.0,-37.96310870035779,False
Bhutan,BTN,2004,23.39857241800457,34879305.04928218,0.0,-37.96310870035779,False
Bhutan,BTN,2005,23.39857241800457,34879305.04928218,0.0,-37.96310870035779,False
Bhutan,BTN,2006,23.39857241800457,34879305.04928218,0.0,-37.96310870035779,False
Bhutan,BTN,2007,23.39857241800457,34879305.04928218,0.0,-37.96310870035779,False
Bolivia,BOL,1990,23.39857241800457,34879305.04928218,68.22247633536634,-91.59073810917,False
Bolivia,BOL,1991,23.39857241800457,34879305.04928218,67.6407853255709,-90.81810387617888,False
Bolivia,BOL,1992,23.39857241800457,34879305.04928218,70.38062352349579,-80.3894167270249,False
Bolivia,BOL,1993,23.39857241800457,34879305.04928218,69.55299659949814,-72.95099558841086,False
Bolivia,BOL,1994,23.39857241800457,34879305.04928218,72.1416249590469,-69.00594878868858,False
Bolivia,BOL,1995,23.39857241800457,34879305.04928218,74.75907591257541,-55.16743353783227,False
Bolivia,BOL,1996,23.39857241800457,34879305.04928218,74.08540458273437,-42.70208789387349,False
Bolivia,BOL,1997,23.39857241800457,34879305.04928218,75.60161635913528,-27.67874857721657,False
Bolivia,BOL,1998,23.39857241800457,34879305.04928218,75.7853232472616,-26.18883315652332,False
Bolivia,BOL,1999,23.39857241800457,34879305.04928218,75.47616706955664,-18.29112358781967,False
Bolivia,BOL,2000,23.39857241800457,34879305.04928218,49.53885920745446,-49.65055995397464,False
Bolivia,BOL,2001,23.39857241800457,34879305.04928218,75.71642908720267,-82.38244013822987,False
Bolivia,BOL,2002,23.39857241800457,34879305.04928218,79.93309046660545,-73.49017705554213,False
Bolivia,BOL,2003,23.39857241800457,34879305.04928218,82.20609257536256,-94.16114984771046,False
Bolivia,BOL,2004,23.39857241800457,34879305.04928218,80.72524431681082,-145.6214661243923,False
Bolivia,BOL,2005,23.39857241800457,34879305.04928218,81.42672036041088,-163.5935272985599,False
Bolivia,BOL,2006,23.39857241800457,34879305.04928218,49.53885920745446,-171.3239739962841,False
Bolivia,BOL,2007,23.39857241800457,34879305.04928218,78.66881927779474,-180.9114099182846,False
Bolivia,BOL,2008,23.39857241800457,34879305.04928218,82.54673266955756,-183.6103567055478,False
Bolivia,BOL,2009,23.39857241800457,34879305.04928218,80.89791464234882,-136.6046407581397,False
Bolivia,BOL,2010,23.39857241800457,34879305.04928218,82.61972620273393,-148.3516401096532,False
Bolivia,BOL,2011,23.39857241800457,34879305.04928218,81.97732686721415,-148.4392473719524,False
Bolivia,BOL,2012,23.39857241800457,34879305.04928218,87.59290142808585,-160.6380506696789,False
Bolivia,BOL,2013,23.39857241800457,34879305.04928218,87.92087260369735,-191.9922505650636,False
Bolivia,BOL,2014,23.39857241800457,34879305.04928218,85.3059420172082,-179.2004510395412,False
Bolivia,BOL,2015,23.39857241800457,34879305.04928218,43.45609028129589,-174.5838243853285,False
Bolivia,BOL,2016,23.39857241800457,34879305.04928218,0.0,-149.6001338372339,False
Bolivia,BOL,2017,23.39857241800457,34879305.04928218,0.0,-132.5560854043881,False
Bolivia,BOL,2018,23.39857241800457,34879305.04928218,0.0,-114.9563406232478,False
Bolivia,BOL,2019,23.39857241800457,34879305.04928218,0.0,-90.75416465165064,False
Bolivia,BOL,2020,23.39857241800457,34879305.04928218,0.0,-119.8612182432239,False
Bolivia,BOL,2021,23.39857241800457,34879305.04928218,0.0,-95.16705167975758,False
Bolivia,BOL,2022,23.39857241800457,34879305.04928218,0.0,-67.33390477983619,False
Bolivia,BOL,2023,23.39857241800457,34879305.04928218,0.0,-37.96310870035779,False
Bosnia and Herzegovina,BIH,1990,23.39857241800457,34879305.04928218,93.924517438123,-37.96310870035779,False
Bosnia and Herzegovina,BIH,1991,23.39857241800457,34879305.04928218,93.78111896637616,31.90026770724623,False
Bosnia and Herzegovina,BIH,1992,23.39857241800457,34879305.04928218,91.17077355866896,18.49797872968664,False
Bosnia and Herzegovina,BIH,1993,23.39857241800457,34879305.04928218,89.58437546122819,16.43543429370487,False
Bosnia and Herzegovina,BIH,1994,23.39857241800457,34879305.04928218,67.39512509694798,49.74951317344332,False
Bosnia and Herzegovina,BIH,1995,23.39857241800457,34879305.04928218,67.98272830333354,47.8755714696763,False
Bosnia and Herzegovina,BIH,1996,23.39857241800457,34879305.04928218,72.99408188859884,38.67798001915979,False
Bosnia and Herzegovina,BIH,1997,23.39857241800457,34879305.04928218,84.74509417865436,21.84577471655626,False
Bosnia and Herzegovina,BIH,1998,23.39857241800457,34879305.04928218,85.61256026874402,24.30049854857474,False
Bosnia and Herzegovina,BIH,1999,23.39857241800457,34879305.04928218,84.80466074597136,22.35323795452098,False
Bosnia and Herzegovina,BIH,2000,23.39857241800457,34879305.04928218,87.89339537393592,29.02087718237714,False
Bosnia and Herzegovina,BIH,2001,23.39857241800457,34879305.04928218,87.29579544500595,27.59097190234924,False
Bosnia and Herzegovina,BIH,2002,23.39857241800457,34879305.04928218,87.74936371639053,24.69644405897661,False
Bosnia and Herzegovina,BIH,2003,23.39857241800457,34879305.04928218,88.87655875945944,21.05300307311402,False
Bosnia and Herzegovina,BIH,2004,23.39857241800457,34879305.04928218,89.00046677890687,25.54792377490059,False
Bosnia and Herzegovina,BIH,2005,23.39857241800457,34879305.04928218,88.50918811079632,27.4686633651637,False
Bosnia and Herzegovina,BIH,2006,23.39857241800457,34879305.04928218,90.49182221581152,26.35767558189315,False
Bosnia and Herzegovina,BIH,2007,23.39857241800457,34879305.04928218,91.07041299026302,30.64744184370968,False
Bosnia and Herzegovina,BIH,2008,23.39857241800457,34879305.04928218,92.31808368876574,29.03634200183491,False
Bosnia and Herzegovina,BIH,2009,23.39857241800457,34879305.04928218,92.6039471530521,30.57730279585424,False
Bosnia and Herzegovina,BIH,2010,23.39857241800457,34879305.04928218,91.65236473774635,31.19608197198569,False
Bosnia and Herzegovina,BIH,2011,23.39857241800457,34879305.04928218,93.99600549917618,33.99482571898436,False
Bosnia and Herzegovina,BIH,2012,23.39857241800457,34879305.04928218,91.94742298962142,33.29450273005342,False
Bosnia and Herzegovina,BIH,2013,23.39857241800457,34879305.04928218,92.5037418134298,29.72240828667319,False
Bosnia and Herzegovina,BIH,2014,23.39857241800457,34879305.04928218,49.53885920745446,28.21270545503776,False
Bosnia and Herzegovina,BIH,2015,23.39857241800457,34879305.04928218,85.32545627458347,33.70889948673919,False
Bosnia and Herzegovina,BIH,2016,23.39857241800457,34879305.04928218,0.0,31.55998656555481,False
Bosnia and Herzegovina,BIH,2017,23.39857241800457,34879305.04928218,0.0,34.07643537704101,False
Bosnia and Herzegovina,BIH,2018,23.39857241800457,34879305.04928218,0.0,24.28111440457109,False
Bosnia and Herzegovina,BIH,2019,23.39857241800457,34879305.04928218,0.0,27.39409660758432,False
Bosnia and Herzegovina,BIH,2020,23.39857241800457,34879305.04928218,0.0,25.39344659214721,False
Bosnia and Herzegovina,BIH,2021,23.39857241800457,34879305.04928218,0.0,27.18058599139682,False
Bosnia and Herzegovina,BIH,2022,23.39857241800457,34879305.04928218,0.0,26.36806123085315,False
Bosnia and Herzegovina,BIH,2023,23.39857241800457,34879305.04928218,0.0,24.93204151771064,False
Botswana,BWA,1990,23.39857241800457,34879305.04928218,64.8312970633197,-37.96310870035779,False
Botswana,BWA,1991,23.39857241800457,34879305.04928218,62.16367296454467,-37.96310870035779,False
Botswana,BWA,1992,23.39857241800457,34879305.04928218,65.30620584256064,-37.96310870035779,False
Botswana,BWA,1993,23.39857241800457,34879305.04928218,63.96384571523611,-37.96310870035779,False
Botswana,BWA,1994,23.39857241800457,34879305.04928218,61.95157836138622,-37.96310870035779,False
Botswana,BWA,1995,23.39857241800457,34879305.04928218,63.04975354455339,-37.96310870035779,False
Botswana,BWA,1996,23.39857241800457,34879305.04928218,60.16888286453555,-37.96310870035779,False
Botswana,BWA,1997,23.39857241800457,34879305.04928218,60.6293293440578,-37.96310870035779,False
Botswana,BWA,1998,23.39857241800457,34879305.04928218,63.69850518679188,-37.96310870035779,False
Botswana,BWA,1999,23.39857241800457,34879305.04928218,64.30889659750024,-37.96310870035779,False
Botswana,BWA,2000,23.39857241800457,34879305.04928218,64.75108011165845,-37.96310870035779,False
Botswana,BWA,2001,23.39857241800457,34879305.04928218,64.50909778842646,-37.96310870035779,False
Botswana,BWA,2002,23.39857241800457,34879305.04928218,64.55314040518827,-37.96310870035779,False
Botswana,BWA,2003,23.39857241800457,34879305.04928218,63.45402586911184,-37.96310870035779,False
Botswana,BWA,2004,23.39857241800457,34879305.04928218,61.107889046682,-37.96310870035779,False
Botswana,BWA,2005,23.39857241800457,34879305.04928218,61.83951838107201,-37.96310870035779,False
Botswana,BWA,2006,23.39857241800457,34879305.04928218,62.03200992126797,-37.96310870035779,False
Botswana,BWA,2007,23.39857241800457,34879305.04928218,61.24468057544246,-37.96310870035779,False
Botswana,BWA,2008,23.39857241800457,34879305.04928218,61.96369699725183,-37.96310870035779,False
Botswana,BWA,2009,23.39857241800457,34879305.04928218,58.69012985040792,-37.96310870035779,False
Botswana,BWA,2010,23.39857241800457,34879305.04928218,60.2365535373923,47.9274692159816,False
Botswana,BWA,2011,23.39857241800457,34879305.04928218,57.17216291255871,50.51959380148831,False
Botswana,BWA,2012,23.39857241800457,34879305.04928218,61.5639433028561,46.85462888499952,False
Botswana,BWA,2013,23.39857241800457,34879305.04928218,66.48075479372993,45.52119314910775,False
Botswana,BWA,2014,23.39857241800457,34879305.04928218,70.18368452100503,37.33596179384164,False
Botswana,BWA,2015,23.39857241800457,34879305.04928218,71.89050735483752,34.92968484557184,False
Botswana,BWA,2016,23.39857241800457,34879305.04928218,0.0,36.34592274678122,False
Botswana,BWA,2017,23.39857241800457,34879305.04928218,0.0,31.89868000921669,False
Botswana,BWA,2018,23.39857241800457,34879305.04928218,0.0,30.94901233136181,False
Botswana,BWA,2019,23.39857241800457,34879305.04928218,0.0,33.18623852454292,False
Botswana,BWA,2020,23.39857241800457,34879305.04928218,0.0,30.85958981293685,False
Botswana,BWA,2021,23.39857241800457,34879305.04928218,0.0,30.18161881804168,False
Botswana,BWA,2022,23.39857241800457,34879305.04928218,0.0,23.68177846484724,False
Botswana,BWA,2023,23.39857241800457,34879305.04928218,0.0,-37.96310870035779,False
Brazil,BRA,1990,23.39857241800457,34879305.04928218,51.09437793498278,27.92239067132675,False
Brazil,BRA,1991,23.39857241800457,34879305.04928218,51.86116849895416,27.82639925807483,False
Brazil,BRA,1992,23.39857241800457,34879305.04928218,52.58433669816196,27.48924987700351,False
Brazil,BRA,1993,23.39857241800457,34879305.04928218,53.16092217291538,30.8519374385858,False
Brazil,BRA,1994,23.39857241800457,34879305.04928218,53.15456781870158,30.02315292637175,False
Brazil,BRA,1995,23.39857241800457,34879305.04928218,54.45862954478108,29.91880376949221,False
Brazil,BRA,1996,23.39857241800457,34879305.04928218,56.12779539850828,32.02056359899213,False
Brazil,BRA,1997,23.39857241800457,34879305.04928218,56.54343919958714,31.06006791810005,False
Brazil,BRA,1998,23.39857241800457,34879305.04928218,57.17929577171854,28.4426634602689,False
Brazil,BRA,1999,23.39857241800457,34879305.04928218,57.09880072238364,25.48291585696142,False
Brazil,BRA,2000,23.39857241800457,34879305.04928218,58.00456503864033,23.64120253081005,False
Brazil,BRA,2001,23.39857241800457,34879305.04928218,58.66471884002752,21.06697233516472,False
Brazil,BRA,2002,23.39857241800457,34879305.04928218,56.80512618014987,15.69306562093687,False
Brazil,BRA,2003,23.39857241800457,34879305.04928218,54.32769155703152,12.65043395609634,False
Brazil,BRA,2004,23.39857241800457,34879305.04928218,54.35038301578044,14.98712474478293,False
Brazil,BRA,2005,23.39857241800457,34879305.04928218,53.89205145354315,11.70939190591049,False
Brazil,BRA,2006,32.1479533553,34879305.04928218,53.05367477292489,9.424874417756987,False
Brazil,BRA,2007,33.1066462927,34879305.04928218,52.19524599924164,10.75545068840347,False
Brazil,BRA,2008,34.3241460021,34879305.04928218,52.11265151411087,10.97343667758158,False
Brazil,BRA,2009,30.9489918691,34879305.04928218,50.9013650168232,6.602297026862376,False
Brazil,BRA,2010,32.5248578449,7223103.0,53.03361942675989,9.460563808445462,False
Brazil,BRA,2011,33.6927649007,8037427.0,54.28570306218419,10.70160764370753,False
Brazil,BRA,2012,33.8492400942,8455525.0,56.46581790407876,12.13591702913528,False
Brazil,BRA,2013,35.7414886178,9214483.0,57.72347266838827,15.77992893067468,False
Brazil,BRA,2014,36.5000823136,9436275.0,58.84122016039631,14.22461210493242,False
Brazil,BRA,2015,35.2271001245,9263315.0,20.80804683493314,8.613873325420453,False
Brazil,BRA,2016,34.3248847961,8804079.0,0.0,2.673007029905159,False
Brazil,BRA,2017,35.316179019,9380502.0,0.0,1.14058560979895,False
Brazil,BRA,2018,34.9561709531,10061925.0,0.0,-0.8167540270006334,False
Brazil,BRA,2019,36.2423406857,10704669.0,0.0,-4.059636123530024,False
Brazil,BRA,2020,36.813579733,10450632.0,0.0,-11.16773546212711,False
Brazil,BRA,2021,39.7428613638,11801530.0,0.0,-3.847631074670127,False
Brazil,BRA,2022,23.39857241800457,11683239.0,0.0,-7.287210527579919,False
Brazil,BRA,2023,23.39857241800457,11613563.0,0.0,-13.68089693642535,False
Brazil,BRA,2024,23.39857241800457,13893906.0,0.0,-37.96310870035779,False
British Virgin Islands,VGB,2006,4.0806920567,34879305.04928218,49.53885920745446,-37.96310870035779,False
British Virgin Islands,VGB,2007,2.48126444,34879305.04928218,49.53885920745446,-37.96310870035779,False
British Virgin Islands,VGB,2008,2.48126444,34879305.04928218,49.53885920745446,-37.96310870035779,False
British Virgin Islands,VGB,2009,2.48126444,34879305.04928218,49.53885920745446,-37.96310870035779,False
British Virgin Islands,VGB,2010,3.8231914346,10058.47,49.53885920745446,-37.96310870035779,False
British Virgin Islands,VGB,2011,3.8817657118,24830.92,49.53885920745446,-37.96310870035779,False
British Virgin Islands,VGB,2012,3.8817657118,27154.4,49.53885920745446,-37.96310870035779,False
British Virgin Islands,VGB,2013,3.8817657118,27154.4,49.53885920745446,-37.96310870035779,False
British Virgin Islands,VGB,2014,3.7967385353,27154.4,49.53885920745446,-37.96310870035779,False
British Virgin Islands,VGB,2015,3.8912131758,27221.88,49.53885920745446,-37.96310870035779,False
British Virgin Islands,VGB,2016,5.4285264134,52542.78,49.53885920745446,-37.96310870035779,False
British Virgin Islands,VGB,2017,5.8727039122,49149.42,49.53885920745446,-37.96310870035779,False
British Virgin Islands,VGB,2018,5.8727039122,56317.36,49.53885920745446,-37.96310870035779,False
British Virgin Islands,VGB,2019,6.2067315408,45955.97,49.53885920745446,-37.96310870035779,False
British Virgin Islands,VGB,2020,5.0658437666,34879305.04928218,49.53885920745446,-37.96310870035779,False
British Virgin Islands,VGB,2021,3.0093720424,34879305.04928218,49.53885920745446,-37.96310870035779,False
Brunei Darussalam,BRN,1990,23.39857241800457,34879305.04928218,99.84285770937748,-799.8962956817533,False
Brunei Darussalam,BRN,1991,23.39857241800457,34879305.04928218,99.89428645984752,-737.4753909927987,False
Brunei Darussalam,BRN,1992,23.39857241800457,34879305.04928218,99.9352097211466,-725.0318427876089,False
Brunei Darussalam,BRN,1993,23.39857241800457,34879305.04928218,99.97413830141474,-746.8557657093581,False
Brunei Darussalam,BRN,1994,23.39857241800457,34879305.04928218,99.9747430754132,-830.2639453010597,False
Brunei Darussalam,BRN,1995,23.39857241800457,34879305.04928218,99.97513877641929,-703.3857238499072,False
Brunei Darussalam,BRN,1996,23.39857241800457,34879305.04928218,99.97478359918328,-679.1263314577665,False
Brunei Darussalam,BRN,1997,23.39857241800457,34879305.04928218,99.97551326764072,-635.2757788862529,False
Brunei Darussalam,BRN,1998,23.39857241800457,34879305.04928218,99.97901844050106,-628.172990063234,False
Brunei Darussalam,BRN,1999,23.39857241800457,34879305.04928218,99.97793288901256,-674.546955541237,False
Brunei Darussalam,BRN,2000,23.39857241800457,34879305.04928218,99.9785500560792,-725.6539416760138,False
Brunei Darussalam,BRN,2001,23.39857241800457,34879305.04928218,99.97836033486746,-790.409284617215,False
Brunei Darussalam,BRN,2002,23.39857241800457,34879305.04928218,99.9793603471158,-833.7775613211685,False
Brunei Darussalam,BRN,2003,23.39857241800457,34879305.04928218,99.97866383854785,-739.1433664763242,False
Brunei Darussalam,BRN,2004,23.39857241800457,34879305.04928218,99.97676701219396,-793.869891142742,False
Brunei Darussalam,BRN,2005,23.39857241800457,34879305.04928218,99.9768045994321,-839.5452245346208,False
Brunei Darussalam,BRN,2006,3.7656103003,34879305.04928218,99.97717894497396,-604.86444710482,False
Brunei Darussalam,BRN,2007,3.7343895292,34879305.04928218,99.97774058661436,-539.0971379524668,False
Brunei Darussalam,BRN,2008,3.4648584932,34879305.04928218,99.9775092438545,-488.9166745305286,False
Brunei Darussalam,BRN,2009,4.8143168917,34879305.04928218,99.9773340176557,-511.8917010005873,False
Brunei Darussalam,BRN,2010,5.4022155602,86000.0,99.97670389246537,-472.2280357853467,False
Brunei Darussalam,BRN,2011,4.511415658,101397.0,99.97217641748904,-376.2682812538544,False
Brunei Darussalam,BRN,2012,5.4624683043,116551.0,99.97269612763482,-378.7565542137131,False
Brunei Darussalam,BRN,2013,4.971616732,111817.0,99.97167280176927,-453.0691219642394,False
Brunei Darussalam,BRN,2014,6.2252675568,106168.0,99.97189008815133,-351.3807514513008,False
Brunei Darussalam,BRN,2015,5.9957638583,102798.0,83.97586491721295,-486.2358069392179,False
Brunei Darussalam,BRN,2016,5.937048009,98606.0,0.0,-405.0917844361025,False
Brunei Darussalam,BRN,2017,5.6006432522,104747.0,0.0,-332.1690196465588,False
Brunei Darussalam,BRN,2018,5.2008142797,113125.0,0.0,-339.5788851295877,False
Brunei Darussalam,BRN,2019,6.8665725873,117901.0,0.0,-266.996915982468,False
Brunei Darussalam,BRN,2020,6.5424039905,106174.0,0.0,-245.5638170372688,False
Brunei Darussalam,BRN,2021,6.8470104079,110430.0,0.0,-228.680231494864,False
Brunei Darussalam,BRN,2022,23.39857241800457,104000.0,0.0,-172.5526321578627,False
Brunei Darussalam,BRN,2023,23.39857241800457,99000.0,0.0,-37.96310870035779,False
Bulgaria,BGR,1990,23.39857241800457,34879305.04928218,84.66105090166892,64.1334100978236,False
Bulgaria,BGR,1991,23.39857241800457,34879305.04928218,80.07435277425316,64.52799110719502,False
Bulgaria,BGR,1992,23.39857241800457,34879305.04928218,82.53414196807802,58.00225636090567,False
Bulgaria,BGR,1993,23.39857241800457,34879305.04928218,81.96568958473404,60.3402271811458,False
Bulgaria,BGR,1994,23.39857241800457,34879305.04928218,79.90316147491299,56.82267011460432,False
Bulgaria,BGR,1995,23.39857241800457,34879305.04928218,78.81425896003147,58.77507126252118,False
Bulgaria,BGR,1996,23.39857241800457,34879305.04928218,77.48709333524617,57.43797956092619,False
Bulgaria,BGR,1997,23.39857241800457,34879305.04928218,76.77415186640197,51.71560026513803,False
Bulgaria,BGR,1998,23.39857241800457,34879305.04928218,75.79158041945962,50.53198181623974,False
Bulgaria,BGR,1999,23.39857241800457,34879305.04928218,74.73396314955451,48.71272254975193,False
Bulgaria,BGR,2000,23.39857241800457,34879305.04928218,72.40143939088782,46.8649530070362,False
Bulgaria,BGR,2001,23.39857241800457,34879305.04928218,73.18700432479483,46.67543325601986,False
Bulgaria,BGR,2002,23.39857241800457,34879305.04928218,70.492873864292,47.42117861880322,False
Bulgaria,BGR,2003,23.39857241800457,34879305.04928218,74.11763979181228,47.42864264314664,False
Bulgaria,BGR,2004,23.39857241800457,34879305.04928218,74.00911483860352,49.0600986271616,False
Bulgaria,BGR,2005,23.39857241800457,34879305.04928218,72.92488722788391,48.08007947477518,False
Bulgaria,BGR,2006,7.3118016506,34879305.04928218,72.33620332477564,46.86485913334866,False
Bulgaria,BGR,2007,6.8538003148,34879305.04928218,77.7529226245004,51.98949515202003,False
Bulgaria,BGR,2008,16.5672578526,34879305.04928218,76.1825440627075,53.0049788983809,False
Bulgaria,BGR,2009,5.745420503,34879305.04928218,73.47421343180204,46.38260487590598,False
Bulgaria,BGR,2010,5.9082024528,142611.0,73.8617612563767,40.8526500117372,False
Bulgaria,BGR,2011,5.8534192071,147594.0,75.75637061883272,37.23748233792587,False
Bulgaria,BGR,2012,6.7908561715,169922.0,72.77414295860046,37.35401723075336,False
Bulgaria,BGR,2013,5.8307952883,180446.0,70.50703000610827,39.05392628670825,False
Bulgaria,BGR,2014,10.2351019414,195456.0,71.91611044543731,35.71519267760294,False
Bulgaria,BGR,2015,8.3758816598,201050.0,36.00445404234889,37.13181380284111,False
Bulgaria,BGR,2016,6.4349677657,206111.0,0.0,39.32935663000939,False
Bulgaria,BGR,2017,6.7995213361,228545.0,0.0,40.26677220028601,False
Bulgaria,BGR,2018,7.3381633083,241716.0,0.0,37.37150302830554,False
Bulgaria,BGR,2019,8.0686695272,261934.0,0.0,39.32318329725077,False
Bulgaria,BGR,2020,7.8370165932,254571.0,0.0,38.92174517509752,False
Bulgaria,BGR,2021,7.7842025801,245160.0,0.0,36.89534889569578,False
Bulgaria,BGR,2022,23.39857241800457,254854.0,0.0,37.9626610649135,False
Bulgaria,BGR,2023,23.39857241800457,282160.0,0.0,40.93104581532991,False
Bulgaria,BGR,2024,23.39857241800457,296350.0,49.53885920745446,-37.96310870035779,False
Burkina Faso,BFA,1990,23.39857241800457,34879305.04928218,0.0,-37.96310870035779,False
Burkina Faso,BFA,1991,23.39857241800457,34879305.04928218,0.0,-37.96310870035779,False
Burkina Faso,BFA,1992,23.39857241800457,34879305.04928218,0.0,-37.96310870035779,False
Burkina Faso,BFA,1993,23.39857241800457,34879305.04928218,0.0,-37.96310870035779,False
Burkina Faso,BFA,1994,23.39857241800457,34879305.04928218,0.0,-37.96310870035779,False
Burkina Faso,BFA,1995,23.39857241800457,34879305.04928218,0.0,-37.96310870035779,False
Burkina Faso,BFA,1996,23.39857241800457,34879305.04928218,0.0,-37.96310870035779,False
Burkina Faso,BFA,1997,23.39857241800457,34879305.04928218,0.0,-37.96310870035779,False
Burkina Faso,BFA,1998,23.39857241800457,34879305.04928218,0.0,-37.96310870035779,False
Burkina Faso,BFA,1999,23.39857241800457,34879305.04928218,0.0,-37.96310870035779,False
Burkina Faso,BFA,2000,23.39857241800457,34879305.04928218,0.0,-37.96310870035779,False
Burkina Faso,BFA,2001,23.39857241800457,34879305.04928218,0.0,-37.96310870035779,False
Burkina Faso,BFA,2002,23.39857241800457,34879305.04928218,0.0,-37.96310870035779,False
Burkina Faso,BFA,2003,23.39857241800457,34879305.04928218,0.0,-37.96310870035779,False
Burkina Faso,BFA,2004,23.39857241800457,34879305.04928218,0.0,-37.96310870035779,False
Burkina Faso,BFA,2005,23.39857241800457,34879305.04928218,0.0,-37.96310870035779,False
Burkina Faso,BFA,2006,23.39857241800457,34879305.04928218,0.0,-37.96310870035779,False
Burkina Faso,BFA,2007,23.39857241800457,34879305.04928218,0.0,-37.96310870035779,False
Burkina Faso,BFA,2008,23.39857241800457,34879305.04928218,0.0,-37.96310870035779,False
Burkina Faso,BFA,2009,23.39857241800457,34879305.04928218,0.0,-37.96310870035779,False
Burkina Faso,BFA,2010,23.39857241800457,34879305.04928218,0.0,-37.96310870035779,False
Burkina Faso,BFA,2011,23.39857241800457,34879305.04928218,0.0,-37.96310870035779,False
Burkina Faso,BFA,2012,23.39857241800457,34879305.04928218,0.0,-37.96310870035779,False
Burkina Faso,BFA,2013,23.39857241800457,34879305.04928218,0.0,-37.96310870035779,False
Burkina Faso,BFA,2014,23.39857241800457,34879305.04928218,0.0,-37.96310870035779,False
Burkina Faso,BFA,2015,23.39857241800457,34879305.04928218,0.0,-37.96310870035779,False
Burkina Faso,BFA,2016,23.39857241800457,34879305.04928218,0.0,-37.96310870035779,False
Burkina Faso,BFA,2017,23.39857241800457,34879305.04928218,0.0,-37.96310870035779,False
Burkina Faso,BFA,2018,23.39857241800457,34879305.04928218,0.0,-37.96310870035779,False
Burkina Faso,BFA,2019,23.39857241800457,34879305.04928218,0.0,-37.96310870035779,False
Burkina Faso,BFA,2020,23.39857241800457,34879305.04928218,0.0,-37.96310870035779,False
Burkina Faso,BFA,2021,23.39857241800457,34879305.04928218,0.0,-37.96310870035779,False
Burkina Faso,BFA,2022,23.39857241800457,34879305.04928218,0.0,-37.96310870035779,False
Burkina Faso,BFA,2023,23.39857241800457,34879305.04928218,0.0,-37.96310870035779,False
Cabo Verde,CPV,1990,23.39857241800457,34879305.04928218,0.0,-37.96310870035779,False
Cabo Verde,CPV,2004,23.39857241800457,34879305.04928218,0.0,-37.96310870035779,False
Cabo Verde,CPV,2005,23.39857241800457,34879305.04928218,0.0,-37.96310870035779,False
Cabo Verde,CPV,2006,5.1930177726,34879305.04928218,0.0,-37.96310870035779,False
Cabo Verde,CPV,2007,4.069604485,34879305.04928218,0.0,-37.96310870035779,False
Cabo Verde,CPV,2008,6.2498936208,34879305.04928218,49.53885920745446,-37.96310870035779,False
Cabo Verde,CPV,2009,4.9682149637,34879305.04928218,49.53885920745446,-37.96310870035779,False
Cabo Verde,CPV,2010,4.8430530761,54873.0,49.53885920745446,-37.96310870035779,False
Cabo Verde,CPV,2011,5.8011277338,55976.0,49.53885920745446,-37.96310870035779,False
Cabo Verde,CPV,2012,5.3971352215,49207.0,49.53885920745446,-37.96310870035779,False
Cabo Verde,CPV,2013,4.1834434759,49084.0,49.53885920745446,-37.96310870035779,False
Cabo Verde,CPV,2014,4.5010552087,54112.0,49.53885920745446,-37.96310870035779,False
Cabo Verde,CPV,2015,5.0580999474,52789.0,49.53885920745446,-37.96310870035779,False
Cabo Verde,CPV,2016,4.828645253,62112.0,49.53885920745446,-37.96310870035779,False
Cabo Verde,CPV,2017,5.9937333531,74554.0,49.53885920745446,-37.96310870035779,False
Cabo Verde,CPV,2018,5.895069048,84041.0,49.53885920745446,-37.96310870035779,False
Cabo Verde,CPV,2019,5.8177707026,91683.0,49.53885920745446,-37.96310870035779,False
Cabo Verde,CPV,2020,4.2314954429,76139.0,49.53885920745446,-37.96310870035779,False
Cabo Verde,CPV,2021,4.2289533634,79754.0,49.53885920745446,-37.96310870035779,False
Cabo Verde,CPV,2022,23.39857241800457,82871.0,49.53885920745446,-37.96310870035779,False
Cabo Verde,CPV,2023,23.39857241800457,83828.0,49.53885920745446,-37.96310870035779,False
Cabo Verde,CPV,2024,23.39857241800457,89382.0,49.53885920745446,-37.96310870035779,False
Cambodia,KHM,1995,23.39857241800457,34879305.04928218,18.07521946079187,-37.96310870035779,False
Cambodia,KHM,1996,23.39857241800457,34879305.04928218,18.25244750231575,-37.96310870035779,False
Cambodia,KHM,1997,23.39857241800457,34879305.04928218,18.53191661564921,-37.96310870035779,False
Cambodia,KHM,1998,23.39857241800457,34879305.04928218,19.53074596198525,-37.96310870035779,False
Cambodia,KHM,1999,23.39857241800457,34879305.04928218,20.13979948063093,-37.96310870035779,False
Cambodia,KHM,2000,23.39857241800457,34879305.04928218,20.38866593591634,-37.96310870035779,False
Cambodia,KHM,2001,23.39857241800457,34879305.04928218,21.23533128727852,-37.96310870035779,False
Cambodia,KHM,2002,23.39857241800457,34879305.04928218,21.26517482792492,-37.96310870035779,False
Cambodia,KHM,2003,23.39857241800457,34879305.04928218,22.36214719506973,-37.96310870035779,False
Cambodia,KHM,2004,23.39857241800457,34879305.04928218,22.38759942917986,-37.96310870035779,False
Cambodia,KHM,2005,23.39857241800457,34879305.04928218,24.28148617385649,-37.96310870035779,False
Cambodia,KHM,2006,4.5814181384,34879305.04928218,25.53954326573745,-37.96310870035779,False
Cambodia,KHM,2007,5.0543646046,34879305.04928218,27.77882192069297,-37.96310870035779,False
Cambodia,KHM,2008,4.6373910356,34879305.04928218,27.41693424162621,-37.96310870035779,False
Cambodia,KHM,2009,4.3521638223,34879305.04928218,31.92808873634286,-37.96310870035779,False
Cambodia,KHM,2010,5.9994747697,222928.0,33.98315227001684,-37.96310870035779,False
Cambodia,KHM,2011,5.6977016942,237941.0,33.57098105214769,-37.96310870035779,False
Cambodia,KHM,2012,5.2852173554,255378.0,33.60669863497337,-37.96310870035779,False
Cambodia,KHM,2013,6.1619022042,286450.0,33.30217576314026,-37.96310870035779,False
Cambodia,KHM,2014,6.7276872881,330000.0,35.18777346986213,-37.96310870035779,False
Cambodia,KHM,2015,8.7813995513,392000.0,42.38269713167642,-37.96310870035779,False
Cambodia,KHM,2016,8.7942186903,400187.0,0.0,-37.96310870035779,False
Cambodia,KHM,2017,8.046164135,459835.0,0.0,-37.96310870035779,False
Cambodia,KHM,2018,8.5656949434,537107.0,0.0,-37.96310870035779,False
Cambodia,KHM,2019,8.1395779774,639211.0,0.0,-37.96310870035779,False
Cambodia,KHM,2020,9.3621973016,641842.0,0.0,60.58680139561783,False
Cambodia,KHM,2021,8.1260985113,732387.0,0.0,58.93130799413954,False
Cambodia,KHM,2022,23.39857241800457,750148.0,0.0,-37.96310870035779,False
Cambodia,KHM,2023,23.39857241800457,797778.0,0.0,-37.96310870035779,False
Cambodia,KHM,2024,23.39857241800457,1030000.0,49.53885920745446,-37.96310870035779,False
Cameroon,CMR,1990,23.39857241800457,34879305.04928218,18.70794014585209,-122.1473195663744,False
Cameroon,CMR,1991,23.39857241800457,34879305.04928218,17.38610197016939,-114.0585305164989,False
Cameroon,CMR,1992,23.39857241800457,34879305.04928218,16.10826758423694,-112.0799883502991,False
Cameroon,CMR,1993,23.39857241800457,34879305.04928218,16.65185061179617,-97.98822263487908,False
Cameroon,CMR,1994,23.39857241800457,34879305.04928218,16.90210880752597,-89.59744795871812,False
Cameroon,CMR,1995,23.39857241800457,34879305.04928218,16.07191899670919,-76.60785675163991,False
Cameroon,CMR,1996,23.39857241800457,34879305.04928218,15.68728877422588,-77.33002251636132,False
Cameroon,CMR,1997,23.39857241800457,34879305.04928218,16.04263295263307,-82.91280208748245,False
Cameroon,CMR,1998,23.39857241800457,34879305.04928218,16.25015791087445,-86.70509953295769,False
Cameroon,CMR,1999,23.39857241800457,34879305.04928218,14.55386334474337,-80.50566005183644,False
Cameroon,CMR,2000,23.39857241800457,34879305.04928218,16.2026977455823,-75.23112104047736,False
Cameroon,CMR,2001,23.39857241800457,34879305.04928218,15.42417692770925,-65.99305571045142,False
Cameroon,CMR,2002,23.39857241800457,34879305.04928218,15.2992618537887,-65.53434966034028,False
Cameroon,CMR,2003,23.39857241800457,34879305.04928218,16.09871890116506,-57.26799379120367,False
Cameroon,CMR,2004,23.39857241800457,34879305.04928218,16.11994031476971,-51.69294136224857,False
Cameroon,CMR,2005,23.39857241800457,34879305.04928218,14.78368682112825,-48.45374958381483,False
Cameroon,CMR,2006,14.5301604248,34879305.04928218,16.95520519149991,-51.02465679829209,False
Cameroon,CMR,2007,14.2537067958,34879305.04928218,28.75680031055853,-48.75326311999273,False
Cameroon,CMR,2008,15.3459155095,34879305.04928218,27.49680833844494,-48.3089254975444,False
Cameroon,CMR,2009,15.2692764406,34879305.04928218,30.7383092227732,-31.55240861360783,False
Cameroon,CMR,2010,14.5169036808,290000.0,30.99606251935051,-23.20088383020377,False
Cameroon,CMR,2011,16.7353542548,333834.0,27.176574941568,-13.25885136980054,False
Cameroon,CMR,2012,16.5792427676,351099.0,31.83446894825435,-15.07492006761953,False
Cameroon,CMR,2013,16.2851776808,339268.0,32.40818280478361,-18.26281881668804,False
Cameroon,CMR,2014,16.7541583881,333555.0,33.42830766903305,-19.66462871565234,False
Cameroon,CMR,2015,13.5363213846,379915.0,4.345270038107719,-27.96178791721228,False
Cameroon,CMR,2016,16.780951793,370000.0,0.0,-27.95279899611323,False
Cameroon,CMR,2017,15.3811266707,386367.0,0.0,-20.56483420659346,False
Cameroon,CMR,2018,24.4495545809,378758.0,0.0,-24.0501452632405,False
Cameroon,CMR,2019,15.4146205335,370493.0,0.0,-31.90338416469076,False
Cameroon,CMR,2020,18.9457722405,421854.0,0.0,-31.24340493687595,False
Cameroon,CMR,2021,18.5331935606,360512.0,0.0,-29.76319961654746,False
Cameroon,CMR,2022,23.39857241800457,338412.0,0.0,-28.71268413212045,False
Cameroon,CMR,2023,23.39857241800457,348470.0,0.0,-37.96310870035779,False
Cameroon,CMR,2024,23.39857241800457,350000.0,49.53885920745446,-37.96310870035779,False
Canada,CAN,1990,23.39857241800457,34879305.04928218,73.495139794671,-28.0351089159291,False
Canada,CAN,1991,23.39857241800457,34879305.04928218,72.17830581741872,-36.1795825245223,False
Canada,CAN,1992,23.39857241800457,34879305.04928218,73.28896893543254,-38.80462967435083,False
Canada,CAN,1993,23.39857241800457,34879305.04928218,72.4622158778123,-42.0525825516017,False
Canada,CAN,1994,23.39857241800457,34879305.04928218,71.57402455358219,-46.18520286859789,False
Canada,CAN,1995,23.39857241800457,34879305.04928218,72.38105328999669,-51.0818153921126,False
Canada,CAN,1996,23.39857241800457,34879305.04928218,73.07829498846944,-50.42806480448006,False
Canada,CAN,1997,23.39857241800457,34879305.04928218,74.61333822656164,-50.46386333589257,False
Canada,CAN,1998,23.39857241800457,34879305.04928218,75.74162992957183,-52.13806821312671,False
Canada,CAN,1999,23.39857241800457,34879305.04928218,75.54351941594366,-49.87393600995528,False
Canada,CAN,2000,23.39857241800457,34879305.04928218,76.47575936497252,-50.58951923326246,False
Canada,CAN,2001,23.39857241800457,34879305.04928218,76.52726586278253,-51.79060450639101,False
Canada,CAN,2002,23.39857241800457,34879305.04928218,75.64270699269609,-54.76245198274123,False
Canada,CAN,2003,23.39857241800457,34879305.04928218,76.90034029166526,-49.26913384654303,False
Canada,CAN,2004,23.39857241800457,34879305.04928218,75.96081831613087,-50.38979446567448,False
Canada,CAN,2005,23.39857241800457,34879305.04928218,76.21881159242184,-47.97710084457538,False
Canada,CAN,2006,32.8073882922,34879305.04928218,72.90413559050603,-50.42876072097586,False
Canada,CAN,2007,33.2097943621,34879305.04928218,73.45770128477812,-54.59004884689313,False
Canada,CAN,2008,35.3923476425,34879305.04928218,75.97045571809757,-52.7925580751696,False
Canada,CAN,2009,36.7282155509,34879305.04928218,76.04636978611549,-52.91117037312627,False
Canada,CAN,2010,37.8180021377,4670790.0,76.64078275312879,-55.14223848771851,False
Canada,CAN,2011,35.1853612741,4735750.0,76.5825123037239,-56.29299600982957,False
Canada,CAN,2012,36.6596831177,5125601.0,75.37327376969446,-59.75225498929932,False
Canada,CAN,2013,39.2637590529,5260202.0,73.89261974822902,-65.70481306192124,False
Canada,CAN,2014,38.3650340513,5447571.0,74.3072940366545,-66.69667521929176,False
Canada,CAN,2015,44.3956624888,5828525.0,73.51674296793082,-68.42215597041299,False
Canada,CAN,2016,43.6191683407,5727822.0,0.0,-69.11730460880715,False
Canada,CAN,2017,45.2751434238,6377236.0,0.0,-71.73147257724237,False
Canada,CAN,2018,45.3850805038,6763247.0,0.0,-75.00340020360974,False
Canada,CAN,2019,44.7617136022,7000133.0,0.0,-75.76917616283505,False
Canada,CAN,2020,47.2290853849,6298023.0,0.0,-79.70398217192587,False
Canada,CAN,2021,48.8423676104,7169607.0,0.0,-87.58213628761527,False
Canada,CAN,2022,23.39857241800457,7075877.0,0.0,-89.48809483335029,False
Canada,CAN,2023,23.39857241800457,6102646.0,0.0,-89.62608130609595,False
Canada,CAN,2024,23.39857241800457,6394038.0,0.0,-37.96310870035779,False
Caribbean small states,CSS,1971,23.39857241800457,34879305.04928218,98.55771855644475,-37.96310870035779,True
Caribbean small states,CSS,1972,23.39857241800457,34879305.04928218,98.50659368150184,-37.96310870035779,True
Caribbean small states,CSS,1973,23.39857241800457,34879305.04928218,99.07335649815764,-37.96310870035779,True
Caribbean small states,CSS,1974,23.39857241800457,34879305.04928218,98.65988188954309,-37.96310870035779,True
Caribbean small states,CSS,1975,23.39857241800457,34879305.04928218,98.58966720901952,-37.96310870035779,True
Caribbean small states,CSS,1976,23.39857241800457,34879305.04928218,98.55013709938969,-37.96310870035779,True
Caribbean small states,CSS,1977,23.39857241800457,34879305.04928218,98.78726446189012,-37.96310870035779,True
Caribbean small states,CSS,1978,23.39857241800457,34879305.04928218,99.02932961491004,-37.96310870035779,True
Caribbean small states,CSS,1979,23.39857241800457,34879305.04928218,99.08979734259132,-37.96310870035779,True
Caribbean small states,CSS,1980,23.39857241800457,34879305.04928218,99.21458835835251,-37.96310870035779,True
Caribbean small states,CSS,1981,23.39857241800457,34879305.04928218,99.28962583565286,-37.96310870035779,True
Caribbean small states,CSS,1982,23.39857241800457,34879305.04928218,99.28680016486491,-37.96310870035779,True
Caribbean small states,CSS,1983,23.39857241800457,34879305.04928218,99.30286749432076,-37.96310870035779,True
Caribbean small states,CSS,1984,23.39857241800457,34879305.04928218,99.3849683627592,-37.96310870035779,True
Caribbean small states,CSS,1985,23.39857241800457,34879305.04928218,99.1678766849898,-37.96310870035779,True
Caribbean small states,CSS,1986,23.39857241800457,34879305.04928218,98.8829667177154,-37.96310870035779,True
Caribbean small states,CSS,1987,23.39857241800457,34879305.04928218,98.65157919315668,-37.96310870035779,True
Caribbean small states,CSS,1988,23.39857241800457,34879305.04928218,98.9382568192821,-37.96310870035779,True
Caribbean small states,CSS,1989,23.39857241800457,34879305.04928218,98.96742808251348,-37.96310870035779,True
Caribbean small states,CSS,1990,23.39857241800457,34879305.04928218,76.76831996851318,-106.6445182724252,True
Caribbean small states,CSS,1991,23.39857241800457,34879305.04928218,98.99527199604968,-99.25641159404016,True
Caribbean small states,CSS,1992,23.39857241800457,34879305.04928218,99.08363143539071,-86.90617858994112,True
Caribbean small states,CSS,1993,23.39857241800457,34879305.04928218,49.53885920745446,-90.7420325751282,True
Caribbean small states,CSS,1994,23.39857241800457,34879305.04928218,49.53885920745446,-99.49559369202224,True
Caribbean small states,CSS,1995,23.39857241800457,34879305.04928218,49.53885920745446,-103.8405652468964,True
Caribbean small states,CSS,1996,23.39857241800457,34879305.04928218,98.3176161379899,-69.80753301174293,True
Caribbean small states,CSS,1997,23.39857241800457,34879305.04928218,89.70935138196499,-65.75982983436539,True
Caribbean small states,CSS,1998,23.39857241800457,34879305.04928218,96.63485751130628,-69.07434463973779,True
Caribbean small states,CSS,1999,23.39857241800457,34879305.04928218,99.50835909812764,-68.86608166391626,True
Caribbean small states,CSS,2000,23.39857241800457,34879305.04928218,97.0430540598577,-81.48515899230182,True
Caribbean small states,CSS,2001,23.39857241800457,34879305.04928218,98.0952620285323,-70.7196272739509,True
Caribbean small states,CSS,2002,23.39857241800457,34879305.04928218,98.31565598987244,-84.69708302169074,True
Caribbean small states,CSS,2003,23.39857241800457,34879305.04928218,97.91136051099966,-114.02456397159,True
Caribbean small states,CSS,2004,23.39857241800457,34879305.04928218,49.53885920745446,-121.7341711325087,True
Caribbean small states,CSS,2005,23.39857241800457,34879305.04928218,87.39594533108085,-105.9392604527327,True
Caribbean small states,CSS,2006,23.39857241800457,34879305.04928218,49.53885920745446,-116.9937711345704,True
Caribbean small states,CSS,2007,23.39857241800457,34879305.04928218,49.53885920745446,-108.3218582689008,True
Caribbean small states,CSS,2008,23.39857241800457,34879305.04928218,49.53885920745446,-113.6817017501893,True
Caribbean small states,CSS,2009,23.39857241800457,34879305.04928218,49.53885920745446,-116.5653431253195,True
Caribbean small states,CSS,2010,23.39857241800457,2082581.5,49.53885920745446,-108.6424693035308,True
Caribbean small states,CSS,2011,23.39857241800457,2082277.0,49.53885920745446,-97.41935782513222,True
Caribbean small states,CSS,2012,23.39857241800457,2201538.0,98.66719868900836,-99.66631937934426,True
Caribbean small states,CSS,2013,23.39857241800457,2411647.0,49.53885920745446,-97.70340011784091,True
Caribbean small states,CSS,2014,23.39857241800457,2447464.0,97.06688231312376,-93.89618832190796,True
Caribbean small states,CSS,2015,23.39857241800457,2397450.0,57.75330811617616,-86.57664316921148,True
Caribbean small states,CSS,2016,23.39857241800457,2102717.0,0.0,-81.98267264598316,True
Caribbean small states,CSS,2017,23.39857241800457,1764394.0,0.0,-83.804587673834,True
Caribbean small states,CSS,2018,23.39857241800457,2063791.5,0.0,-93.45637065014095,True
Caribbean small states,CSS,2019,23.39857241800457,2409594.25,0.0,-93.37788362287957,True
Caribbean small states,CSS,2020,23.39857241800457,2254742.375,0.0,-90.8600192262448,True
Caribbean small states,CSS,2021,23.39857241800457,2581532.0,0.0,-61.46254157813575,True
Caribbean small states,CSS,2022,23.39857241800457,2560779.0,0.0,-69.23053365214992,True
Caribbean small states,CSS,2023,23.39857241800457,2327876.0,0.0,-37.96310870035779,True
Cayman Islands,CYM,2006,2.2829859304,34879305.04928218,49.53885920745446,-37.96310870035779,False
Cayman Islands,CYM,2007,2.2814309439,34879305.04928218,49.53885920745446,-37.96310870035779,False
Cayman Islands,CYM,2008,1.7430266417,34879305.04928218,49.53885920745446,-37.96310870035779,False
Cayman Islands,CYM,2009,2.1632597852,34879305.04928218,49.53885920745446,-37.96310870035779,False
Cayman Islands,CYM,2010,1.7430266417,45649.0,49.53885920745446,-37.96310870035779,False
Cayman Islands,CYM,2011,2.2711356133,44766.0,49.53885920745446,-37.96310870035779,False
Cayman Islands,CYM,2012,2.0087953502,45400.0,49.53885920745446,-37.96310870035779,False
Cayman Islands,CYM,2013,2.0087953502,46118.0,49.53885920745446,-37.96310870035779,False
Cayman Islands,CYM,2014,2.0087953502,46720.0,49.53885920745446,-37.96310870035779,False
Cayman Islands,CYM,2015,1.5979402421,54607.0,49.53885920745446,-37.96310870035779,False
Cayman Islands,CYM,2016,1.6547733144,60718.0,49.53885920745446,-37.96310870035779,False
Cayman Islands,CYM,2017,1.6547733144,61940.0,49.53885920745446,-37.96310870035779,False
Cayman Islands,CYM,2018,1.4738093261,34879305.04928218,49.53885920745446,-37.96310870035779,False
Cayman Islands,CYM,2019,1.8849115809,34879305.04928218,49.53885920745446,-37.96310870035779,False
Cayman Islands,CYM,2020,2.0403402784,34879305.04928218,49.53885920745446,-37.96310870035779,False
Cayman Islands,CYM,2021,2.0403402784,34879305.04928218,49.53885920745446,-37.96310870035779,False
Cayman Islands,CYM,2022,23.39857241800457,40829.0,49.53885920745446,-37.96310870035779,False
Cayman Islands,CYM,2024,23.39857241800457,46658.0,49.53885920745446,-37.96310870035779,False
Central Europe and the Baltics,CEB,1960,23.39857241800457,34879305.04928218,98.2469031231268,-37.96310870035779,True
Central Europe and the Baltics,CEB,1961,23.39857241800457,34879305.04928218,98.30405988617062,-37.96310870035779,True
Central Europe and the Baltics,CEB,1962,23.39857241800457,34879305.04928218,98.39621714892378,-37.96310870035779,True
Central Europe and the Baltics,CEB,1963,23.39857241800457,34879305.04928218,98.42085721457045,-37.96310870035779,True
Central Europe and the Baltics,CEB,1964,23.39857241800457,34879305.04928218,98.51842370724432,-37.96310870035779,True
Central Europe and the Baltics,CEB,1965,23.39857241800457,34879305.04928218,97.81227335823384,-37.96310870035779,True
Central Europe and the Baltics,CEB,1966,23.39857241800457,34879305.04928218,97.80813345516523,-37.96310870035779,True
Central Europe and the Baltics,CEB,1967,23.39857241800457,34879305.04928218,97.73769234204674,-37.96310870035779,True
Central Europe and the Baltics,CEB,1968,23.39857241800457,34879305.04928218,97.8430604575384,-37.96310870035779,True
Central Europe and the Baltics,CEB,1969,23.39857241800457,34879305.04928218,97.69032809473684,-37.96310870035779,True
Central Europe and the Baltics,CEB,1970,23.39857241800457,34879305.04928218,97.99588636411976,-37.96310870035779,True
Central Europe and the Baltics,CEB,1971,23.39857241800457,34879305.04928218,97.75131941395898,-37.96310870035779,True
Central Europe and the Baltics,CEB,1972,23.39857241800457,34879305.04928218,97.6455940209928,-37.96310870035779,True
Central Europe and the Baltics,CEB,1973,23.39857241800457,34879305.04928218,97.75988318158448,-37.96310870035779,True
Central Europe and the Baltics,CEB,1974,23.39857241800457,34879305.04928218,97.52833947666004,-37.96310870035779,True
Central Europe and the Baltics,CEB,1975,23.39857241800457,34879305.04928218,97.5478641117396,-37.96310870035779,True
Central Europe and the Baltics,CEB,1976,23.39857241800457,34879305.04928218,97.46301961334476,-37.96310870035779,True
Central Europe and the Baltics,CEB,1977,23.39857241800457,34879305.04928218,96.9485330566004,-37.96310870035779,True
Central Europe and the Baltics,CEB,1978,23.39857241800457,34879305.04928218,97.247835293646,-37.96310870035779,True
Central Europe and the Baltics,CEB,1979,23.39857241800457,34879305.04928218,97.48717968997,-37.96310870035779,True
Central Europe and the Baltics,CEB,1980,23.39857241800457,34879305.04928218,97.11355254471654,-37.96310870035779,True
Central Europe and the Baltics,CEB,1981,23.39857241800457,34879305.04928218,96.55742895871144,-37.96310870035779,True
Central Europe and the Baltics,CEB,1982,23.39857241800457,34879305.04928218,96.55668897906584,-37.96310870035779,True
Central Europe and the Baltics,CEB,1983,23.39857241800457,34879305.04928218,96.2190621767041,-37.96310870035779,True
Central Europe and the Baltics,CEB,1984,23.39857241800457,34879305.04928218,95.7460392601338,-37.96310870035779,True
Central Europe and the Baltics,CEB,1985,23.39857241800457,34879305.04928218,95.01893745099947,-37.96310870035779,True
Central Europe and the Baltics,CEB,1986,23.39857241800457,34879305.04928218,94.51202461249032,-37.96310870035779,True
Central Europe and the Baltics,CEB,1987,23.39857241800457,34879305.04928218,94.02746948498982,-37.96310870035779,True
Central Europe and the Baltics,CEB,1988,23.39857241800457,34879305.04928218,93.297837390067,-37.96310870035779,True
Central Europe and the Baltics,CEB,1989,23.39857241800457,34879305.04928218,93.22472288932786,-37.96310870035779,True
Central Europe and the Baltics,CEB,1990,23.39857241800457,34879305.04928218,89.05716359111645,31.83836917560225,True
Central Europe and the Baltics,CEB,1991,23.39857241800457,34879305.04928218,88.36712297714375,29.12077550978528,True
Central Europe and the Baltics,CEB,1992,23.39857241800457,34879305.04928218,88.66664252826156,27.14516409205193,True
Central Europe and the Baltics,CEB,1993,23.39857241800457,34879305.04928218,87.55828887059556,26.41136335087725,True
Central Europe and the Baltics,CEB,1994,23.39857241800457,34879305.04928218,86.79557200012422,25.85369476690362,True
Central Europe and the Baltics,CEB,1995,23.39857241800457,34879305.04928218,86.66313439855206,27.06013624247017,True
Central Europe and the Baltics,CEB,1996,23.39857241800457,34879305.04928218,86.17137126680277,29.76011537792812,True
Central Europe and the Baltics,CEB,1997,23.39857241800457,34879305.04928218,85.67835381811176,29.73906657610426,True
Central Europe and the Baltics,CEB,1998,23.39857241800457,34879305.04928218,85.37561589264884,30.4961102991323,True
Central Europe and the Baltics,CEB,1999,23.39857241800457,34879305.04928218,85.02461647129957,29.55507322685236,True
Central Europe and the Baltics,CEB,2000,23.39857241800457,34879305.04928218,84.55369889040924,29.68332560910161,True
Central Europe and the Baltics,CEB,2001,23.39857241800457,34879305.04928218,84.43613708634656,30.09250267756696,True
Central Europe and the Baltics,CEB,2002,23.39857241800457,34879305.04928218,83.78283818550337,31.02554536637477,True
Central Europe and the Baltics,CEB,2003,23.39857241800457,34879305.04928218,83.79518046277207,32.09086265814073,True
Central Europe and the Baltics,CEB,2004,23.39857241800457,34879305.04928218,83.08808463392619,33.65104602670432,True
Central Europe and the Baltics,CEB,2005,23.39857241800457,34879305.04928218,82.80785109660401,35.14491819455392,True
Central Europe and the Baltics,CEB,2006,23.39857241800457,34879305.04928218,83.01126641656074,35.71229463629606,True
Central Europe and the Baltics,CEB,2007,23.39857241800457,34879305.04928218,82.62311630199083,37.88901903886452,True
Central Europe and the Baltics,CEB,2008,23.39857241800457,34879305.04928218,81.46148237335429,39.71761343820698,True
Central Europe and the Baltics,CEB,2009,23.39857241800457,34879305.04928218,79.74533428417413,37.39985483513941,True
Central Europe and the Baltics,CEB,2010,23.39857241800457,2938187.0,79.57548774631174,36.66783694779198,True
Central Europe and the Baltics,CEB,2011,23.39857241800457,3804520.0,79.46330179062825,37.46816768398724,True
Central Europe and the Baltics,CEB,2012,23.39857241800457,4230152.0,77.99398598414959,36.05150161175904,True
Central Europe and the Baltics,CEB,2013,23.39857241800457,4639965.0,76.82174515212412,33.65955907812848,True
Central Europe and the Baltics,CEB,2014,23.39857241800457,4965671.0,75.90848547195593,35.32095493479012,True
Central Europe and the Baltics,CEB,2015,23.39857241800457,4732259.0,64.71344173974137,35.87093639499781,True
Central Europe and the Baltics,CEB,2016,23.39857241800457,5076244.0,0.0,37.08701801600785,True
Central Europe and the Baltics,CEB,2017,23.39857241800457,5661145.0,0.0,41.85465994180682,True
Central Europe and the Baltics,CEB,2018,23.39857241800457,6497688.0,0.0,43.21633582509345,True
Central Europe and the Baltics,CEB,2019,23.39857241800457,6676099.0,0.0,47.39233040910269,True
Central Europe and the Baltics,CEB,2020,23.39857241800457,6445797.0,0.0,43.40852790860171,True
Central Europe and the Baltics,CEB,2021,23.39857241800457,6769300.0,0.0,42.41836421806519,True
Central Europe and the Baltics,CEB,2022,23.39857241800457,7458394.0,0.0,47.40181300055967,True
Central Europe and the Baltics,CEB,2023,23.39857241800457,7470068.0,0.0,46.58400655987875,True
Central Europe and the Baltics,CEB,2024,23.39857241800457,8044284.0,0.0,-37.96310870035779,True
Chad,TCD,1990,23.39857241800457,34879305.04928218,0.0,-37.96310870035779,False
Chad,TCD,1991,23.39857241800457,34879305.04928218,0.0,-37.96310870035779,False
Chad,TCD,1992,23.39857241800457,34879305.04928218,0.0,-37.96310870035779,False
Chad,TCD,1993,23.39857241800457,34879305.04928218,0.0,-37.96310870035779,False
Chad,TCD,1994,23.39857241800457,34879305.04928218,0.0,-37.96310870035779,False
Chad,TCD,1995,23.39857241800457,34879305.04928218,0.0,-37.96310870035779,False
Chad,TCD,1996,23.39857241800457,34879305.04928218,0.0,-37.96310870035779,False
Chad,TCD,1997,23.39857241800457,34879305.04928218,0.0,-37.96310870035779,False
Chad,TCD,1998,23.39857241800457,34879305.04928218,0.0,-37.96310870035779,False
Chad,TCD,1999,23.39857241800457,34879305.04928218,0.0,-37.96310870035779,False
Chad,TCD,2000,23.39857241800457,34879305.04928218,0.0,3.194342843208981,False
Chad,TCD,2001,23.39857241800457,34879305.04928218,0.0,3.738181818181822,False
Chad,TCD,2002,23.39857241800457,34879305.04928218,0.0,4.520088069234617,False
Chad,TCD,2003,23.39857241800457,34879305.04928218,0.0,-72.14256191778215,False
Chad,TCD,2004,23.39857241800457,34879305.04928218,0.0,-378.6345243589614,False
Chad,TCD,2005,23.39857241800457,34879305.04928218,0.0,-370.79361224118,False
Chad,TCD,2006,23.39857241800457,34879305.04928218,0.0,-325.0921186288764,False
Chad,TCD,2007,23.39857241800457,34879305.04928218,0.0,-290.7311836429174,False
Chad,TCD,2008,23.39857241800457,34879305.04928218,0.0,-248.3332534394324,False
Chad,TCD,2009,23.39857241800457,34879305.04928218,0.0,-217.4583258648508,False
Chad,TCD,2010,23.39857241800457,34879305.04928218,0.0,-225.6128763800229,False
Chad,TCD,2011,23.39857241800457,34879305.04928218,0.0,-183.961857558453,False
Chad,TCD,2012,23.39857241800457,34879305.04928218,0.0,-117.292747134953,False
Chad,TCD,2013,23.39857241800457,34879305.04928218,0.0,-132.2648736193308,False
Chad,TCD,2014,23.39857241800457,34879305.04928218,0.0,-37.96310870035779,False
Chad,TCD,2015,23.39857241800457,34879305.04928218,0.0,-37.96310870035779,False
Chad,TCD,2016,23.39857241800457,34879305.04928218,0.0,-37.96310870035779,False
Chad,TCD,2017,23.39857241800457,34879305.04928218,0.0,-157.6618516578098,False
Chad,TCD,2018,23.39857241800457,34879305.04928218,0.0,-171.7270770047481,False
Chad,TCD,2019,23.39857241800457,34879305.04928218,0.0,-204.9915403992932,False
Chad,TCD,2020,23.39857241800457,34879305.04928218,0.0,-203.0091661398772,False
Chad,TCD,2021,23.39857241800457,34879305.04928218,0.0,-176.6305797388883,False
Chad,TCD,2022,23.39857241800457,34879305.04928218,0.0,-177.7626407149333,False
Chad,TCD,2023,23.39857241800457,34879305.04928218,0.0,-37.96310870035779,False
Chile,CHL,1990,23.39857241800457,34879305.04928218,72.15250049030205,50.14542020130399,False
Chile,CHL,1991,23.39857241800457,34879305.04928218,68.03335177219942,50.64630846411493,False
Chile,CHL,1992,23.39857241800457,34879305.04928218,66.35270855005407,49.5468729764232,False
Chile,CHL,1993,23.39857241800457,34879305.04928218,68.07108824404497,51.08924415587157,False
Chile,CHL,1994,23.39857241800457,34879305.04928218,69.8206402587958,58.34213667165229,False
Chile,CHL,1995,23.39857241800457,34879305.04928218,70.00479241112106,59.08529804704875,False
Chile,CHL,1996,23.39857241800457,34879305.04928218,72.3885915528182,64.16937153417412,False
Chile,CHL,1997,23.39857241800457,34879305.04928218,74.6520381479903,64.64381664691156,False
Chile,CHL,1998,23.39857241800457,34879305.04928218,75.52268234478106,69.5054811354041,False
Chile,CHL,1999,23.39857241800457,34879305.04928218,77.1587484772998,71.28161673069677,False
Chile,CHL,2000,23.39857241800457,34879305.04928218,74.50531480768258,70.4940449473389,False
Chile,CHL,2001,23.39857241800457,34879305.04928218,73.10035777991678,67.83654571405341,False
Chile,CHL,2002,23.39857241800457,34879305.04928218,73.19423801889906,69.08403756175517,False
Chile,CHL,2003,23.39857241800457,34879305.04928218,74.55699515828887,71.3337721552689,False
Chile,CHL,2004,23.39857241800457,34879305.04928218,75.17630643120616,75.29681994442534,False
Chile,CHL,2005,23.39857241800457,34879305.04928218,74.23769623829067,72.24624721719823,False
Chile,CHL,2006,17.5269521879,34879305.04928218,74.00218769234135,72.93396084471358,False
Chile,CHL,2007,17.0637534565,34879305.04928218,76.01976566698208,77.91173961126385,False
Chile,CHL,2008,19.1098528283,34879305.04928218,75.17727733837373,72.75009429646158,False
Chile,CHL,2009,22.0647736757,34879305.04928218,73.4651836977955,70.24359307264744,False
Chile,CHL,2010,22.4122789396,3157758.0,77.59456049545814,72.27044351373722,False
Chile,CHL,2011,28.9990470286,3432192.0,76.66429484211615,73.83117409079479,False
Chile,CHL,2012,28.4174462947,3514318.0,70.04969462563456,67.1384298913492,False
Chile,CHL,2013,28.5912329011,3853407.0,68.97232566181901,65.87155849511778,False
Chile,CHL,2014,29.0461566607,3957585.0,76.0638394134275,67.25082884162768,False
Chile,CHL,2015,29.8715693776,3956842.0,75.72996832052915,68.1847796488233,False
Chile,CHL,2016,34.7454587829,4170283.0,0.0,69.17689703950683,False
Chile,CHL,2017,35.8537436825,4407502.0,0.0,68.36100192486198,False
Chile,CHL,2018,36.1605769121,4661486.0,0.0,67.66356259983581,False
Chile,CHL,2019,36.7149125003,4641633.0,0.0,69.22588715228855,False
Chile,CHL,2020,36.215161659,4217172.0,0.0,66.71823918497688,False
Chile,CHL,2021,36.2862939823,4335451.0,0.0,68.86324304283306,False
Chile,CHL,2022,23.39857241800457,4203293.0,0.0,66.27321161542336,False
Chile,CHL,2023,23.39857241800457,4322878.0,0.0,62.27620432042128,False
Chile,CHL,2024,23.39857241800457,4474125.0,0.0,-37.96310870035779,False
China,CHN,1990,23.39857241800457,34879305.04928218,75.09675247292094,-3.991341834912996,False
China,CHN,1991,23.39857241800457,34879305.04928218,74.4546361271812,-3.584494556005904,False
China,CHN,1992,23.39857241800457,34879305.04928218,75.03256120052593,-2.633821699108831,False
China,CHN,1993,23.39857241800457,34879305.04928218,76.03419109295163,-0.368768942248344,False
China,CHN,1994,23.39857241800457,34879305.04928218,76.56558192396297,-1.470724990460908,False
China,CHN,1995,23.39857241800457,34879305.04928218,77.8894508666135,-1.245679895870082,False
China,CHN,1996,23.39857241800457,34879305.04928218,78.69663462026172,-1.126469960209893,False
China,CHN,1997,23.39857241800457,34879305.04928218,78.50886649824544,0.6497380310118218,False
China,CHN,1998,23.39857241800457,34879305.04928218,78.71810377326341,0.3056227631168862,False
China,CHN,1999,23.39857241800457,34879305.04928218,79.20040880677239,1.266749196318701,False
China,CHN,2000,23.39857241800457,34879305.04928218,79.92246260601699,2.458075059269143,False
China,CHN,2001,23.39857241800457,34879305.04928218,80.83314585219725,0.0954125824372544,False
China,CHN,2002,23.39857241800457,34879305.04928218,81.92179284998467,1.550773936550249,False
China,CHN,2003,23.39857241800457,34879305.04928218,84.23097750252418,2.81787719089625,False
China,CHN,2004,23.39857241800457,34879305.04928218,86.09237233291466,5.80570745907935,False
China,CHN,2005,23.39857241800457,34879305.04928218,87.3709947582302,5.608615846296281,False
China,CHN,2006,106.7126567958,34879305.04928218,88.28426537963281,6.959396408744441,False
China,CHN,2007,117.9017761774,34879305.04928218,89.30917398288543,7.946098618404513,False
China,CHN,2008,118.4558760366,34879305.04928218,89.52115711800536,8.632451929583803,False
China,CHN,2009,118.6376554664,34879305.04928218,90.1612712655318,12.07848032081129,False
China,CHN,2010,129.556949515,136044183.0,90.80662758145954,13.58229018642375,False
China,CHN,2011,132.4579758986,151800937.0,91.42473187813448,14.71873756919528,False
China,CHN,2012,133.8154206143,165939400.0,91.14921917962155,16.55190762034572,False
China,CHN,2013,136.0112695419,176607144.0,91.00012191436451,17.3260320088109,False
China,CHN,2014,137.1612175342,187291913.0,89.55484002130432,17.54117493631929,False
China,CHN,2015,141.2827640334,195509165.0,71.06955889045516,16.70642274141273,False
China,CHN,2016,138.8543553807,202830580.0,0.0,19.19307400559945,False
China,CHN,2017,148.6562163354,218712874.0,0.0,20.41898998782053,False
China,CHN,2018,153.3767454106,229127700.0,0.0,21.66874646965104,False
China,CHN,2019,158.6153205517,237570000.0,0.0,22.2209738878689,False
China,CHN,2020,162.3664733057,240480000.0,0.0,22.97457219238856,False
China,CHN,2021,171.1774765271,256945700.0,0.0,21.63866072673199,False
China,CHN,2022,23.39857241800457,268790000.0,0.0,20.62455892485844,False
China,CHN,2023,23.39857241800457,278759834.0,0.0,23.96175882768261,False
China,CHN,2024,23.39857241800457,299703800.0,49.53885920745446,-37.96310870035779,False
Colombia,COL,1990,23.39857241800457,34879305.04928218,66.32213718222224,-89.27485594413561,False
Colombia,COL,1991,23.39857241800457,34879305.04928218,67.1246553532326,-92.32993485578687,False
Colombia,COL,1992,23.39857241800457,34879305.04928218,68.73252035901088,-80.8628660916722,False
Colombia,COL,1993,23.39857241800457,34879305.04928218,68.56486011980422,-88.92317847415221,False
Colombia,COL,1994,23.39857241800457,34879305.04928218,66.92546560662277,-86.10509435376015,False
Colombia,COL,1995,23.39857241800457,34879305.04928218,67.39831704599398,-106.7359720289216,False
Colombia,COL,1996,23.39857241800457,34879305.04928218,67.94225298495019,-125.4944341657804,False
Colombia,COL,1997,23.39857241800457,34879305.04928218,73.55721911331847,-139.2735797393779,False
Colombia,COL,1998,23.39857241800457,34879305.04928218,75.96475245815199,-157.1743852751939,False
Colombia,COL,1999,23.39857241800457,34879305.04928218,71.81143300403386,-195.4033442751266,False
Colombia,COL,2000,23.39857241800457,34879305.04928218,74.38894052873374,-183.1166287441262,False
Colombia,COL,2001,23.39857241800457,34879305.04928218,74.81922776823721,-176.8594511178147,False
Colombia,COL,2002,23.39857241800457,34879305.04928218,73.13337712402883,-171.4211851515263,False
Colombia,COL,2003,23.39857241800457,34879305.04928218,72.18095572823421,-181.3336822045493,False
Colombia,COL,2004,23.39857241800457,34879305.04928218,73.46617924602116,-192.7276366729905,False
Colombia,COL,2005,23.39857241800457,34879305.04928218,74.06327717779789,-189.6610592106009,False
Colombia,COL,2006,26.2532922859,34879305.04928218,73.23621132546647,-198.79932817786,False
Colombia,COL,2007,24.5301450704,34879305.04928218,72.45416121730261,-202.67752129592,False
Colombia,COL,2008,26.8908012031,34879305.04928218,72.6526623012143,-206.8547916331403,False
Colombia,COL,2009,28.7453415033,34879305.04928218,74.28645206169291,-216.4472636692029,False
Colombia,COL,2010,32.819830414,2446523.0,75.69099403996316,-245.9152632949201,False
Colombia,COL,2011,32.0675842188,2861151.0,72.76355584603364,-284.1845017627677,False
Colombia,COL,2012,35.3682511215,3381952.0,75.52811514689421,-308.7715746162493,False
Colombia,COL,2013,35.9761737992,3068565.0,62.82368730430703,-223.8039667799206,False
Colombia,COL,2014,39.331980584,3409344.0,62.44902301032639,-237.4327875995449,False
Colombia,COL,2015,48.725885378,3843103.0,27.28970099102185,-212.7696961430144,False
Colombia,COL,2016,47.9400141875,3452348.0,0.0,-201.1411011410457,False
Colombia,COL,2017,47.3219536384,3877937.0,0.0,-250.1076071248272,False
Colombia,COL,2018,45.7317350558,4181330.0,0.0,-228.7850972631205,False
Colombia,COL,2019,48.6031387639,4316862.0,0.0,-181.4141124026752,False
Colombia,COL,2020,49.3657872982,4272689.0,0.0,-192.845620308305,False
Colombia,COL,2021,49.2294559589,4901510.0,0.0,-145.2601703742202,False
Colombia,COL,2022,23.39857241800457,4480670.0,0.0,-139.1241980356957,False
Colombia,COL,2023,23.39857241800457,4503448.0,0.0,-141.9716755077072,False
Colombia,COL,2024,23.39857241800457,5188127.0,0.0,-37.96310870035779,False
Comoros,COM,1990,23.39857241800457,34879305.04928218,0.0,-37.96310870035779,False
Comoros,COM,2004,23.39857241800457,34879305.04928218,0.0,-37.96310870035779,False
Comoros,COM,2005,23.39857241800457,34879305.04928218,0.0,-37.96310870035779,False
Comoros,COM,2006,4.9871221104,34879305.04928218,0.0,-37.96310870035779,False
Comoros,COM,2007,4.7499286828,34879305.04928218,0.0,-37.96310870035779,False
Comoros,COM,2008,1.5091303162,34879305.04928218,49.53885920745446,-37.96310870035779,False
Comoros,COM,2009,5.1096530384,34879305.04928218,49.53885920745446,-37.96310870035779,False
Comoros,COM,2010,6.2887776016,44697.48,49.53885920745446,-37.96310870035779,False
Comoros,COM,2011,6.172932813,77184.98,49.53885920745446,-37.96310870035779,False
Comoros,COM,2012,6.1954861409,79917.15,49.53885920745446,-37.96310870035779,False
Comoros,COM,2013,5.9857652924,67847.03,49.53885920745446,-37.96310870035779,False
Comoros,COM,2014,6.2191639376,68894.84,49.53885920745446,-37.96310870035779,False
Comoros,COM,2015,6.2292794882,76096.89,49.53885920745446,-37.96310870035779,False
Comoros,COM,2016,5.6856624246,73309.69,49.53885920745446,-37.96310870035779,False
Comoros,COM,2017,5.1722672073,52673.2,49.53885920745446,-37.96310870035779,False
Comoros,COM,2018,5.3161172138,55032.5,49.53885920745446,-37.96310870035779,False
Comoros,COM,2019,5.9258868493,54358.54,49.53885920745446,-37.96310870035779,False
Comoros,COM,2020,6.129598168,34879305.04928218,49.53885920745446,-37.96310870035779,False
Comoros,COM,2021,4.9353261802,34879305.04928218,49.53885920745446,-37.96310870035779,False
"Congo, Dem. Rep.",COD,1990,23.39857241800457,34879305.04928218,11.16063056417459,-0.754581023339771,False
"Congo, Dem. Rep.",COD,1991,23.39857241800457,34879305.04928218,8.778254875972753,-1.661174567876277,False
"Congo, Dem. Rep.",COD,1992,23.39857241800457,34879305.04928218,7.864729776690585,-1.765549061338574,False
"Congo, Dem. Rep.",COD,1993,23.39857241800457,34879305.04928218,7.350137001584199,-1.747641977663473,False
"Congo, Dem. Rep.",COD,1994,23.39857241800457,34879305.04928218,4.709277134257403,-5.091964098705304,False
"Congo, Dem. Rep.",COD,1995,23.39857241800457,34879305.04928218,5.492268571045752,-5.354996669755063,False
"Congo, Dem. Rep.",COD,1996,23.39857241800457,34879305.04928218,5.814225315375984,-5.319874407348429,False
"Congo, Dem. Rep.",COD,1997,23.39857241800457,34879305.04928218,4.765222718978015,-5.061216262094691,False
"Congo, Dem. Rep.",COD,1998,23.39857241800457,34879305.04928218,4.12526798749697,-4.594542815374302,False
"Congo, Dem. Rep.",COD,1999,23.39857241800457,34879305.04928218,3.090083845626839,-5.876257784234267,False
"Congo, Dem. Rep.",COD,2000,23.39857241800457,34879305.04928218,2.036207403820367,-6.762794755026228,False
"Congo, Dem. Rep.",COD,2001,23.39857241800457,34879305.04928218,1.639452002731311,-7.026049047770179,False
"Congo, Dem. Rep.",COD,2002,23.39857241800457,34879305.04928218,1.714151541821902,-6.30889098314726,False
"Congo, Dem. Rep.",COD,2003,23.39857241800457,34879305.04928218,2.014642239518091,-6.343371936998103,False
"Congo, Dem. Rep.",COD,2004,23.39857241800457,34879305.04928218,2.111856130512777,-6.53248682162236,False
"Congo, Dem. Rep.",COD,2005,23.39857241800457,34879305.04928218,2.545199809163818,-4.96245599808593,False
"Congo, Dem. Rep.",COD,2006,4.1580229712,34879305.04928218,2.677185718190128,-4.112797917305087,False
"Congo, Dem. Rep.",COD,2007,4.0801230107,34879305.04928218,2.872213229841413,-3.691559410160263,False
"Congo, Dem. Rep.",COD,2008,5.1797512451,34879305.04928218,3.065734888613418,-3.394833000468805,False
"Congo, Dem. Rep.",COD,2009,4.3164456083,34879305.04928218,2.741026805810276,-3.475266006860763,False
"Congo, Dem. Rep.",COD,2010,5.7161292434,59133.0,3.075180802669737,-2.183274346496376,False
"Congo, Dem. Rep.",COD,2011,5.9371625142,66199.0,3.692565532155003,-1.477471841218233,False
"Congo, Dem. Rep.",COD,2012,7.684272263,62665.0,2.884457377793503,-0.9853753131469994,False
"Congo, Dem. Rep.",COD,2013,8.5769278707,67965.0,4.2375266742842,-0.3630701735824405,False
"Congo, Dem. Rep.",COD,2014,6.3558126198,73265.0,5.459297133658246,0.4379253899239628,False
"Congo, Dem. Rep.",COD,2015,4.7583975865,45000.0,3.107860858027807,-0.0069052825411406,False
"Congo, Dem. Rep.",COD,2016,5.7495063416,59133.0,0.0,-0.5209576904155758,False
"Congo, Dem. Rep.",COD,2017,4.5383291927,52066.0,0.0,-0.3276306958969012,False
"Congo, Dem. Rep.",COD,2018,5.5048161104,55599.0,0.0,0.1824448547350278,False
"Congo, Dem. Rep.",COD,2019,5.7922155596,42211.0,0.0,0.613652441820541,False
"Congo, Dem. Rep.",COD,2020,5.1251319869,34879305.04928218,0.0,0.472145741894121,False
"Congo, Dem. Rep.",COD,2021,4.8287397769,34879305.04928218,0.0,0.4559521378640811,False
"Congo, Dem. Rep.",COD,2022,23.39857241800457,34879305.04928218,0.0,1.596265534663338,False
"Congo, Dem. Rep.",COD,2023,23.39857241800457,34879305.04928218,0.0,-37.96310870035779,False
"Congo, Rep.",COG,1990,23.39857241800457,34879305.04928218,34.25250736235341,-1002.123464280297,False
"Congo, Rep.",COG,1991,23.39857241800457,34879305.04928218,35.20305716443868,-944.828588030215,False
"Congo, Rep.",COG,1992,23.39857241800457,34879305.04928218,33.01517682557368,-1056.065641266947,False
"Congo, Rep.",COG,1993,23.39857241800457,34879305.04928218,32.09280399824585,-1153.397632617273,False
"Congo, Rep.",COG,1994,23.39857241800457,34879305.04928218,20.36902532786572,-1251.641871971263,False
"Congo, Rep.",COG,1995,23.39857241800457,34879305.04928218,29.64462180404212,-1148.276987919623,False
"Congo, Rep.",COG,1996,23.39857241800457,34879305.04928218,22.03186789719,-1364.989920624923,False
"Congo, Rep.",COG,1997,23.39857241800457,34879305.04928218,18.5613284092028,-1633.87643593035,False
"Congo, Rep.",COG,1998,23.39857241800457,34879305.04928218,15.82276645619547,-1777.650618258348,False
"Congo, Rep.",COG,1999,23.39857241800457,34879305.04928218,16.68146437280747,-1939.345248037416,False
"Congo, Rep.",COG,2000,23.39857241800457,34879305.04928218,26.17783552092387,-1931.329347753069,False
"Congo, Rep.",COG,2001,23.39857241800457,34879305.04928218,29.3587152053269,-1590.599034106254,False
"Congo, Rep.",COG,2002,23.39857241800457,34879305.04928218,24.25457412031065,-1524.661085123494,False
"Congo, Rep.",COG,2003,23.39857241800457,34879305.04928218,32.50596891615486,-1166.247569996715,False
"Congo, Rep.",COG,2004,23.39857241800457,34879305.04928218,32.10942271179963,-1135.599470499244,False
"Congo, Rep.",COG,2005,23.39857241800457,34879305.04928218,33.33490987309433,-1152.231288626917,False
"Congo, Rep.",COG,2006,11.7983028619,34879305.04928218,28.97117015437915,-998.3669758750128,False
"Congo, Rep.",COG,2007,12.8256055786,34879305.04928218,35.2076876518827,-892.2910580826331,False
"Congo, Rep.",COG,2008,13.743541823,34879305.04928218,35.49446416665118,-875.817051352451,False
"Congo, Rep.",COG,2009,12.6271862421,34879305.04928218,40.27541464096049,-922.4426438173308,False
"Congo, Rep.",COG,2010,12.0749195214,355000.0,39.20737855349613,-934.2795257637954,False
"Congo, Rep.",COG,2011,13.1081636744,442202.0,38.85742506730831,-632.1626914063743,False
"Congo, Rep.",COG,2012,16.9106501061,509037.0,37.15574492360896,-537.7063715013657,False
"Congo, Rep.",COG,2013,18.7806073638,574159.0,45.53653116915376,-453.8497044151333,False
"Congo, Rep.",COG,2014,20.8151656883,619892.0,39.31399250478758,-459.9564383414296,False
"Congo, Rep.",COG,2015,19.0704124694,571860.0,7.074613539227283,-420.1744043024238,False
"Congo, Rep.",COG,2016,25.973572254,562889.0,0.0,-395.3551088913685,False
"Congo, Rep.",COG,2017,25.2631975236,650000.0,0.0,-463.7608327360403,False
"Congo, Rep.",COG,2018,23.5562742961,739000.0,0.0,-548.5006981752773,False
"Congo, Rep.",COG,2019,29.7547292976,921000.0,0.0,-511.229927007298,False
"Congo, Rep.",COG,2020,24.8303027392,930000.0,0.0,-452.5084913671113,False
"Congo, Rep.",COG,2021,24.011206608,1003734.0,0.0,-391.3931150432726,False
"Congo, Rep.",COG,2022,23.39857241800457,1000000.0,0.0,-347.4198654281517,False
"Congo, Rep.",COG,2023,23.39857241800457,1001000.0,0.0,-37.96310870035779,False
"Congo, Rep.",COG,2024,23.39857241800457,1046064.0,49.53885920745446,-37.96310870035779,False
Costa Rica,CRI,1990,23.39857241800457,34879305.04928218,58.52843837465882,62.0013387834162,False
Costa Rica,CRI,1991,23.39857241800457,34879305.04928218,59.40608994765709,60.44691987652661,False
Costa Rica,CRI,1992,23.39857241800457,34879305.04928218,58.7631014872313,62.72046061588657,False
Costa Rica,CRI,1993,23.39857241800457,34879305.04928218,58.5692296353625,63.85618252189835,False
Costa Rica,CRI,1994,23.39857241800457,34879305.04928218,57.93544176323935,66.88548655549951,False
Costa Rica,CRI,1995,23.39857241800457,34879305.04928218,59.28270082667962,69.97913036430688,False
Costa Rica,CRI,1996,23.39857241800457,34879305.04928218,57.24848671548651,66.80788395973298,False
Costa Rica,CRI,1997,23.39857241800457,34879305.04928218,58.91795119239638,64.95925726694969,False
Costa Rica,CRI,1998,23.39857241800457,34879305.04928218,63.72839158383995,72.5382734850913,False
Costa Rica,CRI,1999,23.39857241800457,34879305.04928218,61.00516278097696,71.23348658029124,False
Costa Rica,CRI,2000,23.39857241800457,34879305.04928218,59.02628332765272,61.41813436619492,False
Costa Rica,CRI,2001,23.39857241800457,34879305.04928218,57.20015117756297,65.25215810994996,False
Costa Rica,CRI,2002,23.39857241800457,34879305.04928218,54.76773399439987,64.24449067050394,False
Costa Rica,CRI,2003,23.39857241800457,34879305.04928218,56.63890481776747,62.66980088900603,False
Costa Rica,CRI,2004,23.39857241800457,34879305.04928218,47.92945688695813,52.03617118395258,False
Costa Rica,CRI,2005,23.39857241800457,34879305.04928218,46.80150968672836,54.95683275777024,False
Costa Rica,CRI,2006,17.9220066146,34879305.04928218,47.40552774386706,54.48197227201563,False
Costa Rica,CRI,2007,16.4528573139,34879305.04928218,49.76193748710367,56.27256705639604,False
Costa Rica,CRI,2008,17.211987737,34879305.04928218,50.29397584868452,57.26688549830526,False
Costa Rica,CRI,2009,16.855062679,34879305.04928218,48.61877509361526,51.88847634836316,False
Costa Rica,CRI,2010,20.0463216075,1013483.0,48.51929773228269,53.24356955380579,False
Costa Rica,CRI,2011,17.1290933291,1069348.0,49.0890135484772,54.34838197919882,False
Costa Rica,CRI,2012,18.5065008985,1229530.0,47.74423048657056,50.29212397530165,False
Costa Rica,CRI,2013,18.4792889489,1245174.0,47.83035570694154,51.04144770785967,False
Costa Rica,CRI,2014,19.5943100836,1298579.0,48.23774662479265,52.25037313959898,False
Costa Rica,CRI,2015,17.7839127102,1343841.0,47.28099303957259,50.89860346279288,False
Costa Rica,CRI,2016,18.6274405469,1338979.0,0.0,56.1061929551092,False
Costa Rica,CRI,2017,17.5844891708,1489326.0,0.0,60.51874062968531,False
Costa Rica,CRI,2018,18.3556194905,1492791.0,0.0,58.36691861968275,False
Costa Rica,CRI,2019,24.2901417484,1300785.0,0.0,57.96381066506885,False
Costa Rica,CRI,2020,24.5505720298,1509599.0,0.0,46.82061562920264,False
Costa Rica,CRI,2021,23.9311173473,1523198.0,0.0,53.38369724814089,False
Costa Rica,CRI,2022,23.39857241800457,1594323.0,0.0,53.08023322963442,False
Costa Rica,CRI,2023,23.39857241800457,1658363.0,0.0,60.42147726961588,False
Costa Rica,CRI,2024,23.39857241800457,1717439.0,0.0,-37.96310870035779,False
Cote d'Ivoire,CIV,1990,23.39857241800457,34879305.04928218,23.70127586688245,25.07900739234377,False
Cote d'Ivoire,CIV,1991,23.39857241800457,34879305.04928218,23.31836933548423,26.5907658114909,False
Cote d'Ivoire,CIV,1992,23.39857241800457,34879305.04928218,27.59466622317316,26.18682551423783,False
Cote d'Ivoire,CIV,1993,23.39857241800457,34879305.04928218,28.54956475613341,25.63443972999946,False
Cote d'Ivoire,CIV,1994,23.39857241800457,34879305.04928218,28.241703228129,25.42065393510493,False
Cote d'Ivoire,CIV,1995,23.39857241800457,34879305.04928218,25.14671833190421,20.89243101730659,False
Cote d'Ivoire,CIV,1996,23.39857241800457,34879305.04928218,32.0136590505572,14.08034123160196,False
Cote d'Ivoire,CIV,1997,23.39857241800457,34879305.04928218,32.10315003638426,11.05006549265017,False
Cote d'Ivoire,CIV,1998,23.39857241800457,34879305.04928218,30.82190442546688,11.34393327145758,False
Cote d'Ivoire,CIV,1999,23.39857241800457,34879305.04928218,40.88534620426078,17.07674421766864,False
Cote d'Ivoire,CIV,2000,23.39857241800457,34879305.04928218,37.12388081553352,14.60033974726461,False
Cote d'Ivoire,CIV,2001,23.39857241800457,34879305.04928218,34.29236764881146,11.59009541084436,False
Cote d'Ivoire,CIV,2002,23.39857241800457,34879305.04928218,37.84229578141297,9.243254709557428,False
Cote d'Ivoire,CIV,2003,23.39857241800457,34879305.04928218,32.49572238037794,-0.0079621004020757,False
Cote d'Ivoire,CIV,2004,23.39857241800457,34879305.04928218,24.92616863482238,-1.706985105290197,False
Cote d'Ivoire,CIV,2005,23.39857241800457,34879305.04928218,25.38667906062119,-7.292620978854241,False
Cote d'Ivoire,CIV,2006,17.0312079416,34879305.04928218,21.44519922743624,-24.056513264863,False
Cote d'Ivoire,CIV,2007,16.2631013574,34879305.04928218,24.24902509306586,-12.82168567869788,False
Cote d'Ivoire,CIV,2008,19.9860895975,34879305.04928218,24.61231449722478,-13.48411368505571,False
Cote d'Ivoire,CIV,2009,19.3033930144,34879305.04928218,22.71372293900839,-15.86525850411171,False
Cote d'Ivoire,CIV,2010,19.9469291655,717700.0,28.40641946301927,-10.28354833425773,False
Cote d'Ivoire,CIV,2011,19.959116331,766071.0,25.66551278635246,-6.364434000796636,False
Cote d'Ivoire,CIV,2012,19.5016811904,880104.0,30.04532407637089,1.629627924641111,False
Cote d'Ivoire,CIV,2013,21.3572389453,983188.0,33.75674126538773,6.066065931805928,False
Cote d'Ivoire,CIV,2014,22.4579503436,991767.0,34.15951913363435,7.717423633708119,False
Cote d'Ivoire,CIV,2015,21.5692586524,927379.0,3.190317744765533,3.207895904184568,False
Cote d'Ivoire,CIV,2016,20.6383670749,885750.0,0.0,5.100077433887857,False
Cote d'Ivoire,CIV,2017,18.9750549279,907646.0,0.0,3.014724289388046,False
Cote d'Ivoire,CIV,2018,19.605379262,924596.0,0.0,7.792110139809212,False
Cote d'Ivoire,CIV,2019,19.9702011986,994646.0,0.0,4.60104644318652,False
Cote d'Ivoire,CIV,2020,19.9814975669,979517.0,0.0,8.143785584907395,False
Cote d'Ivoire,CIV,2021,19.2845020632,1042418.0,0.0,13.2300673339274,False
Cote d'Ivoire,CIV,2022,23.39857241800457,1083605.0,0.0,14.37860922662816,False
Cote d'Ivoire,CIV,2023,23.39857241800457,1476195.0,0.0,-37.96310870035779,False
Cote d'Ivoire,CIV,2024,23.39857241800457,1802000.0,49.53885920745446,-37.96310870035779,False
Croatia,HRV,1990,23.39857241800457,34879305.04928218,80.96345936249719,40.95587401217536,False
Croatia,HRV,1991,23.39857241800457,34879305.04928218,74.99480771237297,30.90332617581461,False
Croatia,HRV,1992,23.39857241800457,34879305.04928218,78.84770645528533,36.13595185712445,False
Croatia,HRV,1993,23.39857241800457,34879305.04928218,80.32822011687833,34.03368139342416,False
Croatia,HRV,1994,23.39857241800457,34879305.04928218,79.77097468267716,37.59881181540145,False
Croatia,HRV,1995,23.39857241800457,34879305.04928218,79.4558088668506,35.98597776654888,False
Croatia,HRV,1996,23.39857241800457,34879305.04928218,73.35370595086677,41.46894565635599,False
Croatia,HRV,1997,23.39857241800457,34879305.04928218,78.48545327360564,43.85104098736463,False
Croatia,HRV,1998,23.39857241800457,34879305.04928218,81.03477011650222,46.64504800475807,False
Croatia,HRV,1999,23.39857241800457,34879305.04928218,78.09584339875941,49.54766171059642,False
Croatia,HRV,2000,23.39857241800457,34879305.04928218,77.66842338243346,48.8903905779736,False
Croatia,HRV,2001,23.39857241800457,34879305.04928218,77.45590295015904,47.1178698082587,False
Croatia,HRV,2002,23.39857241800457,34879305.04928218,79.69718981863815,54.98707996554653,False
Croatia,HRV,2003,23.39857241800457,34879305.04928218,79.6167856887837,51.16973841775979,False
Croatia,HRV,2004,23.39857241800457,34879305.04928218,78.12979556772775,52.43600597609569,False
Croatia,HRV,2005,23.39857241800457,34879305.04928218,77.06602244235945,53.25635839921561,False
Croatia,HRV,2006,11.0923192249,34879305.04928218,77.68266770707623,49.7797139609822,False
Croatia,HRV,2007,12.1658028036,34879305.04928218,79.76216255899182,52.47729845033894,False
Croatia,HRV,2008,15.3460483553,34879305.04928218,78.18654774471933,55.53623908274346,False
Croatia,HRV,2009,17.2189557097,34879305.04928218,76.38267320805602,46.63502399681221,False
Croatia,HRV,2010,18.8660759938,160600.0,74.44495473853961,47.34920622780386,False
Croatia,HRV,2011,17.6988066185,176741.0,74.74978074056156,50.45857667616106,False
Croatia,HRV,2012,18.6856655967,172491.0,72.36927944949933,50.63928967813533,False
Croatia,HRV,2013,20.5761772737,187284.0,71.42954537019335,48.28243896217994,False
Croatia,HRV,2014,20.6882564869,211910.0,70.87481597313878,45.01910919027036,False
Croatia,HRV,2015,27.5611269817,229279.0,28.94915793223689,49.62892450808271,False
Croatia,HRV,2016,30.6908260079,246596.0,0.0,49.30765620847775,False
Croatia,HRV,2017,30.6411184797,288235.0,0.0,54.25756336205367,False
Croatia,HRV,2018,29.4808182648,302126.0,0.0,54.12304401666101,False
Croatia,HRV,2019,33.7426165856,348435.0,0.0,57.79626821021589,False
Croatia,HRV,2020,33.5724631086,376981.0,0.0,54.17084611325963,False
Croatia,HRV,2021,33.5866263753,379623.0,0.0,55.43065949387877,False
Croatia,HRV,2022,23.39857241800457,544015.0,0.0,61.89553568861934,False
Croatia,HRV,2023,23.39857241800457,555336.0,0.0,57.2910760073134,False
Croatia,HRV,2024,23.39857241800457,532451.0,49.53885920745446,-37.96310870035779,False
Cuba,CUB,1990,23.39857241800457,34879305.04928218,66.51685273459069,-37.96310870035779,False
Cuba,CUB,1991,23.39857241800457,34879305.04928218,64.84215099488473,-37.96310870035779,False
Cuba,CUB,1992,23.39857241800457,34879305.04928218,60.0394947412822,-37.96310870035779,False
Cuba,CUB,1993,23.39857241800457,34879305.04928218,66.60963707500954,-37.96310870035779,False
Cuba,CUB,1994,23.39857241800457,34879305.04928218,67.92973432814439,-37.96310870035779,False
Cuba,CUB,1995,23.39857241800457,34879305.04928218,74.0374530151867,-37.96310870035779,False
Cuba,CUB,1996,23.39857241800457,34879305.04928218,71.79337676009396,-37.96310870035779,False
Cuba,CUB,1997,23.39857241800457,34879305.04928218,73.87845529242519,-37.96310870035779,False
Cuba,CUB,1998,23.39857241800457,34879305.04928218,76.19738228950168,-37.96310870035779,False
Cuba,CUB,1999,23.39857241800457,34879305.04928218,74.65264326578432,-37.96310870035779,False
Cuba,CUB,2000,23.39857241800457,34879305.04928218,75.51259212883876,-37.96310870035779,False
Cuba,CUB,2001,23.39857241800457,34879305.04928218,74.27336059215885,-37.96310870035779,False
Cuba,CUB,2002,23.39857241800457,34879305.04928218,77.61404917626365,-37.96310870035779,False
Cuba,CUB,2003,23.39857241800457,34879305.04928218,80.4410637631581,-37.96310870035779,False
Cuba,CUB,2004,23.39857241800457,34879305.04928218,80.82081457111295,-37.96310870035779,False
Cuba,CUB,2005,23.39857241800457,34879305.04928218,85.5401850150998,-37.96310870035779,False
Cuba,CUB,2006,7.6534200378,34879305.04928218,87.42774560788091,49.79236914544913,False
Cuba,CUB,2007,7.9042949768,34879305.04928218,87.64581169628846,47.91847201135283,False
Cuba,CUB,2008,7.7770131736,34879305.04928218,89.27713720671,51.24461400957789,False
Cuba,CUB,2009,7.6609163651,34879305.04928218,97.93387856669676,55.537393943701,False
Cuba,CUB,2010,8.0982904434,228346.0,49.53885920745446,61.50433218414382,False
Cuba,CUB,2011,10.0783962913,246773.0,94.88313496484334,57.41036134391554,False
Cuba,CUB,2012,9.3934135411,240000.0,95.8531447659896,58.1701021022561,False
Cuba,CUB,2013,9.2442578802,263886.0,97.1423767597215,56.99589588508477,False
Cuba,CUB,2014,8.3831797102,230836.0,94.58487182529667,54.18604342752067,False
Cuba,CUB,2015,8.2688350766,330713.0,14.3480911944304,54.83962507338027,False
Cuba,CUB,2016,10.4441958055,325319.0,0.0,58.75061809063003,False
Cuba,CUB,2017,9.6440228793,332240.0,0.0,55.238831093573,False
Cuba,CUB,2018,9.4508720372,349722.0,0.0,50.39394635366924,False
Cuba,CUB,2019,8.2577865736,322431.0,0.0,52.81362461850719,False
Cuba,CUB,2020,8.5053057278,255362.0,0.0,53.59377071405168,False
Cuba,CUB,2021,8.0316040096,246352.0,0.0,58.13848043738437,False
Cuba,CUB,2022,23.39857241800457,261080.0,0.0,62.81333322742165,False
Cuba,CUB,2023,23.39857241800457,281140.0,0.0,-37.96310870035779,False
Curacao,CUW,1990,23.39857241800457,34879305.04928218,49.53885920745446,215.0755826331906,False
Curacao,CUW,1991,23.39857241800457,34879305.04928218,49.53885920745446,201.4037740811357,False
Curacao,CUW,1992,23.39857241800457,34879305.04928218,49.53885920745446,247.420823060875,False
Curacao,CUW,1993,23.39857241800457,34879305.04928218,49.53885920745446,247.7062848169903,False
Curacao,CUW,1994,23.39857241800457,34879305.04928218,49.53885920745446,241.3527900146816,False
Curacao,CUW,1995,23.39857241800457,34879305.04928218,49.53885920745446,240.64476266628,False
Curacao,CUW,1996,23.39857241800457,34879305.04928218,49.53885920745446,237.6066560453132,False
Curacao,CUW,1997,23.39857241800457,34879305.04928218,49.53885920745446,176.2831982951038,False
Curacao,CUW,1998,23.39857241800457,34879305.04928218,49.53885920745446,169.1864954025408,False
Curacao,CUW,1999,23.39857241800457,34879305.04928218,49.53885920745446,196.1447046487232,False
Curacao,CUW,2000,23.39857241800457,34879305.04928218,49.53885920745446,197.3038548752844,False
Curacao,CUW,2001,23.39857241800457,34879305.04928218,49.53885920745446,193.5482451314761,False
Curacao,CUW,2002,23.39857241800457,34879305.04928218,49.53885920745446,195.5414511832003,False
Curacao,CUW,2003,23.39857241800457,34879305.04928218,49.53885920745446,200.5058447960177,False
Curacao,CUW,2004,23.39857241800457,34879305.04928218,49.53885920745446,195.847430185688,False
Curacao,CUW,2005,23.39857241800457,34879305.04928218,49.53885920745446,200.9622908126898,False
Curacao,CUW,2006,23.39857241800457,34879305.04928218,49.53885920745446,204.8463878780663,False
Curacao,CUW,2007,23.39857241800457,34879305.04928218,49.53885920745446,194.839518397186,False
Curacao,CUW,2008,23.39857241800457,34879305.04928218,49.53885920745446,201.4006126991839,False
Curacao,CUW,2009,23.39857241800457,34879305.04928218,49.53885920745446,196.9918759466574,False
Curacao,CUW,2010,23.39857241800457,34879305.04928218,49.53885920745446,210.1384981605712,False
Curacao,CUW,2011,9.11426213,94097.0,49.53885920745446,201.8863134657841,False
Curacao,CUW,2012,9.9485028958,99191.0,49.53885920745446,199.0236648131399,False
Curacao,CUW,2013,9.7166537111,87452.0,49.53885920745446,203.850448972148,False
Curacao,CUW,2014,8.8474098584,89193.0,49.53885920745446,192.1215104711516,False
Curacao,CUW,2015,9.7172986309,90016.0,0.0,190.3933132758165,False
Curacao,CUW,2016,10.6802128651,98278.0,0.0,204.7310231214561,False
Curacao,CUW,2017,8.5066278749,93921.0,0.0,223.7712519319935,False
Curacao,CUW,2018,8.2305880234,96738.0,0.0,236.1190025252529,False
Curacao,CUW,2019,8.3820318527,34879305.04928218,0.0,-37.96310870035779,False
Curacao,CUW,2020,9.5437176077,89305.0,0.0,-37.96310870035779,False
Curacao,CUW,2021,6.5930880184,92640.0,0.0,-37.96310870035779,False
Curacao,CUW,2022,23.39857241800457,100835.0,0.0,-37.96310870035779,False
Curacao,CUW,2023,23.39857241800457,98051.0,0.0,-37.96310870035779,False
Curacao,CUW,2024,23.39857241800457,98100.0,49.53885920745446,-37.96310870035779,False
Cyprus,CYP,1990,23.39857241800457,34879305.04928218,99.05392541912424,-37.96310870035779,False
Cyprus,CYP,1991,23.39857241800457,34879305.04928218,99.29175560682802,-37.96310870035779,False
Cyprus,CYP,1992,23.39857241800457,34879305.04928218,99.12859855160131,-37.96310870035779,False
Cyprus,CYP,1993,23.39857241800457,34879305.04928218,99.13954413905802,-37.96310870035779,False
Cyprus,CYP,1994,23.39857241800457,34879305.04928218,98.6354535546877,-37.96310870035779,False
Cyprus,CYP,1995,23.39857241800457,34879305.04928218,96.8978528477048,-37.96310870035779,False
Cyprus,CYP,1996,23.39857241800457,34879305.04928218,97.0240689104205,116.3984828820202,False
Cyprus,CYP,1997,23.39857241800457,34879305.04928218,97.18752294334216,-37.96310870035779,False
Cyprus,CYP,1998,23.39857241800457,34879305.04928218,97.22339187989292,-37.96310870035779,False
Cyprus,CYP,1999,23.39857241800457,34879305.04928218,97.29399716468164,-37.96310870035779,False
Cyprus,CYP,2000,23.39857241800457,34879305.04928218,97.42951258888162,-37.96310870035779,False
Cyprus,CYP,2001,23.39857241800457,34879305.04928218,97.4089992778306,-37.96310870035779,False
Cyprus,CYP,2002,23.39857241800457,34879305.04928218,97.31939105490692,-37.96310870035779,False
Cyprus,CYP,2003,23.39857241800457,34879305.04928218,97.2833385402216,-37.96310870035779,False
Cyprus,CYP,2004,23.39857241800457,34879305.04928218,96.73114621418236,-37.96310870035779,False
Cyprus,CYP,2005,23.39857241800457,34879305.04928218,96.5463462136465,-37.96310870035779,False
Cyprus,CYP,2006,16.5240967148,34879305.04928218,96.62143998195332,-37.96310870035779,False
Cyprus,CYP,2007,17.8212777054,34879305.04928218,95.84113457453871,-37.96310870035779,False
Cyprus,CYP,2008,12.293630465,34879305.04928218,94.85027040166284,-37.96310870035779,False
Cyprus,CYP,2009,16.1172262266,34879305.04928218,94.32472585293011,-37.96310870035779,False
Cyprus,CYP,2010,18.0624675704,349163.0,94.2278918195237,-37.96310870035779,False
Cyprus,CYP,2011,15.5122605373,345817.0,93.62681919034958,-37.96310870035779,False
Cyprus,CYP,2012,16.5995861445,307496.0,92.92798287728374,-37.96310870035779,False
Cyprus,CYP,2013,15.8838308658,277276.0,92.11165225233906,-37.96310870035779,False
Cyprus,CYP,2014,16.6888894698,307878.0,91.90067364109773,-37.96310870035779,False
Cyprus,CYP,2015,18.2203940377,308639.0,90.70863888843346,120.8009807928076,False
Cyprus,CYP,2016,19.6274053159,360841.0,0.0,120.8170332138902,False
Cyprus,CYP,2017,17.372956939,345016.0,0.0,-37.96310870035779,False
Cyprus,CYP,2018,17.857605049,416502.0,0.0,-37.96310870035779,False
Cyprus,CYP,2019,18.5518290235,389962.0,0.0,-37.96310870035779,False
Cyprus,CYP,2020,17.9382740189,390504.0,0.0,-37.96310870035779,False
Cyprus,CYP,2021,17.7822950205,319131.0,0.0,108.4431483073441,False
Cyprus,CYP,2022,23.39857241800457,371740.0,0.0,117.0378583536788,False
Cyprus,CYP,2023,23.39857241800457,389864.0,0.0,-37.96310870035779,False
Cyprus,CYP,2024,23.39857241800457,386498.0,49.53885920745446,-37.96310870035779,False
Czechia,CZE,1990,23.39857241800457,34879305.04928218,91.19402657521246,15.28644550708558,False
Czechia,CZE,1991,23.39857241800457,34879305.04928218,90.95135741766197,15.71072398221123,False
Czechia,CZE,1992,23.39857241800457,34879305.04928218,89.49887231483997,15.79255298959468,False
Czechia,CZE,1993,23.39857241800457,34879305.04928218,88.8064967786268,15.91636793540692,False
Czechia,CZE,1994,23.39857241800457,34879305.04928218,87.96196926052228,18.75396766041526,False
Czechia,CZE,1995,23.39857241800457,34879305.04928218,88.75949411687819,20.55121714007846,False
Czechia,CZE,1996,23.39857241800457,34879305.04928218,88.82418484707439,24.22655817416582,False
Czechia,CZE,1997,23.39857241800457,34879305.04928218,89.0149897538428,24.10635732493536,False
Czechia,CZE,1998,23.39857241800457,34879305.04928218,88.37061627460645,25.11436309428993,False
Czechia,CZE,1999,23.39857241800457,34879305.04928218,87.32796471446042,25.08173650905528,False
Czechia,CZE,2000,23.39857241800457,34879305.04928218,89.2116575551985,22.77986330136137,False
Czechia,CZE,2001,23.39857241800457,34879305.04928218,88.37923522795711,25.13609991255068,False
Czechia,CZE,2002,23.39857241800457,34879305.04928218,86.08756523336878,26.33594510485181,False
Czechia,CZE,2003,23.39857241800457,34879305.04928218,83.680480718792,25.06233741403747,False
Czechia,CZE,2004,23.39857241800457,34879305.04928218,83.19761427196038,25.55750340380388,False
Czechia,CZE,2005,23.39857241800457,34879305.04928218,83.09937872096802,28.10373958901302,False
Czechia,CZE,2006,23.39857241800457,34879305.04928218,82.46517338758989,27.66613399731197,False
Czechia,CZE,2007,23.39857241800457,34879305.04928218,82.75636976081753,25.13008634506997,False
Czechia,CZE,2008,23.39857241800457,34879305.04928218,80.87584911566472,27.93063538686178,False
Czechia,CZE,2009,23.39857241800457,34879305.04928218,78.81860963309182,27.00078124956185,False
Czechia,CZE,2010,23.39857241800457,34879305.04928218,79.23836063640255,25.55491105545826,False
Czechia,CZE,2011,23.39857241800457,34879305.04928218,78.00472788760594,28.88472082742859,False
Czechia,CZE,2012,23.39857241800457,34879305.04928218,76.15904235372447,25.4295760668279,False
Czechia,CZE,2013,23.39857241800457,34879305.04928218,74.91005034585592,27.71057840334287,False
Czechia,CZE,2014,23.39857241800457,34879305.04928218,73.97403825443368,30.28692534905948,False
Czechia,CZE,2015,23.39857241800457,34879305.04928218,75.349458412504,32.1172947810533,False
Czechia,CZE,2016,23.39857241800457,34879305.04928218,0.0,32.8779327240992,False
Czechia,CZE,2017,23.39857241800457,34879305.04928218,0.0,37.2880141258682,False
Czechia,CZE,2018,23.39857241800457,34879305.04928218,0.0,37.0866596456497,False
Czechia,CZE,2019,23.39857241800457,34879305.04928218,0.0,41.01730022150235,False
Czechia,CZE,2020,23.39857241800457,34879305.04928218,0.0,38.78497051478008,False
Czechia,CZE,2021,23.39857241800457,34879305.04928218,0.0,40.02614065510802,False
Czechia,CZE,2022,23.39857241800457,34879305.04928218,0.0,42.02336373966916,False
Czechia,CZE,2023,23.39857241800457,34879305.04928218,0.0,41.97514545054747,False
Czechia,CZE,2024,23.39857241800457,34879305.04928218,0.0,-37.96310870035779,False
Denmark,DNK,1990,23.39857241800457,34879305.04928218,89.62475646677836,49.81873086833043,False
Denmark,DNK,1991,23.39857241800457,34879305.04928218,94.06368790600142,42.75186317220601,False
Denmark,DNK,1992,23.39857241800457,34879305.04928218,90.701178421163,40.18763190234912,False
Denmark,DNK,1993,23.39857241800457,34879305.04928218,91.7317123907877,30.10398138762188,False
Denmark,DNK,1994,23.39857241800457,34879305.04928218,94.62506184689602,30.24866494758591,False
Denmark,DNK,1995,23.39857241800457,34879305.04928218,92.3388567475922,37.47965738230785,False
Denmark,DNK,1996,23.39857241800457,34879305.04928218,98.48192720615673,24.2696174567383,False
Denmark,DNK,1997,23.39857241800457,34879305.04928218,94.32513941051448,17.40277790821085,False
Denmark,DNK,1998,23.39857241800457,34879305.04928218,92.64345760651123,6.170293759300366,False
Denmark,DNK,1999,23.39857241800457,34879305.04928218,90.85510739176176,-18.76220338307657,False
Denmark,DNK,2000,23.39857241800457,34879305.04928218,88.24068186853378,-40.05045593561971,False
Denmark,DNK,2001,23.39857241800457,34879305.04928218,88.20935500440396,-31.5201059825194,False
Denmark,DNK,2002,23.39857241800457,34879305.04928218,87.96149950133977,-45.96493432252664,False
Denmark,DNK,2003,23.39857241800457,34879305.04928218,89.64242955753363,-34.23857126223997,False
Denmark,DNK,2004,23.39857241800457,34879305.04928218,85.44675466991082,-51.11523501546898,False
Denmark,DNK,2005,23.39857241800457,34879305.04928218,82.25896468531738,-55.21661099566613,False
Denmark,DNK,2006,29.7507991906,34879305.04928218,86.60117169659853,-38.95780848635576,False
Denmark,DNK,2007,22.714187685,34879305.04928218,81.94758966428185,-26.75325990875977,False
Denmark,DNK,2008,28.0973116025,34879305.04928218,80.10435723669359,-23.26511461638147,False
Denmark,DNK,2009,25.5683819107,34879305.04928218,78.863832481976,-20.24214727085494,False
Denmark,DNK,2010,25.5667984802,698012.0,78.56007908310998,-17.63265135319056,False
Denmark,DNK,2011,38.1936999736,782554.0,75.0927557993699,-6.930177350834528,False
Denmark,DNK,2012,38.7349219847,763945.0,71.31203775250157,-3.473025583982387,False
Denmark,DNK,2013,43.7204805851,752489.0,71.39673019381128,13.33464265807648,False
Denmark,DNK,2014,42.9997365947,750598.0,67.50530308517997,13.46039151626629,False
Denmark,DNK,2015,42.9102165412,753643.0,64.21185468528563,14.41914958919634,False
Denmark,DNK,2016,44.3347424126,715076.0,0.0,14.97374254860969,False
Denmark,DNK,2017,47.1412900372,820139.0,0.0,12.47132190977492,False
Denmark,DNK,2018,46.9945201589,833857.0,0.0,25.16462699150201,False
Denmark,DNK,2019,47.4982570108,880039.0,0.0,43.76761717469692,False
Denmark,DNK,2020,46.5399267691,933622.0,0.0,48.33434809080618,False
Denmark,DNK,2021,45.8153042356,1054552.0,0.0,34.83075575442275,False
Denmark,DNK,2022,23.39857241800457,1079406.0,0.0,47.39571982056422,False
Denmark,DNK,2023,23.39857241800457,926423.0,0.0,43.78719473826371,False
Denmark,DNK,2024,23.39857241800457,935848.0,0.0,-37.96310870035779,False
Djibouti,DJI,1990,23.39857241800457,34879305.04928218,0.0,-37.96310870035779,False
Djibouti,DJI,2004,23.39857241800457,34879305.04928218,0.0,-37.96310870035779,False
Djibouti,DJI,2005,23.39857241800457,34879305.04928218,0.0,-37.96310870035779,False
Djibouti,DJI,2006,13.4696492614,34879305.04928218,0.0,-37.96310870035779,False
Djibouti,DJI,2007,14.941001965,34879305.04928218,0.0,-37.96310870035779,False
Djibouti,DJI,2008,10.163355621,34879305.04928218,49.53885920745446,-37.96310870035779,False
Djibouti,DJI,2009,20.7932847066,34879305.04928218,49.53885920745446,-37.96310870035779,False
Djibouti,DJI,2010,17.432597585,406407.0,49.53885920745446,-37.96310870035779,False
Djibouti,DJI,2011,16.3107712727,703617.0,49.53885920745446,-37.96310870035779,False
Djibouti,DJI,2012,19.131408876,743273.0,49.53885920745446,-37.96310870035779,False
Djibouti,DJI,2013,20.0164023612,787867.0,49.53885920745446,-37.96310870035779,False
Djibouti,DJI,2014,21.555317361,864027.0,49.53885920745446,-37.96310870035779,False
Djibouti,DJI,2015,26.5796348276,910165.0,49.53885920745446,-37.96310870035779,False
Djibouti,DJI,2016,31.5958991857,987400.0,49.53885920745446,-37.96310870035779,False
Djibouti,DJI,2017,27.376175795,928000.0,49.53885920745446,-37.96310870035779,False
Djibouti,DJI,2018,31.8226423438,859000.0,49.53885920745446,-37.96310870035779,False
Djibouti,DJI,2019,32.6985958249,917000.0,49.53885920745446,-37.96310870035779,False
Djibouti,DJI,2020,32.4964394701,860000.0,49.53885920745446,-37.96310870035779,False
Djibouti,DJI,2021,34.1327668846,692000.0,49.53885920745446,-37.96310870035779,False
Djibouti,DJI,2022,23.39857241800457,635000.0,49.53885920745446,-37.96310870035779,False
Djibouti,DJI,2023,23.39857241800457,886831.0,49.53885920745446,-37.96310870035779,False
Djibouti,DJI,2024,23.39857241800457,1293000.0,49.53885920745446,-37.96310870035779,False
Dominica,DMA,1990,23.39857241800457,34879305.04928218,0.0,-37.96310870035779,False
Dominica,DMA,2004,23.39857241800457,34879305.04928218,0.0,-37.96310870035779,False
Dominica,DMA,2005,23.39857241800457,34879305.04928218,0.0,-37.96310870035779,False
Dominica,DMA,2006,4.7306563477,34879305.04928218,0.0,-37.96310870035779,False
Dominica,DMA,2007,3.9219531944,34879305.04928218,0.0,-37.96310870035779,False
Dominica,DMA,2008,3.8818966506,34879305.04928218,49.53885920745446,-37.96310870035779,False
Dominica,DMA,2009,4.2239119162,34879305.04928218,49.53885920745446,-37.96310870035779,False
Dominica,DMA,2010,4.5972935331,7363.0,49.53885920745446,-37.96310870035779,False
Dominica,DMA,2011,4.2960270438,7836.0,49.53885920745446,-37.96310870035779,False
Dominica,DMA,2012,4.2958152039,6890.0,49.53885920745446,-37.96310870035779,False
Dominica,DMA,2013,4.7529733834,7469.0,49.53885920745446,-37.96310870035779,False
Dominica,DMA,2014,4.4858031691,7744.0,49.53885920745446,-37.96310870035779,False
Dominica,DMA,2015,4.4858031691,7361.0,49.53885920745446,-37.96310870035779,False
Dominica,DMA,2016,5.1704230388,7361.0,49.53885920745446,-37.96310870035779,False
Dominica,DMA,2017,5.2043385814,7425.0,49.53885920745446,-37.96310870035779,False
Dominica,DMA,2018,5.9226713264,7393.0,49.53885920745446,-37.96310870035779,False
Dominica,DMA,2019,6.3457665475,7409.0,49.53885920745446,-37.96310870035779,False
Dominica,DMA,2020,6.3454311342,7401.0,49.53885920745446,-37.96310870035779,False
Dominica,DMA,2021,5.8940235752,34879305.04928218,49.53885920745446,-37.96310870035779,False
Dominican Republic,DOM,1990,23.39857241800457,34879305.04928218,76.49312905506626,-37.96310870035779,False
Dominican Republic,DOM,1991,23.39857241800457,34879305.04928218,76.21619559612736,-37.96310870035779,False
Dominican Republic,DOM,1992,23.39857241800457,34879305.04928218,78.81779740588755,-37.96310870035779,False
Dominican Republic,DOM,1993,23.39857241800457,34879305.04928218,81.1017235126655,-37.96310870035779,False
Dominican Republic,DOM,1994,23.39857241800457,34879305.04928218,83.62335534314856,-37.96310870035779,False
Dominican Republic,DOM,1995,23.39857241800457,34879305.04928218,84.97601349681925,-37.96310870035779,False
Dominican Republic,DOM,1996,23.39857241800457,34879305.04928218,85.62495284609464,-37.96310870035779,False
Dominican Republic,DOM,1997,23.39857241800457,34879305.04928218,87.23067845067801,-37.96310870035779,False
Dominican Republic,DOM,1998,23.39857241800457,34879305.04928218,84.86288170043473,-37.96310870035779,False
Dominican Republic,DOM,1999,23.39857241800457,34879305.04928218,85.07502663674023,-37.96310870035779,False
Dominican Republic,DOM,2000,23.39857241800457,34879305.04928218,85.59982332155788,-37.96310870035779,False
Dominican Republic,DOM,2001,23.39857241800457,34879305.04928218,85.91337216296274,-37.96310870035779,False
Dominican Republic,DOM,2002,23.39857241800457,34879305.04928218,83.97846269642568,-37.96310870035779,False
Dominican Republic,DOM,2003,23.39857241800457,34879305.04928218,85.40772845452173,-37.96310870035779,False
Dominican Republic,DOM,2004,23.39857241800457,34879305.04928218,80.75409452758126,-37.96310870035779,False
Dominican Republic,DOM,2005,23.39857241800457,34879305.04928218,83.90853400852349,-37.96310870035779,False
Dominican Republic,DOM,2006,24.1071657673,34879305.04928218,82.57653191649837,-37.96310870035779,False
Dominican Republic,DOM,2007,24.3256958378,34879305.04928218,82.37724589191112,-37.96310870035779,False
Dominican Republic,DOM,2008,23.9899007104,34879305.04928218,85.9990467011553,-37.96310870035779,False
Dominican Republic,DOM,2009,24.7535903239,34879305.04928218,84.35373186676158,-37.96310870035779,False
Dominican Republic,DOM,2010,24.8983997437,1382905.0,84.67326565949304,-37.96310870035779,False
Dominican Republic,DOM,2011,26.1658015064,1476007.0,85.48490275067661,-37.96310870035779,False
Dominican Republic,DOM,2012,28.1527309935,1751095.0,86.17988196913751,93.22932431096032,False
Dominican Republic,DOM,2013,29.9534470774,1446902.0,85.22869193103088,93.03254756123798,False
Dominican Republic,DOM,2014,27.7960592424,1265132.0,85.98924290371107,93.56531242044343,False
Dominican Republic,DOM,2015,27.2797720453,1367055.0,76.7792422041232,95.35658245386566,False
Dominican Republic,DOM,2016,35.6073289168,1486227.0,0.0,94.42444593687031,False
Dominican Republic,DOM,2017,38.2677742813,1770295.0,0.0,93.04080939770492,False
Dominican Republic,DOM,2018,38.5069290184,1906487.0,0.0,93.42020616858883,False
Dominican Republic,DOM,2019,38.1600903297,1894225.0,0.0,93.94065391416478,False
Dominican Republic,DOM,2020,38.2614847573,1781945.0,0.0,89.58661640350604,False
Dominican Republic,DOM,2021,42.2284050886,2184754.0,0.0,91.28737997256468,False
Dominican Republic,DOM,2022,23.39857241800457,2043326.0,0.0,94.4206892076641,False
Dominican Republic,DOM,2023,23.39857241800457,2101589.0,0.0,-37.96310870035779,False
Dominican Republic,DOM,2024,23.39857241800457,2110608.0,49.53885920745446,-37.96310870035779,False
Early-demographic dividend,EAR,1960,23.39857241800457,34879305.04928218,44.19907188742386,-37.96310870035779,True
Early-demographic dividend,EAR,1961,23.39857241800457,34879305.04928218,44.15911346707507,-37.96310870035779,True
Early-demographic dividend,EAR,1962,23.39857241800457,34879305.04928218,49.0496657421752,-37.96310870035779,True
Early-demographic dividend,EAR,1963,23.39857241800457,34879305.04928218,51.62627950599133,-37.96310870035779,True
Early-demographic dividend,EAR,1964,23.39857241800457,34879305.04928218,53.97489236859649,-37.96310870035779,True
Early-demographic dividend,EAR,1965,23.39857241800457,34879305.04928218,56.08172970749894,-37.96310870035779,True
Early-demographic dividend,EAR,1966,23.39857241800457,34879305.04928218,59.44922183786405,-37.96310870035779,True
Early-demographic dividend,EAR,1967,23.39857241800457,34879305.04928218,60.62461071181127,-37.96310870035779,True
Early-demographic dividend,EAR,1968,23.39857241800457,34879305.04928218,62.18319546684407,-37.96310870035779,True
Early-demographic dividend,EAR,1969,23.39857241800457,34879305.04928218,64.16108790981964,-37.96310870035779,True
Early-demographic dividend,EAR,1970,23.39857241800457,34879305.04928218,65.65402953079007,-37.96310870035779,True
Early-demographic dividend,EAR,1971,23.39857241800457,34879305.04928218,56.18210452776712,-37.96310870035779,True
Early-demographic dividend,EAR,1972,23.39857241800457,34879305.04928218,56.64035821403451,-37.96310870035779,True
Early-demographic dividend,EAR,1973,23.39857241800457,34879305.04928218,57.82240217675722,-37.96310870035779,True
Early-demographic dividend,EAR,1974,23.39857241800457,34879305.04928218,58.87666793032958,-37.96310870035779,True
Early-demographic dividend,EAR,1975,23.39857241800457,34879305.04928218,59.25905648055705,-37.96310870035779,True
Early-demographic dividend,EAR,1976,23.39857241800457,34879305.04928218,60.43458684612917,-37.96310870035779,True
Early-demographic dividend,EAR,1977,23.39857241800457,34879305.04928218,61.63772528619459,-37.96310870035779,True
Early-demographic dividend,EAR,1978,23.39857241800457,34879305.04928218,62.11382609607493,-37.96310870035779,True
Early-demographic dividend,EAR,1979,23.39857241800457,34879305.04928218,63.45809749622696,-37.96310870035779,True
Early-demographic dividend,EAR,1980,23.39857241800457,34879305.04928218,64.77330875440398,-37.96310870035779,True
Early-demographic dividend,EAR,1981,23.39857241800457,34879305.04928218,66.24525247468837,-37.96310870035779,True
Early-demographic dividend,EAR,1982,23.39857241800457,34879305.04928218,67.28231449002317,-37.96310870035779,True
Early-demographic dividend,EAR,1983,23.39857241800457,34879305.04928218,67.1787910311207,-37.96310870035779,True
Early-demographic dividend,EAR,1984,23.39857241800457,34879305.04928218,67.37356051252718,-37.96310870035779,True
Early-demographic dividend,EAR,1985,23.39857241800457,34879305.04928218,68.08271812182736,-37.96310870035779,True
Early-demographic dividend,EAR,1986,23.39857241800457,34879305.04928218,68.40550484485658,-37.96310870035779,True
Early-demographic dividend,EAR,1987,23.39857241800457,34879305.04928218,69.20655178324702,-37.96310870035779,True
Early-demographic dividend,EAR,1988,23.39857241800457,34879305.04928218,69.73197145138604,-37.96310870035779,True
Early-demographic dividend,EAR,1989,23.39857241800457,34879305.04928218,70.29494462958597,-37.96310870035779,True
Early-demographic dividend,EAR,1990,23.39857241800457,34879305.04928218,73.48945304481363,-71.21757767949774,True
Early-demographic dividend,EAR,1991,23.39857241800457,34879305.04928218,73.79892521532445,-71.60648909844606,True
Early-demographic dividend,EAR,1992,23.39857241800457,34879305.04928218,74.13530351433336,-68.5105227793932,True
Early-demographic dividend,EAR,1993,23.39857241800457,34879305.04928218,74.80358627653162,-66.26926698834116,True
Early-demographic dividend,EAR,1994,23.39857241800457,34879305.04928218,74.9990569841787,-61.84632484582899,True
Early-demographic dividend,EAR,1995,23.39857241800457,34879305.04928218,73.45757902469741,-60.15695853182805,True
Early-demographic dividend,EAR,1996,23.39857241800457,34879305.04928218,73.31998740442877,-67.15294051142995,True
Early-demographic dividend,EAR,1997,23.39857241800457,34879305.04928218,75.3872544554542,-54.49442460437108,True
Early-demographic dividend,EAR,1998,23.39857241800457,34879305.04928218,75.5785876403975,-63.00687465875616,True
Early-demographic dividend,EAR,1999,23.39857241800457,34879305.04928218,75.77394269118015,-56.15863013555976,True
Early-demographic dividend,EAR,2000,23.39857241800457,34879305.04928218,76.46039233325064,-56.88219506206887,True
Early-demographic dividend,EAR,2001,23.39857241800457,34879305.04928218,77.35683627006023,-55.66111381565857,True
Early-demographic dividend,EAR,2002,23.39857241800457,34879305.04928218,77.23886501305063,-50.65375120673739,True
Early-demographic dividend,EAR,2003,23.39857241800457,34879305.04928218,76.9040727635536,-54.24488848021007,True
Early-demographic dividend,EAR,2004,23.39857241800457,34879305.04928218,78.08394428729171,-54.50196640715394,True
Early-demographic dividend,EAR,2005,23.39857241800457,34879305.04928218,78.64589894969953,-54.18870984921504,True
Early-demographic dividend,EAR,2006,23.39857241800457,34879305.04928218,79.18907253531516,-50.17017600690435,True
Early-demographic dividend,EAR,2007,23.39857241800457,34879305.04928218,79.16631607146428,-44.87539863643011,True
Early-demographic dividend,EAR,2008,23.39857241800457,34879305.04928218,80.08570296183652,-41.25182979360314,True
Early-demographic dividend,EAR,2009,23.39857241800457,34879305.04928218,81.40752978170677,-33.79682166395586,True
Early-demographic dividend,EAR,2010,23.39857241800457,78093396.24599999,81.70680887645453,-32.37097060882806,True
Early-demographic dividend,EAR,2011,23.39857241800457,86598489.20199999,80.29806744055655,-31.79600788384661,True
Early-demographic dividend,EAR,2012,23.39857241800457,90664519.67,81.4471799020346,-28.90152389185265,True
Early-demographic dividend,EAR,2013,23.39857241800457,91971548.918,80.38132949259315,-26.78145830391934,True
Early-demographic dividend,EAR,2014,23.39857241800457,94481339.628,81.39966893802733,-20.65293213871152,True
Early-demographic dividend,EAR,2015,23.39857241800457,96478254.333,49.7915521087821,-18.18582822773284,True
Early-demographic dividend,EAR,2016,23.39857241800457,99968509.703,0.0,-19.69037529161207,True
Early-demographic dividend,EAR,2017,23.39857241800457,108839494.63,0.0,-16.65876463871867,True
Early-demographic dividend,EAR,2018,23.39857241800457,116163856.01,0.0,-16.8228476671918,True
Early-demographic dividend,EAR,2019,23.39857241800457,116353409.16,0.0,-12.7335364836445,True
Early-demographic dividend,EAR,2020,23.39857241800457,113573009.25,0.0,-9.854184703083927,True
Early-demographic dividend,EAR,2021,23.39857241800457,120691035.0,0.0,-8.969991741367037,True
Early-demographic dividend,EAR,2022,23.39857241800457,123298415.0,0.0,-8.748760446923605,True
Early-demographic dividend,EAR,2023,23.39857241800457,127271389.0,0.0,-37.96310870035779,True
Early-demographic dividend,EAR,2024,23.39857241800457,135788454.0,0.0,-37.96310870035779,True
East Asia & Pacific,EAS,1960,23.39857241800457,34879305.04928218,91.14805621570406,-37.96310870035779,True
East Asia & Pacific,EAS,1961,23.39857241800457,34879305.04928218,91.19144207501692,-37.96310870035779,True
East Asia & Pacific,EAS,1962,23.39857241800457,34879305.04928218,91.78950899432684,-37.96310870035779,True
East Asia & Pacific,EAS,1963,23.39857241800457,34879305.04928218,91.99572478646634,-37.96310870035779,True
East Asia & Pacific,EAS,1964,23.39857241800457,34879305.04928218,92.67797122262348,-37.96310870035779,True
East Asia & Pacific,EAS,1965,23.39857241800457,34879305.04928218,92.68585722392936,-37.96310870035779,True
East Asia & Pacific,EAS,1966,23.39857241800457,34879305.04928218,93.11888916183617,-37.96310870035779,True
East Asia & Pacific,EAS,1967,23.39857241800457,34879305.04928218,94.4052172459684,-37.96310870035779,True
East Asia & Pacific,EAS,1968,23.39857241800457,34879305.04928218,94.72148855185716,-37.96310870035779,True
East Asia & Pacific,EAS,1969,23.39857241800457,34879305.04928218,95.23342118969605,-37.96310870035779,True
East Asia & Pacific,EAS,1970,23.39857241800457,34879305.04928218,95.52565262261086,-37.96310870035779,True
East Asia & Pacific,EAS,1971,23.39857241800457,34879305.04928218,72.9700862190713,-37.96310870035779,True
East Asia & Pacific,EAS,1972,23.39857241800457,34879305.04928218,73.74900645497672,-37.96310870035779,True
East Asia & Pacific,EAS,1973,23.39857241800457,34879305.04928218,75.09560334680991,-37.96310870035779,True
East Asia & Pacific,EAS,1974,23.39857241800457,34879305.04928218,74.62725187604394,-37.96310870035779,True
East Asia & Pacific,EAS,1975,23.39857241800457,34879305.04928218,74.83156040742372,-37.96310870035779,True
East Asia & Pacific,EAS,1976,23.39857241800457,34879305.04928218,75.39160905496526,-37.96310870035779,True
East Asia & Pacific,EAS,1977,23.39857241800457,34879305.04928218,76.70228660431266,-37.96310870035779,True
East Asia & Pacific,EAS,1978,23.39857241800457,34879305.04928218,76.9825509056768,-37.96310870035779,True
East Asia & Pacific,EAS,1979,23.39857241800457,34879305.04928218,76.98601348074396,-37.96310870035779,True
East Asia & Pacific,EAS,1980,23.39857241800457,34879305.04928218,76.20906123168865,-37.96310870035779,True
East Asia & Pacific,EAS,1981,23.39857241800457,34879305.04928218,75.43414202837822,-37.96310870035779,True
East Asia & Pacific,EAS,1982,23.39857241800457,34879305.04928218,75.06548108740803,-37.96310870035779,True
East Asia & Pacific,EAS,1983,23.39857241800457,34879305.04928218,75.06475883372437,-37.96310870035779,True
East Asia & Pacific,EAS,1984,23.39857241800457,34879305.04928218,75.47822564321682,-37.96310870035779,True
East Asia & Pacific,EAS,1985,23.39857241800457,34879305.04928218,74.91536252008729,-37.96310870035779,True
East Asia & Pacific,EAS,1986,23.39857241800457,34879305.04928218,75.29719595522106,-37.96310870035779,True
East Asia & Pacific,EAS,1987,23.39857241800457,34879305.04928218,75.33150733433108,-37.96310870035779,True
East Asia & Pacific,EAS,1988,23.39857241800457,34879305.04928218,76.40001355620392,-37.96310870035779,True
East Asia & Pacific,EAS,1989,23.39857241800457,34879305.04928218,76.5593591915694,-37.96310870035779,True
East Asia & Pacific,EAS,1990,23.39857241800457,34879305.04928218,77.59980076123414,19.47466939302022,True
East Asia & Pacific,EAS,1991,23.39857241800457,34879305.04928218,77.26058656056954,18.74889240358177,True
East Asia & Pacific,EAS,1992,23.39857241800457,34879305.04928218,77.74859075933558,20.36120340070197,True
East Asia & Pacific,EAS,1993,23.39857241800457,34879305.04928218,78.18092966137888,21.75262978661866,True
East Asia & Pacific,EAS,1994,23.39857241800457,34879305.04928218,78.65381593812185,22.00453563505176,True
East Asia & Pacific,EAS,1995,23.39857241800457,34879305.04928218,79.04891892460034,21.51174466559354,True
East Asia & Pacific,EAS,1996,23.39857241800457,34879305.04928218,79.56743386075524,21.88587039432338,True
East Asia & Pacific,EAS,1997,23.39857241800457,34879305.04928218,79.6649328363027,22.87190789064946,True
East Asia & Pacific,EAS,1998,23.39857241800457,34879305.04928218,79.11946234581632,20.68620005055078,True
East Asia & Pacific,EAS,1999,23.39857241800457,34879305.04928218,79.71863519167368,21.70652261792178,True
East Asia & Pacific,EAS,2000,23.39857241800457,34879305.04928218,80.1320987081742,22.85225792976487,True
East Asia & Pacific,EAS,2001,23.39857241800457,34879305.04928218,81.17697403781841,20.80710272653998,True
East Asia & Pacific,EAS,2002,23.39857241800457,34879305.04928218,81.89322966418368,21.08401752429316,True
East Asia & Pacific,EAS,2003,23.39857241800457,34879305.04928218,83.38329095415358,21.04509579637822,True
East Asia & Pacific,EAS,2004,23.39857241800457,34879305.04928218,84.24133483033232,22.0696100055954,True
East Asia & Pacific,EAS,2005,23.39857241800457,34879305.04928218,84.6241556145756,19.5559765109119,True
East Asia & Pacific,EAS,2006,23.39857241800457,34879305.04928218,85.2662101339564,19.04956495954297,True
East Asia & Pacific,EAS,2007,23.39857241800457,34879305.04928218,86.15024095388608,19.31107160911909,True
East Asia & Pacific,EAS,2008,23.39857241800457,34879305.04928218,86.49635537425154,19.31832799005907,True
East Asia & Pacific,EAS,2009,23.39857241800457,34879305.04928218,86.59552631968035,19.67633329567617,True
East Asia & Pacific,EAS,2010,23.39857241800457,296207012.635,87.55525063694749,20.35639287429958,True
East Asia & Pacific,EAS,2011,23.39857241800457,323115026.769,88.77916230949351,20.4192083479934,True
East Asia & Pacific,EAS,2012,23.39857241800457,342955016.0710001,89.21946142657367,21.55531198147265,True
East Asia & Pacific,EAS,2013,23.39857241800457,356807781.9729999,89.0378589807846,21.46863200482073,True
East Asia & Pacific,EAS,2014,23.39857241800457,375417614.341,88.13312987721966,21.12606276855097,True
East Asia & Pacific,EAS,2015,23.39857241800457,381849327.243,70.55882695587076,21.02869621808456,True
East Asia & Pacific,EAS,2016,23.39857241800457,392804715.2589999,0.0,22.38578013891599,True
East Asia & Pacific,EAS,2017,23.39857241800457,418291954.142,0.0,23.49377410434262,True
East Asia & Pacific,EAS,2018,23.39857241800457,438609764.494,0.0,23.79650503541296,True
East Asia & Pacific,EAS,2019,23.39857241800457,449604952.96,0.0,23.08526580559722,True
East Asia & Pacific,EAS,2020,23.39857241800457,446808797.0,0.0,23.28571688755137,True
East Asia & Pacific,EAS,2021,23.39857241800457,474255609.0,0.0,22.7168133107294,True
East Asia & Pacific,EAS,2022,23.39857241800457,483991467.0,0.0,21.58272620596464,True
East Asia & Pacific,EAS,2023,23.39857241800457,493553514.0,0.0,22.17867862626881,True
East Asia & Pacific,EAS,2024,23.39857241800457,527447343.0,0.0,-37.96310870035779,True
East Asia & Pacific (IDA & IBRD countries),TEA,1971,23.39857241800457,34879305.04928218,55.5049142874384,-37.96310870035779,True
East Asia & Pacific (IDA & IBRD countries),TEA,1972,23.39857241800457,34879305.04928218,56.48836561780896,-37.96310870035779,True
East Asia & Pacific (IDA & IBRD countries),TEA,1973,23.39857241800457,34879305.04928218,57.16655413285108,-37.96310870035779,True
East Asia & Pacific (IDA & IBRD countries),TEA,1974,23.39857241800457,34879305.04928218,57.26261722355118,-37.96310870035779,True
East Asia & Pacific (IDA & IBRD countries),TEA,1975,23.39857241800457,34879305.04928218,59.99253650471822,-37.96310870035779,True
East Asia & Pacific (IDA & IBRD countries),TEA,1976,23.39857241800457,34879305.04928218,60.62372592180454,-37.96310870035779,True
East Asia & Pacific (IDA & IBRD countries),TEA,1977,23.39857241800457,34879305.04928218,63.1285322882053,-37.96310870035779,True
East Asia & Pacific (IDA & IBRD countries),TEA,1978,23.39857241800457,34879305.04928218,65.41313936265773,-37.96310870035779,True
East Asia & Pacific (IDA & IBRD countries),TEA,1979,23.39857241800457,34879305.04928218,65.49117773407652,-37.96310870035779,True
East Asia & Pacific (IDA & IBRD countries),TEA,1980,23.39857241800457,34879305.04928218,64.94159215242895,-37.96310870035779,True
East Asia & Pacific (IDA & IBRD countries),TEA,1981,23.39857241800457,34879305.04928218,64.21436913735923,-37.96310870035779,True
East Asia & Pacific (IDA & IBRD countries),TEA,1982,23.39857241800457,34879305.04928218,64.5497924429521,-37.96310870035779,True
East Asia & Pacific (IDA & IBRD countries),TEA,1983,23.39857241800457,34879305.04928218,65.55989775455205,-37.96310870035779,True
East Asia & Pacific (IDA & IBRD countries),TEA,1984,23.39857241800457,34879305.04928218,66.82731690896117,-37.96310870035779,True
East Asia & Pacific (IDA & IBRD countries),TEA,1985,23.39857241800457,34879305.04928218,67.21185532782073,-37.96310870035779,True
East Asia & Pacific (IDA & IBRD countries),TEA,1986,23.39857241800457,34879305.04928218,68.05793490108819,-37.96310870035779,True
East Asia & Pacific (IDA & IBRD countries),TEA,1987,23.39857241800457,34879305.04928218,69.06212580483262,-37.96310870035779,True
East Asia & Pacific (IDA & IBRD countries),TEA,1988,23.39857241800457,34879305.04928218,70.05172243672094,-37.96310870035779,True
East Asia & Pacific (IDA & IBRD countries),TEA,1989,23.39857241800457,34879305.04928218,70.16228716006614,-37.96310870035779,True
East Asia & Pacific (IDA & IBRD countries),TEA,1990,23.39857241800457,34879305.04928218,71.89746608484104,-9.24361747356733,True
East Asia & Pacific (IDA & IBRD countries),TEA,1991,23.39857241800457,34879305.04928218,71.55422322209326,-9.856094916273962,True
East Asia & Pacific (IDA & IBRD countries),TEA,1992,23.39857241800457,34879305.04928218,72.27380062529335,-8.514569719377079,True
East Asia & Pacific (IDA & IBRD countries),TEA,1993,23.39857241800457,34879305.04928218,73.77070130720358,-5.660372458126374,True
East Asia & Pacific (IDA & IBRD countries),TEA,1994,23.39857241800457,34879305.04928218,74.2854500366274,-7.050096082199381,True
East Asia & Pacific (IDA & IBRD countries),TEA,1995,23.39857241800457,34879305.04928218,75.67817443406528,-5.900390496037717,True
East Asia & Pacific (IDA & IBRD countries),TEA,1996,23.39857241800457,34879305.04928218,76.58969673549869,-5.81253834571431,True
East Asia & Pacific (IDA & IBRD countries),TEA,1997,23.39857241800457,34879305.04928218,76.65275525527224,-4.151394709883686,True
East Asia & Pacific (IDA & IBRD countries),TEA,1998,23.39857241800457,34879305.04928218,76.62363018295663,-5.428180891204451,True
East Asia & Pacific (IDA & IBRD countries),TEA,1999,23.39857241800457,34879305.04928218,77.02868669901038,-4.729700581712694,True
East Asia & Pacific (IDA & IBRD countries),TEA,2000,23.39857241800457,34879305.04928218,78.02442287995346,-2.778319367541842,True
East Asia & Pacific (IDA & IBRD countries),TEA,2001,23.39857241800457,34879305.04928218,78.90263921057458,-4.344497224444622,True
East Asia & Pacific (IDA & IBRD countries),TEA,2002,23.39857241800457,34879305.04928218,80.08362606224775,-2.961944983949805,True
East Asia & Pacific (IDA & IBRD countries),TEA,2003,23.39857241800457,34879305.04928218,82.18408298149602,-1.673121549254587,True
East Asia & Pacific (IDA & IBRD countries),TEA,2004,23.39857241800457,34879305.04928218,83.97986788446937,1.17391091702469,True
East Asia & Pacific (IDA & IBRD countries),TEA,2005,23.39857241800457,34879305.04928218,85.24284077139649,0.5074133019690017,True
East Asia & Pacific (IDA & IBRD countries),TEA,2006,23.39857241800457,34879305.04928218,86.10088713856786,0.6600060207608455,True
East Asia & Pacific (IDA & IBRD countries),TEA,2007,23.39857241800457,34879305.04928218,86.7595273585054,1.893447673532466,True
East Asia & Pacific (IDA & IBRD countries),TEA,2008,23.39857241800457,34879305.04928218,87.24463001750682,2.879317784379802,True
East Asia & Pacific (IDA & IBRD countries),TEA,2009,23.39857241800457,34879305.04928218,87.92696793073019,5.252600864528159,True
East Asia & Pacific (IDA & IBRD countries),TEA,2010,23.39857241800457,182839708.155,88.944978533448,6.652422754620084,True
East Asia & Pacific (IDA & IBRD countries),TEA,2011,23.39857241800457,203227990.219,89.22652243410714,6.796785020084534,True
East Asia & Pacific (IDA & IBRD countries),TEA,2012,23.39857241800457,220234830.391,88.9936881203137,8.392520691035969,True
East Asia & Pacific (IDA & IBRD countries),TEA,2013,23.39857241800457,232475339.873,88.90562174224108,9.219775275251784,True
East Asia & Pacific (IDA & IBRD countries),TEA,2014,23.39857241800457,246994174.811,87.79690734944795,10.0752222502086,True
East Asia & Pacific (IDA & IBRD countries),TEA,2015,23.39857241800457,258526800.723,67.85775120318647,10.33536387304956,True
East Asia & Pacific (IDA & IBRD countries),TEA,2016,23.39857241800457,268485000.749,0.0,12.28330742908593,True
East Asia & Pacific (IDA & IBRD countries),TEA,2017,23.39857241800457,286943428.3719999,0.0,13.64647711471427,True
East Asia & Pacific (IDA & IBRD countries),TEA,2018,23.39857241800457,302076903.814,0.0,14.94659333428026,True
East Asia & Pacific (IDA & IBRD countries),TEA,2019,23.39857241800457,313676634.14,0.0,15.67326505964821,True
East Asia & Pacific (IDA & IBRD countries),TEA,2020,23.39857241800457,314886452.0,0.0,17.45424781582717,True
East Asia & Pacific (IDA & IBRD countries),TEA,2021,23.39857241800457,338516581.0,0.0,16.24321262947535,True
East Asia & Pacific (IDA & IBRD countries),TEA,2022,23.39857241800457,351482333.0,0.0,15.17290909845744,True
East Asia & Pacific (IDA & IBRD countries),TEA,2023,23.39857241800457,362532718.0,0.0,17.8899992184701,True
East Asia & Pacific (IDA & IBRD countries),TEA,2024,23.39857241800457,392011819.0,49.53885920745446,-37.96310870035779,True
East Asia & Pacific (excluding high income),EAP,1971,23.39857241800457,34879305.04928218,56.93384989981993,-37.96310870035779,True
East Asia & Pacific (excluding high income),EAP,1972,23.39857241800457,34879305.04928218,57.87197962752229,-37.96310870035779,True
East Asia & Pacific (excluding high income),EAP,1973,23.39857241800457,34879305.04928218,58.49990681359921,-37.96310870035779,True
East Asia & Pacific (excluding high income),EAP,1974,23.39857241800457,34879305.04928218,58.62259807601104,-37.96310870035779,True
East Asia & Pacific (excluding high income),EAP,1975,23.39857241800457,34879305.04928218,61.18477369484209,-37.96310870035779,True
East Asia & Pacific (excluding high income),EAP,1976,23.39857241800457,34879305.04928218,61.83315722386661,-37.96310870035779,True
East Asia & Pacific (excluding high income),EAP,1977,23.39857241800457,34879305.04928218,64.22112272781409,-37.96310870035779,True
East Asia & Pacific (excluding high income),EAP,1978,23.39857241800457,34879305.04928218,66.4299678807908,-37.96310870035779,True
East Asia & Pacific (excluding high income),EAP,1979,23.39857241800457,34879305.04928218,66.56045904904603,-37.96310870035779,True
East Asia & Pacific (excluding high income),EAP,1980,23.39857241800457,34879305.04928218,66.10260957172798,-37.96310870035779,True
East Asia & Pacific (excluding high income),EAP,1981,23.39857241800457,34879305.04928218,65.43811207574382,-37.96310870035779,True
East Asia & Pacific (excluding high income),EAP,1982,23.39857241800457,34879305.04928218,65.78389961613453,-37.96310870035779,True
East Asia & Pacific (excluding high income),EAP,1983,23.39857241800457,34879305.04928218,66.75674444511733,-37.96310870035779,True
East Asia & Pacific (excluding high income),EAP,1984,23.39857241800457,34879305.04928218,67.94415293422558,-37.96310870035779,True
East Asia & Pacific (excluding high income),EAP,1985,23.39857241800457,34879305.04928218,68.31926744829802,-37.96310870035779,True
East Asia & Pacific (excluding high income),EAP,1986,23.39857241800457,34879305.04928218,69.06350644736237,-37.96310870035779,True
East Asia & Pacific (excluding high income),EAP,1987,23.39857241800457,34879305.04928218,69.93846160923948,-37.96310870035779,True
East Asia & Pacific (excluding high income),EAP,1988,23.39857241800457,34879305.04928218,70.85727551593584,-37.96310870035779,True
East Asia & Pacific (excluding high income),EAP,1989,23.39857241800457,34879305.04928218,70.9382328989798,-37.96310870035779,True
East Asia & Pacific (excluding high income),EAP,1990,23.39857241800457,34879305.04928218,72.53151542598897,-8.583750737516008,True
East Asia & Pacific (excluding high income),EAP,1991,23.39857241800457,34879305.04928218,72.16595043550005,-9.24608796246102,True
East Asia & Pacific (excluding high income),EAP,1992,23.39857241800457,34879305.04928218,72.75394052758398,-8.022956199287535,True
East Asia & Pacific (excluding high income),EAP,1993,23.39857241800457,34879305.04928218,74.14772391489069,-5.292700366395377,True
East Asia & Pacific (excluding high income),EAP,1994,23.39857241800457,34879305.04928218,74.58805875922705,-6.757815544141009,True
East Asia & Pacific (excluding high income),EAP,1995,23.39857241800457,34879305.04928218,75.90806083965292,-5.659797341621913,True
East Asia & Pacific (excluding high income),EAP,1996,23.39857241800457,34879305.04928218,76.76378792467445,-5.624773652496083,True
East Asia & Pacific (excluding high income),EAP,1997,23.39857241800457,34879305.04928218,76.82260056537358,-4.021121673974385,True
East Asia & Pacific (excluding high income),EAP,1998,23.39857241800457,34879305.04928218,76.77621800940277,-5.26383786830556,True
East Asia & Pacific (excluding high income),EAP,1999,23.39857241800457,34879305.04928218,77.19109915476358,-4.615009575943946,True
East Asia & Pacific (excluding high income),EAP,2000,23.39857241800457,34879305.04928218,78.18893442368166,-2.676595130998309,True
East Asia & Pacific (excluding high income),EAP,2001,23.39857241800457,34879305.04928218,79.05736753436072,-4.208878857851337,True
East Asia & Pacific (excluding high income),EAP,2002,23.39857241800457,34879305.04928218,80.20409053762579,-2.863639533123013,True
East Asia & Pacific (excluding high income),EAP,2003,23.39857241800457,34879305.04928218,82.26837584624322,-1.612711962839025,True
East Asia & Pacific (excluding high income),EAP,2004,23.39857241800457,34879305.04928218,84.03732481244977,1.174460634975596,True
East Asia & Pacific (excluding high income),EAP,2005,23.39857241800457,34879305.04928218,85.28671682518029,0.4707660406500911,True
East Asia & Pacific (excluding high income),EAP,2006,23.39857241800457,34879305.04928218,86.1367098010054,0.6242670902971916,True
East Asia & Pacific (excluding high income),EAP,2007,23.39857241800457,34879305.04928218,86.76857427679748,1.825114023185203,True
East Asia & Pacific (excluding high income),EAP,2008,23.39857241800457,34879305.04928218,87.25609354480858,2.831941088291828,True
East Asia & Pacific (excluding high income),EAP,2009,23.39857241800457,34879305.04928218,87.79982838422492,5.182708397719737,True
East Asia & Pacific (excluding high income),EAP,2010,23.39857241800457,182815261.675,88.8086876308191,6.547668020127889,True
East Asia & Pacific (excluding high income),EAP,2011,23.39857241800457,203207764.352,89.11148053599261,6.576625183282593,True
East Asia & Pacific (excluding high income),EAP,2012,23.39857241800457,220213433.784,88.90117951780216,8.177592311710605,True
East Asia & Pacific (excluding high income),EAP,2013,23.39857241800457,232446228.498,88.80738839733189,8.912662274348776,True
East Asia & Pacific (excluding high income),EAP,2014,23.39857241800457,246961684.738,87.70867364334823,9.7903925923831,True
East Asia & Pacific (excluding high income),EAP,2015,23.39857241800457,258493471.943,67.82605282660025,9.99878677808734,True
East Asia & Pacific (excluding high income),EAP,2016,23.39857241800457,268455477.763,0.0,11.89771133315718,True
East Asia & Pacific (excluding high income),EAP,2017,23.39857241800457,286917882.9100001,0.0,13.56809839638274,True
East Asia & Pacific (excluding high income),EAP,2018,23.39857241800457,302049237.711,0.0,14.90271028985838,True
East Asia & Pacific (excluding high income),EAP,2019,23.39857241800457,313654908.08,0.0,15.62385643169353,True
East Asia & Pacific (excluding high income),EAP,2020,23.39857241800457,314886452.0,0.0,17.40012779177101,True
East Asia & Pacific (excluding high income),EAP,2021,23.39857241800457,338516581.0,0.0,16.20216972953112,True
East Asia & Pacific (excluding high income),EAP,2022,23.39857241800457,351482333.0,0.0,15.13441212142733,True
East Asia & Pacific (excluding high income),EAP,2023,23.39857241800457,362532718.0,0.0,17.8899992184701,True
East Asia & Pacific (excluding high income),EAP,2024,23.39857241800457,392011819.0,49.53885920745446,-37.96310870035779,True
Ecuador,ECU,1990,23.39857241800457,34879305.04928218,78.20845403614555,-159.2759310266768,False
Ecuador,ECU,1991,23.39857241800457,34879305.04928218,78.6472318392302,-156.9345423998971,False
Ecuador,ECU,1992,23.39857241800457,34879305.04928218,81.83407272649748,-178.5753045698774,False
Ecuador,ECU,1993,23.39857241800457,34879305.04928218,79.69505617532927,-199.7029390397436,False
Ecuador,ECU,1994,23.39857241800457,34879305.04928218,80.38780681091974,-200.153162213354,False
Ecuador,ECU,1995,23.39857241800457,34879305.04928218,84.10864785208913,-177.2540380454743,False
Ecuador,ECU,1996,23.39857241800457,34879305.04928218,83.40533999688711,-160.3911818428018,False
Ecuador,ECU,1997,23.39857241800457,34879305.04928218,85.74665487332618,-144.8227918709877,False
Ecuador,ECU,1998,23.39857241800457,34879305.04928218,84.96155022727679,-137.8726863668166,False
Ecuador,ECU,1999,23.39857241800457,34879305.04928218,82.85336362407214,-157.3999363627086,False
Ecuador,ECU,2000,23.39857241800457,34879305.04928218,91.4791858896178,-169.1347947417586,False
Ecuador,ECU,2001,23.39857241800457,34879305.04928218,93.0592328321189,-155.4163092503945,False
Ecuador,ECU,2002,23.39857241800457,34879305.04928218,83.70027802530004,-131.0470146805548,False
Ecuador,ECU,2003,23.39857241800457,34879305.04928218,76.67803865943613,-123.5377601328312,False
Ecuador,ECU,2004,23.39857241800457,34879305.04928218,70.2682196083149,-168.1706679535119,False
Ecuador,ECU,2005,23.39857241800457,34879305.04928218,68.32309226471092,-149.129257722832,False
Ecuador,ECU,2006,16.2406050355,34879305.04928218,69.73764852501368,-153.0940185235507,False
Ecuador,ECU,2007,14.7293437557,34879305.04928218,72.40038406360732,-129.4667116008175,False
Ecuador,ECU,2008,18.3690516107,34879305.04928218,73.10306672108729,-150.5834561398243,False
Ecuador,ECU,2009,20.6139570994,34879305.04928218,82.29926756948555,-118.8437823763834,False
Ecuador,ECU,2010,25.6176815296,1209347.0,79.05597862633192,-106.152261533207,False
Ecuador,ECU,2011,25.1548660741,1527372.0,78.68000187915742,-104.7499991258096,False
Ecuador,ECU,2012,20.9551900149,1591052.0,77.97345829171022,-108.8905342093781,False
Ecuador,ECU,2013,21.9222834872,1642336.0,79.82138311474881,-105.5665404281062,False
Ecuador,ECU,2014,22.0757895852,1772533.0,78.1516061618721,-98.81867099729772,False
Ecuador,ECU,2015,29.3648607352,1866808.0,36.93789969552693,-101.688517111697,False
Ecuador,ECU,2016,29.6536559386,1907090.0,0.0,-113.6296046955476,False
Ecuador,ECU,2017,32.0022092183,1990210.0,0.0,-104.5508579082941,False
Ecuador,ECU,2018,24.7554165232,2212486.0,0.0,-98.7115274634102,False
Ecuador,ECU,2019,32.5652828261,2127042.0,0.0,-95.75423182589044,False
Ecuador,ECU,2020,38.0043442688,2294564.0,0.0,-105.8982162540642,False
Ecuador,ECU,2021,37.3784534267,2370031.0,0.0,-75.60514971739313,False
Ecuador,ECU,2022,23.39857241800457,2333272.0,0.0,-69.40131494172502,False
Ecuador,ECU,2023,23.39857241800457,2604311.0,0.0,-37.96310870035779,False
Ecuador,ECU,2024,23.39857241800457,2567040.0,49.53885920745446,-37.96310870035779,False
"Egypt, Arab Rep.",EGY,1990,23.39857241800457,34879305.04928218,90.25668840974669,-61.76088777665733,False
"Egypt, Arab Rep.",EGY,1991,23.39857241800457,34879305.04928218,90.11026846669937,-61.84437196885363,False
"Egypt, Arab Rep.",EGY,1992,23.39857241800457,34879305.04928218,90.41765706871206,-66.2399409703826,False
"Egypt, Arab Rep.",EGY,1993,23.39857241800457,34879305.04928218,90.33625831805574,-65.83608592223817,False
"Egypt, Arab Rep.",EGY,1994,23.39857241800457,34879305.04928218,89.6022244915955,-67.70447128299628,False
"Egypt, Arab Rep.",EGY,1995,23.39857241800457,34879305.04928218,89.99921652238416,-60.06157378417866,False
"Egypt, Arab Rep.",EGY,1996,23.39857241800457,34879305.04928218,90.38191379812518,-46.31347735884707,False
"Egypt, Arab Rep.",EGY,1997,23.39857241800457,34879305.04928218,90.5988801677011,-38.20169525430597,False
"Egypt, Arab Rep.",EGY,1998,23.39857241800457,34879305.04928218,91.22400134730158,-30.31021793598699,False
"Egypt, Arab Rep.",EGY,1999,23.39857241800457,34879305.04928218,90.88620829239596,-31.28071334034496,False
"Egypt, Arab Rep.",EGY,2000,23.39857241800457,34879305.04928218,91.48981985305102,-23.17158632649601,False
"Egypt, Arab Rep.",EGY,2001,23.39857241800457,34879305.04928218,90.7295038968966,-17.83843050350075,False
"Egypt, Arab Rep.",EGY,2002,23.39857241800457,34879305.04928218,91.92075725401088,-19.2749309841277,False
"Egypt, Arab Rep.",EGY,2003,23.39857241800457,34879305.04928218,91.95637051844658,-19.31778180066077,False
"Egypt, Arab Rep.",EGY,2004,23.39857241800457,34879305.04928218,92.86163202406296,-11.46463767121714,False
"Egypt, Arab Rep.",EGY,2005,23.39857241800457,34879305.04928218,93.6670787511882,-22.4873418367752,False
"Egypt, Arab Rep.",EGY,2006,46.9971737433,34879305.04928218,93.77973219271313,-20.9366266869949,False
"Egypt, Arab Rep.",EGY,2007,45.1184400632,34879305.04928218,93.90444192292826,-19.33035979500508,False
"Egypt, Arab Rep.",EGY,2008,47.4090476722,34879305.04928218,94.21538837790264,-21.07993371827156,False
"Egypt, Arab Rep.",EGY,2009,45.5020786847,34879305.04928218,94.47139314376234,-16.96540674976509,False
"Egypt, Arab Rep.",EGY,2010,46.4001607958,6715321.0,94.32839730181075,-15.28254200104097,False
"Egypt, Arab Rep.",EGY,2011,51.7730817488,7181079.0,94.05864785468032,-9.09167679579822,False
"Egypt, Arab Rep.",EGY,2012,52.3779286795,6424921.0,93.89304409593704,-3.823938021902749,False
"Egypt, Arab Rep.",EGY,2013,54.0266219116,6456469.0,93.8973902079236,0.7510738735106217,False
"Egypt, Arab Rep.",EGY,2014,55.6266693031,6979807.0,90.22065734555792,8.090144841188767,False
"Egypt, Arab Rep.",EGY,2015,55.5437539198,6490063.0,62.7106573100733,12.86111456170546,False
"Egypt, Arab Rep.",EGY,2016,56.0794476654,5887541.0,0.0,19.05398978727349,False
"Egypt, Arab Rep.",EGY,2017,56.928303866,6337413.0,0.0,14.12995203980992,False
"Egypt, Arab Rep.",EGY,2018,55.2072911093,6701763.0,0.0,4.995734588915279,False
"Egypt, Arab Rep.",EGY,2019,61.1718524244,7403472.0,0.0,-0.5310339823894569,False
"Egypt, Arab Rep.",EGY,2020,68.5087319001,7564385.0,0.0,-0.0682943718058065,False
"Egypt, Arab Rep.",EGY,2021,66.6745889083,7226065.0,0.0,1.635210372358869,False
"Egypt, Arab Rep.",EGY,2022,23.39857241800457,7646643.0,0.0,9.785106844978246,False
"Egypt, Arab Rep.",EGY,2023,23.39857241800457,8360875.0,0.0,20.25637857956281,False
"Egypt, Arab Rep.",EGY,2024,23.39857241800457,8581339.0,49.53885920745446,-37.96310870035779,False
El Salvador,SLV,1990,23.39857241800457,34879305.04928218,31.43285533853736,32.05347728086215,False
El Salvador,SLV,1991,23.39857241800457,34879305.04928218,36.70404055430848,37.63318815714233,False
El Salvador,SLV,1992,23.39857241800457,34879305.04928218,38.13719301061158,39.75993998499639,False
El Salvador,SLV,1993,23.39857241800457,34879305.04928218,41.63143830686747,44.60566459269214,False
El Salvador,SLV,1994,23.39857241800457,34879305.04928218,44.50769978225286,44.17906611020364,False
El Salvador,SLV,1995,23.39857241800457,34879305.04928218,46.71625268544306,49.27684555411042,False
El Salvador,SLV,1996,23.39857241800457,34879305.04928218,43.12195298564018,45.55836619299158,False
El Salvador,SLV,1997,23.39857241800457,34879305.04928218,47.61907664565975,48.69865498568987,False
El Salvador,SLV,1998,23.39857241800457,34879305.04928218,49.20837981796357,51.40185694590554,False
El Salvador,SLV,1999,23.39857241800457,34879305.04928218,46.52475528011259,48.46291922531891,False
El Salvador,SLV,2000,23.39857241800457,34879305.04928218,55.84689923009499,59.87295459136715,False
El Salvador,SLV,2001,23.39857241800457,34879305.04928218,54.11237223662614,56.65407812411918,False
El Salvador,SLV,2002,23.39857241800457,34879305.04928218,53.64949247830263,55.98358802939918,False
El Salvador,SLV,2003,23.39857241800457,34879305.04928218,53.2710248272676,57.51701724755603,False
El Salvador,SLV,2004,23.39857241800457,34879305.04928218,51.77576757804984,57.27776298944105,False
El Salvador,SLV,2005,23.39857241800457,34879305.04928218,51.39137703824396,54.22966696313857,False
El Salvador,SLV,2006,8.2039481345,34879305.04928218,50.85139690910266,53.5021664079333,False
El Salvador,SLV,2007,8.3389675669,34879305.04928218,51.31731859989953,56.26319674523188,False
El Salvador,SLV,2008,8.7406324709,34879305.04928218,47.3897063372528,50.5744986885525,False
El Salvador,SLV,2009,8.5671066877,34879305.04928218,47.71324111764019,50.96573529917185,False
El Salvador,SLV,2010,8.3170633473,145774.0,46.67901484982383,49.37518704861294,False
El Salvador,SLV,2011,8.1532589664,161226.0,48.20968271792238,49.69927963030097,False
El Salvador,SLV,2012,8.039227073,160982.0,47.74592126710356,49.56977929260019,False
El Salvador,SLV,2013,7.7256038859,180634.0,47.14748723195997,52.71782055664937,False
El Salvador,SLV,2014,8.687485561,179577.0,49.22685605918483,56.10994010974899,False
El Salvador,SLV,2015,8.2535953492,190708.0,51.92973491113328,58.3988681990275,False
El Salvador,SLV,2016,9.135705801,202165.0,0.0,58.37627204171446,False
El Salvador,SLV,2017,9.7553337204,209903.0,0.0,54.94692700825574,False
El Salvador,SLV,2018,9.4342897631,230989.0,0.0,57.45191377375293,False
El Salvador,SLV,2019,9.4699178033,249472.0,0.0,61.32279499341782,False
El Salvador,SLV,2020,8.4373285225,228334.0,0.0,51.47910721740278,False
El Salvador,SLV,2021,7.5458244522,294326.0,0.0,56.93311409885653,False
El Salvador,SLV,2022,23.39857241800457,242307.0,0.0,59.50544475833792,False
El Salvador,SLV,2023,23.39857241800457,256043.0,0.0,-37.96310870035779,False
El Salvador,SLV,2024,23.39857241800457,255017.0,49.53885920745446,-37.96310870035779,False
Equatorial Guinea,GNQ,1990,23.39857241800457,34879305.04928218,0.0,-37.96310870035779,False
Equatorial Guinea,GNQ,1991,23.39857241800457,34879305.04928218,0.0,-37.96310870035779,False
Equatorial Guinea,GNQ,1992,23.39857241800457,34879305.04928218,0.0,-37.96310870035779,False
Equatorial Guinea,GNQ,1993,23.39857241800457,34879305.04928218,0.0,-37.96310870035779,False
Equatorial Guinea,GNQ,1994,23.39857241800457,34879305.04928218,0.0,-37.55811951093519,False
Equatorial Guinea,GNQ,1995,23.39857241800457,34879305.04928218,0.0,-71.97895451459645,False
Equatorial Guinea,GNQ,1996,23.39857241800457,34879305.04928218,0.0,-405.5476753349088,False
Equatorial Guinea,GNQ,1997,23.39857241800457,34879305.04928218,0.0,-1422.954703832756,False
Equatorial Guinea,GNQ,1998,23.39857241800457,34879305.04928218,0.0,-1983.86182005671,False
Equatorial Guinea,GNQ,1999,23.39857241800457,34879305.04928218,0.0,-2205.832130832131,False
Equatorial Guinea,GNQ,2000,23.39857241800457,34879305.04928218,0.0,-2382.887700534764,False
Equatorial Guinea,GNQ,2001,23.39857241800457,34879305.04928218,0.0,-3300.147261849974,False
Equatorial Guinea,GNQ,2002,23.39857241800457,34879305.04928218,0.0,-2747.507467640226,False
Equatorial Guinea,GNQ,2003,23.39857241800457,34879305.04928218,0.0,-2902.192682775315,False
Equatorial Guinea,GNQ,2004,23.39857241800457,34879305.04928218,0.0,-1182.990170719091,False
Equatorial Guinea,GNQ,2005,23.39857241800457,34879305.04928218,0.0,-1124.474555126232,False
Equatorial Guinea,GNQ,2006,4.9558082375,34879305.04928218,0.0,-1313.050172551096,False
Equatorial Guinea,GNQ,2007,5.2128647216,34879305.04928218,0.0,-1282.710176640344,False
Equatorial Guinea,GNQ,2008,4.9756422445,34879305.04928218,0.0,-1423.655795850472,False
Equatorial Guinea,GNQ,2009,5.592264539,34879305.04928218,0.0,-1274.82459760627,False
Equatorial Guinea,GNQ,2010,6.9532069794,9500.0,0.0,-1169.226198434275,False
Equatorial Guinea,GNQ,2011,8.2892619921,9750.0,0.0,-1056.050145108067,False
Equatorial Guinea,GNQ,2012,8.6087715517,9625.0,0.0,-1080.406387934471,False
Equatorial Guinea,GNQ,2013,8.2783480707,9687.0,0.0,-823.946272893869,False
Equatorial Guinea,GNQ,2014,10.1280217884,10000.0,0.0,-906.9765833871114,False
Equatorial Guinea,GNQ,2015,6.2920873161,13212.0,0.0,-988.3026701098404,False
Equatorial Guinea,GNQ,2016,11.1425217301,14281.0,0.0,-744.8699262863174,False
Equatorial Guinea,GNQ,2017,11.1657843484,13301.0,0.0,-780.5720644993253,False
Equatorial Guinea,GNQ,2018,11.6158113538,14716.0,0.0,-517.4252193879167,False
Equatorial Guinea,GNQ,2019,11.6888922406,13851.0,0.0,-499.9865272990609,False
Equatorial Guinea,GNQ,2020,11.661401132,34879305.04928218,0.0,-542.2320941083003,False
Equatorial Guinea,GNQ,2021,11.7972761592,34879305.04928218,0.0,-418.3113588675585,False
Equatorial Guinea,GNQ,2022,23.39857241800457,34879305.04928218,0.0,-422.7692339429191,False
Equatorial Guinea,GNQ,2023,23.39857241800457,34879305.04928218,0.0,-37.96310870035779,False
Eritrea,ERI,1992,23.39857241800457,34879305.04928218,19.35271001987063,44.78863271361291,False
Eritrea,ERI,1993,23.39857241800457,34879305.04928218,23.18198419415019,40.00985272764983,False
Eritrea,ERI,1994,23.39857241800457,34879305.04928218,25.52818764798992,47.39712942714226,False
Eritrea,ERI,1995,23.39857241800457,34879305.04928218,26.78922632070232,40.60128778993221,False
Eritrea,ERI,1996,23.39857241800457,34879305.04928218,27.86289478940948,42.53984904111444,False
Eritrea,ERI,1997,23.39857241800457,34879305.04928218,25.10034942096408,33.01534157360057,False
Eritrea,ERI,1998,23.39857241800457,34879305.04928218,28.76830590973152,-37.96310870035779,False
Eritrea,ERI,1999,23.39857241800457,34879305.04928218,29.2439522105831,-37.96310870035779,False
Eritrea,ERI,2000,23.39857241800457,34879305.04928218,28.23366717444007,-37.96310870035779,False
Eritrea,ERI,2001,23.39857241800457,34879305.04928218,28.20966246838436,-37.96310870035779,False
Eritrea,ERI,2002,23.39857241800457,34879305.04928218,28.00905087882775,-37.96310870035779,False
Eritrea,ERI,2003,23.39857241800457,34879305.04928218,28.81266198634052,-37.96310870035779,False
Eritrea,ERI,2004,23.39857241800457,34879305.04928218,37.51330970677735,34.7897492045027,False
Eritrea,ERI,2005,23.39857241800457,34879305.04928218,37.29147884223337,-37.96310870035779,False
Eritrea,ERI,2006,4.162771181,34879305.04928218,27.05991773897345,-37.96310870035779,False
Eritrea,ERI,2007,4.3099637325,34879305.04928218,27.88873502885187,-37.96310870035779,False
Eritrea,ERI,2008,2.7661026785,34879305.04928218,19.12345980433826,-37.96310870035779,False
Eritrea,ERI,2009,23.39857241800457,34879305.04928218,22.68392502704126,-37.96310870035779,False
Eritrea,ERI,2010,23.39857241800457,34879305.04928218,21.80611926623404,-37.96310870035779,False
Eritrea,ERI,2011,23.39857241800457,34879305.04928218,21.42440400184663,-37.96310870035779,False
Eritrea,ERI,2012,3.9223224835,25852.15,22.15289882960171,-37.96310870035779,False
Eritrea,ERI,2013,23.39857241800457,19202.06,22.47536368237673,-37.96310870035779,False
Eritrea,ERI,2014,2.5927955202,22527.11,22.85073128023832,-37.96310870035779,False
Eritrea,ERI,2015,2.5927955202,12551.97,23.25638319527257,-37.96310870035779,False
Eritrea,ERI,2016,2.5927955202,12551.97,0.0,-37.96310870035779,False
Eritrea,ERI,2017,2.5927955202,12551.97,0.0,-37.96310870035779,False
Eritrea,ERI,2018,4.1931862026,37259.65,0.0,-37.96310870035779,False
Eritrea,ERI,2019,4.1931862026,27452.8,0.0,-37.96310870035779,False
Eritrea,ERI,2020,4.3569405011,34879305.04928218,0.0,-37.96310870035779,False
Eritrea,ERI,2021,3.4628606755,34879305.04928218,0.0,-37.96310870035779,False
Eritrea,ERI,2022,23.39857241800457,34879305.04928218,0.0,-37.96310870035779,False
Eritrea,ERI,2023,23.39857241800457,34879305.04928218,0.0,-37.96310870035779,False
Estonia,EST,1990,23.39857241800457,34879305.04928218,39.97932197909581,42.04463771480627,False
Estonia,EST,1991,23.39857241800457,34879305.04928218,39.64738622852967,40.12335252472114,False
Estonia,EST,1992,23.39857241800457,34879305.04928218,32.43537198235475,35.84785159440948,False
Estonia,EST,1993,23.39857241800457,34879305.04928218,31.65379757023084,37.62364061209794,False
Estonia,EST,1994,23.39857241800457,34879305.04928218,28.65282065396216,35.37607224911957,False
Estonia,EST,1995,23.39857241800457,34879305.04928218,25.91284542687931,33.60836994121516,False
Estonia,EST,1996,23.39857241800457,34879305.04928218,27.23504512543373,30.90292307379799,False
Estonia,EST,1997,23.39857241800457,34879305.04928218,27.1158968822844,30.9603870729703,False
Estonia,EST,1998,23.39857241800457,34879305.04928218,30.45501368002312,38.43034752369485,False
Estonia,EST,1999,23.39857241800457,34879305.04928218,31.47375248576942,36.21650974041707,False
Estonia,EST,2000,23.39857241800457,34879305.04928218,28.62670855002353,34.7493103186454,False
Estonia,EST,2001,23.39857241800457,34879305.04928218,31.44989142594117,34.4333336529151,False
Estonia,EST,2002,23.39857241800457,34879305.04928218,29.93954711835836,32.85968575107341,False
Estonia,EST,2003,23.39857241800457,34879305.04928218,29.21438642777276,30.14261633743057,False
Estonia,EST,2004,23.39857241800457,34879305.04928218,28.80970374595242,31.08928017031092,False
Estonia,EST,2005,23.39857241800457,34879305.04928218,29.00982436929726,27.82641529315682,False
Estonia,EST,2006,6.1210303473,34879305.04928218,29.59490706536841,31.59520742875092,False
Estonia,EST,2007,6.3708629856,34879305.04928218,25.87613043131401,25.66767325698437,False
Estonia,EST,2008,7.3823484032,34879305.04928218,27.82066430705895,28.80255969090528,False
Estonia,EST,2009,8.7074086384,34879305.04928218,25.28600035575018,28.33223270775193,False
Estonia,EST,2010,6.9444941109,34879305.04928218,19.65917797910392,15.41162335711903,False
Estonia,EST,2011,7.050555813,197717.0,18.55413252987882,14.32655071109033,False
Estonia,EST,2012,11.0499466785,227809.0,20.49414613836579,22.46727582580935,False
Estonia,EST,2013,8.5131515061,253855.0,17.92647210730349,15.84961779353899,False
Estonia,EST,2014,10.6406787874,261069.0,15.74661169824434,12.46565978357609,False
Estonia,EST,2015,8.3269923104,209154.0,14.74589795531246,12.00866817688203,False
Estonia,EST,2016,7.7454955841,204177.0,0.0,8.58616288380267,False
Estonia,EST,2017,7.9017952228,229905.0,0.0,4.811124118436517,False
Estonia,EST,2018,11.2927627422,239576.0,0.0,1.464719332439009,False
Estonia,EST,2019,10.8747367547,241361.0,0.0,5.117667012432677,False
Estonia,EST,2020,8.6282774233,213928.0,0.0,11.48161778432033,False
Estonia,EST,2021,10.6662018831,226689.0,0.0,1.691791330027702,False
Estonia,EST,2022,23.39857241800457,288208.0,0.0,6.833639317183325,False
Estonia,EST,2023,23.39857241800457,221405.0,0.0,3.771115198429472,False
Estonia,EST,2024,23.39857241800457,261822.0,0.0,-37.96310870035779,False
Eswatini,SWZ,1990,23.39857241800457,34879305.04928218,0.0,-37.96310870035779,False
Eswatini,SWZ,1991,23.39857241800457,34879305.04928218,0.0,-37.96310870035779,False
Eswatini,SWZ,1992,23.39857241800457,34879305.04928218,0.0,-37.96310870035779,False
Eswatini,SWZ,1993,23.39857241800457,34879305.04928218,0.0,-37.96310870035779,False
Eswatini,SWZ,1994,23.39857241800457,34879305.04928218,0.0,-37.96310870035779,False
Eswatini,SWZ,1995,23.39857241800457,34879305.04928218,0.0,-37.96310870035779,False
Eswatini,SWZ,1996,23.39857241800457,34879305.04928218,0.0,-37.96310870035779,False
Eswatini,SWZ,1997,23.39857241800457,34879305.04928218,0.0,15.4410480349345,False
Eswatini,SWZ,1998,23.39857241800457,34879305.04928218,0.0,16.83511619328666,False
Eswatini,SWZ,1999,23.39857241800457,34879305.04928218,0.0,12.82204769658076,False
Eswatini,SWZ,2000,23.39857241800457,34879305.04928218,0.0,14.57867918371445,False
Eswatini,SWZ,2001,23.39857241800457,34879305.04928218,0.0,18.58855737788022,False
Eswatini,SWZ,2002,23.39857241800457,34879305.04928218,0.0,12.06266844663865,False
Eswatini,SWZ,2003,23.39857241800457,34879305.04928218,0.0,9.346056693797332,False
Eswatini,SWZ,2004,23.39857241800457,34879305.04928218,0.0,5.697568586659707,False
Eswatini,SWZ,2005,23.39857241800457,34879305.04928218,0.0,8.774010571097042,False
Eswatini,SWZ,2006,23.39857241800457,34879305.04928218,0.0,10.88743212171614,False
Eswatini,SWZ,2007,23.39857241800457,34879305.04928218,0.0,10.82949308755764,False
Eswatini,SWZ,2008,23.39857241800457,34879305.04928218,0.0,10.27698933150642,False
Eswatini,SWZ,2009,23.39857241800457,34879305.04928218,0.0,12.96794927473294,False
Eswatini,SWZ,2010,23.39857241800457,34879305.04928218,0.0,12.85115788932583,False
Eswatini,SWZ,2011,23.39857241800457,34879305.04928218,0.0,23.41950345533663,False
Eswatini,SWZ,2012,23.39857241800457,34879305.04928218,0.0,26.47799547530621,False
Eswatini,SWZ,2013,23.39857241800457,34879305.04928218,0.0,19.11630982888319,False
Eswatini,SWZ,2014,23.39857241800457,34879305.04928218,0.0,22.699617386941,False
Eswatini,SWZ,2015,23.39857241800457,34879305.04928218,0.0,23.27067894452991,False
Eswatini,SWZ,2016,23.39857241800457,34879305.04928218,0.0,25.7079210901282,False
Eswatini,SWZ,2017,23.39857241800457,34879305.04928218,0.0,29.76289001075897,False
Eswatini,SWZ,2018,23.39857241800457,34879305.04928218,0.0,29.1089599372535,False
Eswatini,SWZ,2019,23.39857241800457,34879305.04928218,0.0,31.47877013177157,False
Eswatini,SWZ,2020,23.39857241800457,34879305.04928218,0.0,26.88035223784128,False
Eswatini,SWZ,2021,23.39857241800457,34879305.04928218,0.0,25.43808532778348,False
Eswatini,SWZ,2022,23.39857241800457,34879305.04928218,0.0,20.55295584118347,False
Eswatini,SWZ,2023,23.39857241800457,34879305.04928218,0.0,-37.96310870035779,False
Ethiopia,ETH,1990,23.39857241800457,34879305.04928218,4.644141442268573,5.712783261901987,False
Ethiopia,ETH,1991,23.39857241800457,34879305.04928218,4.422285983041093,5.679871996983234,False
Ethiopia,ETH,1992,23.39857241800457,34879305.04928218,2.915962644644513,3.075919322074584,False
Ethiopia,ETH,1993,23.39857241800457,34879305.04928218,3.555928360609661,3.790413442806641,False
Ethiopia,ETH,1994,23.39857241800457,34879305.04928218,3.961789265351241,4.246239638495316,False
Ethiopia,ETH,1995,23.39857241800457,34879305.04928218,4.342639880409899,4.616707792806202,False
Ethiopia,ETH,1996,23.39857241800457,34879305.04928218,4.559474177220949,4.804174044556412,False
Ethiopia,ETH,1997,23.39857241800457,34879305.04928218,4.296273380483367,4.488019663326403,False
Ethiopia,ETH,1998,23.39857241800457,34879305.04928218,4.307732162662807,-37.96310870035779,False
Ethiopia,ETH,1999,23.39857241800457,34879305.04928218,4.174970799558581,-37.96310870035779,False
Ethiopia,ETH,2000,23.39857241800457,34879305.04928218,4.43057160146509,-37.96310870035779,False
Ethiopia,ETH,2001,23.39857241800457,34879305.04928218,5.327978254386228,-37.96310870035779,False
Ethiopia,ETH,2002,23.39857241800457,34879305.04928218,5.394618458282413,-37.96310870035779,False
Ethiopia,ETH,2003,23.39857241800457,34879305.04928218,5.661383598300185,-37.96310870035779,False
Ethiopia,ETH,2004,23.39857241800457,34879305.04928218,5.753231273880688,-37.96310870035779,False
Ethiopia,ETH,2005,23.39857241800457,34879305.04928218,5.270634222583584,-37.96310870035779,False
Ethiopia,ETH,2006,23.39857241800457,34879305.04928218,5.460874811837589,-37.96310870035779,False
Ethiopia,ETH,2007,23.39857241800457,34879305.04928218,5.960428023597557,-37.96310870035779,False
Ethiopia,ETH,2008,23.39857241800457,34879305.04928218,6.277897863438721,-37.96310870035779,False
Ethiopia,ETH,2009,23.39857241800457,34879305.04928218,6.213758692777807,-37.96310870035779,False
Ethiopia,ETH,2010,23.39857241800457,34879305.04928218,5.8578532089192,-37.96310870035779,False
Ethiopia,ETH,2011,23.39857241800457,34879305.04928218,5.830301503021,7.076780950171512,False
Ethiopia,ETH,2012,23.39857241800457,34879305.04928218,6.379551100181413,7.417000693309241,False
Ethiopia,ETH,2013,23.39857241800457,34879305.04928218,7.344053167763326,8.228090663328857,False
Ethiopia,ETH,2014,23.39857241800457,34879305.04928218,8.273074440565868,9.15951375750628,False
Ethiopia,ETH,2015,23.39857241800457,34879305.04928218,8.351282873050472,9.36081748178678,False
Ethiopia,ETH,2016,23.39857241800457,34879305.04928218,0.0,10.21685951300394,False
Ethiopia,ETH,2017,23.39857241800457,34879305.04928218,0.0,10.52050159405859,False
Ethiopia,ETH,2018,23.39857241800457,34879305.04928218,0.0,11.23652714408518,False
Ethiopia,ETH,2019,23.39857241800457,34879305.04928218,0.0,12.04491161778746,False
Ethiopia,ETH,2020,23.39857241800457,34879305.04928218,0.0,9.525698978119287,False
Ethiopia,ETH,2021,23.39857241800457,34879305.04928218,0.0,11.14484501493969,False
Ethiopia,ETH,2022,23.39857241800457,34879305.04928218,0.0,10.79249612134274,False
Ethiopia,ETH,2023,23.39857241800457,34879305.04928218,0.0,-37.96310870035779,False
Euro area,EMU,1960,23.39857241800457,34879305.04928218,94.02150650561848,-37.96310870035779,True
Euro area,EMU,1961,23.39857241800457,34879305.04928218,93.95176934840252,-37.96310870035779,True
Euro area,EMU,1962,23.39857241800457,34879305.04928218,94.14510041765016,-37.96310870035779,True
Euro area,EMU,1963,23.39857241800457,34879305.04928218,94.50935993934392,-37.96310870035779,True
Euro area,EMU,1964,23.39857241800457,34879305.04928218,95.00374686109105,-37.96310870035779,True
Euro area,EMU,1965,23.39857241800457,34879305.04928218,95.02813063001864,-37.96310870035779,True
Euro area,EMU,1966,23.39857241800457,34879305.04928218,94.34535818257164,-37.96310870035779,True
Euro area,EMU,1967,23.39857241800457,34879305.04928218,94.7014071935444,-37.96310870035779,True
Euro area,EMU,1968,23.39857241800457,34879305.04928218,94.93965044798294,-37.96310870035779,True
Euro area,EMU,1969,23.39857241800457,34879305.04928218,95.17184392898994,-37.96310870035779,True
Euro area,EMU,1970,23.39857241800457,34879305.04928218,94.3354076297096,-37.96310870035779,True
Euro area,EMU,1971,23.39857241800457,34879305.04928218,94.26808508866304,-37.96310870035779,True
Euro area,EMU,1972,23.39857241800457,34879305.04928218,93.622324948209,-37.96310870035779,True
Euro area,EMU,1973,23.39857241800457,34879305.04928218,94.37824035865684,-37.96310870035779,True
Euro area,EMU,1974,23.39857241800457,34879305.04928218,94.14008740831838,-37.96310870035779,True
Euro area,EMU,1975,23.39857241800457,34879305.04928218,93.24212403036547,-37.96310870035779,True
Euro area,EMU,1976,23.39857241800457,34879305.04928218,93.8210495550086,-37.96310870035779,True
Euro area,EMU,1977,23.39857241800457,34879305.04928218,92.51928595001142,-37.96310870035779,True
Euro area,EMU,1978,23.39857241800457,34879305.04928218,92.39950678937556,-37.96310870035779,True
Euro area,EMU,1979,23.39857241800457,34879305.04928218,92.02912619784026,-37.96310870035779,True
Euro area,EMU,1980,23.39857241800457,34879305.04928218,91.24337139039892,-37.96310870035779,True
Euro area,EMU,1981,23.39857241800457,34879305.04928218,89.04678923702797,-37.96310870035779,True
Euro area,EMU,1982,23.39857241800457,34879305.04928218,87.99633549334716,-37.96310870035779,True
Euro area,EMU,1983,23.39857241800457,34879305.04928218,86.52096499534618,-37.96310870035779,True
Euro area,EMU,1984,23.39857241800457,34879305.04928218,84.39290798595307,-37.96310870035779,True
Euro area,EMU,1985,23.39857241800457,34879305.04928218,82.63691891417128,-37.96310870035779,True
Euro area,EMU,1986,23.39857241800457,34879305.04928218,81.95507487225393,-37.96310870035779,True
Euro area,EMU,1987,23.39857241800457,34879305.04928218,81.64126839951774,-37.96310870035779,True
Euro area,EMU,1988,23.39857241800457,34879305.04928218,80.64055808201124,-37.96310870035779,True
Euro area,EMU,1989,23.39857241800457,34879305.04928218,80.31010388672927,-37.96310870035779,True
Euro area,EMU,1990,23.39857241800457,34879305.04928218,79.54396871786955,59.51960794172119,True
Euro area,EMU,1991,23.39857241800457,34879305.04928218,79.24755528712356,60.17836143111713,True
Euro area,EMU,1992,23.39857241800457,34879305.04928218,78.58493734966338,61.76458659770106,True
Euro area,EMU,1993,23.39857241800457,34879305.04928218,77.85640665002776,60.02697938420476,True
Euro area,EMU,1994,23.39857241800457,34879305.04928218,77.94264898945566,61.27740635649352,True
Euro area,EMU,1995,23.39857241800457,34879305.04928218,78.12230662237819,61.93061786907904,True
Euro area,EMU,1996,23.39857241800457,34879305.04928218,77.77580716751984,62.21828792538285,True
Euro area,EMU,1997,23.39857241800457,34879305.04928218,77.41179496174777,63.32752502615833,True
Euro area,EMU,1998,23.39857241800457,34879305.04928218,77.82106377422976,65.33980510272035,True
Euro area,EMU,1999,23.39857241800457,34879305.04928218,77.35469398028586,65.24271758182601,True
Euro area,EMU,2000,23.39857241800457,34879305.04928218,76.861600884391,66.82405375807264,True
Euro area,EMU,2001,23.39857241800457,34879305.04928218,76.82525363448131,65.86441072949579,True
Euro area,EMU,2002,23.39857241800457,34879305.04928218,76.63636918672994,66.60998634490423,True
Euro area,EMU,2003,23.39857241800457,34879305.04928218,76.35574677485494,66.79264276567855,True
Euro area,EMU,2004,23.39857241800457,34879305.04928218,76.2341915586818,67.0571731342861,True
Euro area,EMU,2005,23.39857241800457,34879305.04928218,75.93312861104151,68.03554201304492,True
Euro area,EMU,2006,23.39857241800457,34879305.04928218,75.35575899062218,68.56958904203648,True
Euro area,EMU,2007,23.39857241800457,34879305.04928218,75.08595433364995,67.07775259637809,True
Euro area,EMU,2008,23.39857241800457,34879305.04928218,74.2438877063594,67.97578602544655,True
Euro area,EMU,2009,23.39857241800457,34879305.04928218,73.3425761865071,66.58631428825647,True
Euro area,EMU,2010,23.39857241800457,69734592.0,72.58142568531937,64.8416548041193,True
Euro area,EMU,2011,23.39857241800457,75185967.0,71.89687454520603,65.64082802805606,True
Euro area,EMU,2012,23.39857241800457,77023035.0,71.21290393531848,64.11410311959719,True
Euro area,EMU,2013,23.39857241800457,78432588.0,70.34607069104597,62.89272385973637,True
Euro area,EMU,2014,23.39857241800457,81618629.0,69.14020683537879,63.22286915636932,True
Euro area,EMU,2015,23.39857241800457,81058798.0,67.98678655342995,65.40265349013585,True
Euro area,EMU,2016,23.39857241800457,83752902.0,0.0,65.43236012752118,True
Euro area,EMU,2017,23.39857241800457,88274181.0,0.0,66.84411231202274,True
Euro area,EMU,2018,23.39857241800457,92252084.0,0.0,67.41850263374268,True
Euro area,EMU,2019,23.39857241800457,93774272.0,0.0,69.57876661628784,True
Euro area,EMU,2020,23.39857241800457,90824769.0,0.0,65.13459150031362,True
Euro area,EMU,2021,23.39857241800457,96394219.0,0.0,63.63951596665544,True
Euro area,EMU,2022,23.39857241800457,93783645.0,0.0,72.72052462078976,True
Euro area,EMU,2023,23.39857241800457,89280869.0,0.0,67.50640951887353,True
Euro area,EMU,2024,23.39857241800457,94517241.0,0.0,-37.96310870035779,True
Europe & Central Asia,ECS,1960,23.39857241800457,34879305.04928218,93.75287612951176,-37.96310870035779,True
Europe & Central Asia,ECS,1961,23.39857241800457,34879305.04928218,93.57544680872908,-37.96310870035779,True
Europe & Central Asia,ECS,1962,23.39857241800457,34879305.04928218,93.67088811744706,-37.96310870035779,True
Europe & Central Asia,ECS,1963,23.39857241800457,34879305.04928218,93.93110247042964,-37.96310870035779,True
Europe & Central Asia,ECS,1964,23.39857241800457,34879305.04928218,94.11113865719098,-37.96310870035779,True
Europe & Central Asia,ECS,1965,23.39857241800457,34879305.04928218,93.95495435238008,-37.96310870035779,True
Europe & Central Asia,ECS,1966,23.39857241800457,34879305.04928218,93.43431899975702,-37.96310870035779,True
Europe & Central Asia,ECS,1967,23.39857241800457,34879305.04928218,93.50989638216092,-37.96310870035779,True
Europe & Central Asia,ECS,1968,23.39857241800457,34879305.04928218,93.54896715353124,-37.96310870035779,True
Europe & Central Asia,ECS,1969,23.39857241800457,34879305.04928218,93.8176298540844,-37.96310870035779,True
Europe & Central Asia,ECS,1970,23.39857241800457,34879305.04928218,93.61227862848168,-37.96310870035779,True
Europe & Central Asia,ECS,1971,23.39857241800457,34879305.04928218,93.87001841706922,-37.96310870035779,True
Europe & Central Asia,ECS,1972,23.39857241800457,34879305.04928218,93.33997101472222,-37.96310870035779,True
Europe & Central Asia,ECS,1973,23.39857241800457,34879305.04928218,93.78255538270167,-37.96310870035779,True
Europe & Central Asia,ECS,1974,23.39857241800457,34879305.04928218,93.4444027586626,-37.96310870035779,True
Europe & Central Asia,ECS,1975,23.39857241800457,34879305.04928218,92.72491955411436,-37.96310870035779,True
Europe & Central Asia,ECS,1976,23.39857241800457,34879305.04928218,92.99609428097628,-37.96310870035779,True
Europe & Central Asia,ECS,1977,23.39857241800457,34879305.04928218,91.90301841129366,-37.96310870035779,True
Europe & Central Asia,ECS,1978,23.39857241800457,34879305.04928218,91.78857577247676,-37.96310870035779,True
Europe & Central Asia,ECS,1979,23.39857241800457,34879305.04928218,91.74826756951175,-37.96310870035779,True
Europe & Central Asia,ECS,1980,23.39857241800457,34879305.04928218,91.0305045439499,-37.96310870035779,True
Europe & Central Asia,ECS,1981,23.39857241800457,34879305.04928218,89.21201412370674,-37.96310870035779,True
Europe & Central Asia,ECS,1982,23.39857241800457,34879305.04928218,88.49034299509327,-37.96310870035779,True
Europe & Central Asia,ECS,1983,23.39857241800457,34879305.04928218,87.27272345167714,-37.96310870035779,True
Europe & Central Asia,ECS,1984,23.39857241800457,34879305.04928218,85.53891722123461,-37.96310870035779,True
Europe & Central Asia,ECS,1985,23.39857241800457,34879305.04928218,84.2539331970632,-37.96310870035779,True
Europe & Central Asia,ECS,1986,23.39857241800457,34879305.04928218,83.75479212233819,-37.96310870035779,True
Europe & Central Asia,ECS,1987,23.39857241800457,34879305.04928218,83.46446323910155,-37.96310870035779,True
Europe & Central Asia,ECS,1988,23.39857241800457,34879305.04928218,82.50451942264515,-37.96310870035779,True
Europe & Central Asia,ECS,1989,23.39857241800457,34879305.04928218,82.0610540073795,-37.96310870035779,True
Europe & Central Asia,ECS,1990,23.39857241800457,34879305.04928218,86.67099451146883,13.68247631969819,True
Europe & Central Asia,ECS,1991,23.39857241800457,34879305.04928218,86.40516692248133,15.62543651794368,True
Europe & Central Asia,ECS,1992,23.39857241800457,34879305.04928218,85.5380250669194,15.99228647433387,True
Europe & Central Asia,ECS,1993,23.39857241800457,34879305.04928218,84.58930369328147,14.93160047718158,True
Europe & Central Asia,ECS,1994,23.39857241800457,34879305.04928218,84.06917456702769,13.47087370515551,True
Europe & Central Asia,ECS,1995,23.39857241800457,34879305.04928218,83.59046841244007,14.25898031661798,True
Europe & Central Asia,ECS,1996,23.39857241800457,34879305.04928218,83.14651716637913,13.68595758561982,True
Europe & Central Asia,ECS,1997,23.39857241800457,34879305.04928218,82.61909006828262,13.7781144808551,True
Europe & Central Asia,ECS,1998,23.39857241800457,34879305.04928218,82.58254347508138,14.73370405796068,True
Europe & Central Asia,ECS,1999,23.39857241800457,34879305.04928218,82.21747511832064,12.74616143883296,True
Europe & Central Asia,ECS,2000,23.39857241800457,34879305.04928218,82.04258897320139,12.40664396333168,True
Europe & Central Asia,ECS,2001,23.39857241800457,34879305.04928218,81.84922434439598,12.26512925818241,True
Europe & Central Asia,ECS,2002,23.39857241800457,34879305.04928218,81.73617411999214,10.58222348576707,True
Europe & Central Asia,ECS,2003,23.39857241800457,34879305.04928218,81.94399566303122,10.48078699744968,True
Europe & Central Asia,ECS,2004,23.39857241800457,34879305.04928218,81.60206935761795,9.576580539417735,True
Europe & Central Asia,ECS,2005,23.39857241800457,34879305.04928218,81.40079968474308,9.842190801900903,True
Europe & Central Asia,ECS,2006,23.39857241800457,34879305.04928218,80.92755892222023,11.09138663451414,True
Europe & Central Asia,ECS,2007,23.39857241800457,34879305.04928218,81.19699507942866,9.24314711746377,True
Europe & Central Asia,ECS,2008,23.39857241800457,34879305.04928218,80.97232149271174,10.24197016063379,True
Europe & Central Asia,ECS,2009,23.39857241800457,34879305.04928218,79.8901001649932,7.45536067491268,True
Europe & Central Asia,ECS,2010,23.39857241800457,90309601.654,79.88999070012875,6.9244144780562,True
Europe & Central Asia,ECS,2011,23.39857241800457,98184285.36,79.84550043987394,7.25950480677485,True
Europe & Central Asia,ECS,2012,23.39857241800457,101351804.467,79.63824167870506,6.028800207904894,True
Europe & Central Asia,ECS,2013,23.39857241800457,104196751.813,78.95354440225596,4.117322652123588,True
Europe & Central Asia,ECS,2014,23.39857241800457,108979977.631,77.70947218646246,3.503713261910254,True
Europe & Central Asia,ECS,2015,23.39857241800457,106329490.6132,63.88614457708017,3.029668023679267,True
Europe & Central Asia,ECS,2016,23.39857241800457,110285661.0132,0.0,2.725910237357132,True
Europe & Central Asia,ECS,2017,23.39857241800457,117198531.5142,0.0,3.229727771961672,True
Europe & Central Asia,ECS,2018,23.39857241800457,123295871.7492,0.0,1.95838089464125,True
Europe & Central Asia,ECS,2019,23.39857241800457,127352149.316,0.0,2.093395600016201,True
Europe & Central Asia,ECS,2020,23.39857241800457,123618427.0,0.0,-0.4347377204937937,True
Europe & Central Asia,ECS,2021,23.39857241800457,130817664.0,0.0,1.481043022915098,True
Europe & Central Asia,ECS,2022,23.39857241800457,125268168.0,0.0,4.982825666185394,True
Europe & Central Asia,ECS,2023,23.39857241800457,121182892.0,0.0,-37.96310870035779,True
Europe & Central Asia,ECS,2024,23.39857241800457,128218609.0,0.0,-37.96310870035779,True
Europe & Central Asia (IDA & IBRD countries),TEC,1960,23.39857241800457,34879305.04928218,89.33975945488103,-37.96310870035779,True
Europe & Central Asia (IDA & IBRD countries),TEC,1961,23.39857241800457,34879305.04928218,89.61421351964283,-37.96310870035779,True
Europe & Central Asia (IDA & IBRD countries),TEC,1962,23.39857241800457,34879305.04928218,90.24593900972728,-37.96310870035779,True
Europe & Central Asia (IDA & IBRD countries),TEC,1963,23.39857241800457,34879305.04928218,90.48215583075728,-37.96310870035779,True
Europe & Central Asia (IDA & IBRD countries),TEC,1964,23.39857241800457,34879305.04928218,90.86472001675192,-37.96310870035779,True
Europe & Central Asia (IDA & IBRD countries),TEC,1965,23.39857241800457,34879305.04928218,91.11421493492654,-37.96310870035779,True
Europe & Central Asia (IDA & IBRD countries),TEC,1966,23.39857241800457,34879305.04928218,91.26485868739802,-37.96310870035779,True
Europe & Central Asia (IDA & IBRD countries),TEC,1967,23.39857241800457,34879305.04928218,91.43384413892046,-37.96310870035779,True
Europe & Central Asia (IDA & IBRD countries),TEC,1968,23.39857241800457,34879305.04928218,91.72587447833784,-37.96310870035779,True
Europe & Central Asia (IDA & IBRD countries),TEC,1969,23.39857241800457,34879305.04928218,92.1627322655627,-37.96310870035779,True
Europe & Central Asia (IDA & IBRD countries),TEC,1970,23.39857241800457,34879305.04928218,92.6198640756202,-37.96310870035779,True
Europe & Central Asia (IDA & IBRD countries),TEC,1971,23.39857241800457,34879305.04928218,94.15758517406512,-37.96310870035779,True
Europe & Central Asia (IDA & IBRD countries),TEC,1972,23.39857241800457,34879305.04928218,93.83968875450684,-37.96310870035779,True
Europe & Central Asia (IDA & IBRD countries),TEC,1973,23.39857241800457,34879305.04928218,94.19714101029844,-37.96310870035779,True
Europe & Central Asia (IDA & IBRD countries),TEC,1974,23.39857241800457,34879305.04928218,94.1110064537028,-37.96310870035779,True
Europe & Central Asia (IDA & IBRD countries),TEC,1975,23.39857241800457,34879305.04928218,93.87932226820604,-37.96310870035779,True
Europe & Central Asia (IDA & IBRD countries),TEC,1976,23.39857241800457,34879305.04928218,93.79629451864518,-37.96310870035779,True
Europe & Central Asia (IDA & IBRD countries),TEC,1977,23.39857241800457,34879305.04928218,93.78125504723936,-37.96310870035779,True
Europe & Central Asia (IDA & IBRD countries),TEC,1978,23.39857241800457,34879305.04928218,94.10004076740196,-37.96310870035779,True
Europe & Central Asia (IDA & IBRD countries),TEC,1979,23.39857241800457,34879305.04928218,94.076300057046,-37.96310870035779,True
Europe & Central Asia (IDA & IBRD countries),TEC,1980,23.39857241800457,34879305.04928218,93.97684649265985,-37.96310870035779,True
Europe & Central Asia (IDA & IBRD countries),TEC,1981,23.39857241800457,34879305.04928218,93.16997835678052,-37.96310870035779,True
Europe & Central Asia (IDA & IBRD countries),TEC,1982,23.39857241800457,34879305.04928218,93.23252945848591,-37.96310870035779,True
Europe & Central Asia (IDA & IBRD countries),TEC,1983,23.39857241800457,34879305.04928218,93.22736719866312,-37.96310870035779,True
Europe & Central Asia (IDA & IBRD countries),TEC,1984,23.39857241800457,34879305.04928218,92.97035028709182,-37.96310870035779,True
Europe & Central Asia (IDA & IBRD countries),TEC,1985,23.39857241800457,34879305.04928218,92.95968732733252,-37.96310870035779,True
Europe & Central Asia (IDA & IBRD countries),TEC,1986,23.39857241800457,34879305.04928218,92.92992067612676,-37.96310870035779,True
Europe & Central Asia (IDA & IBRD countries),TEC,1987,23.39857241800457,34879305.04928218,93.07037635357352,-37.96310870035779,True
Europe & Central Asia (IDA & IBRD countries),TEC,1988,23.39857241800457,34879305.04928218,92.21663988436468,-37.96310870035779,True
Europe & Central Asia (IDA & IBRD countries),TEC,1989,23.39857241800457,34879305.04928218,92.66373953079206,-37.96310870035779,True
Europe & Central Asia (IDA & IBRD countries),TEC,1990,23.39857241800457,34879305.04928218,93.31209631746628,-11.64904573690934,True
Europe & Central Asia (IDA & IBRD countries),TEC,1991,23.39857241800457,34879305.04928218,93.21465409872704,-8.85936944603414,True
Europe & Central Asia (IDA & IBRD countries),TEC,1992,23.39857241800457,34879305.04928218,92.64784447116182,-9.68957789134366,True
Europe & Central Asia (IDA & IBRD countries),TEC,1993,23.39857241800457,34879305.04928218,91.93955015521388,-10.74465306678483,True
Europe & Central Asia (IDA & IBRD countries),TEC,1994,23.39857241800457,34879305.04928218,91.7391963725134,-14.69335569211692,True
Europe & Central Asia (IDA & IBRD countries),TEC,1995,23.39857241800457,34879305.04928218,91.1250384331109,-13.80542457379895,True
Europe & Central Asia (IDA & IBRD countries),TEC,1996,23.39857241800457,34879305.04928218,90.52653827078336,-15.83818107987121,True
Europe & Central Asia (IDA & IBRD countries),TEC,1997,23.39857241800457,34879305.04928218,90.21456619446904,-16.9633212813263,True
Europe & Central Asia (IDA & IBRD countries),TEC,1998,23.39857241800457,34879305.04928218,90.17027668388,-18.90084660227672,True
Europe & Central Asia (IDA & IBRD countries),TEC,1999,23.39857241800457,34879305.04928218,89.77336553722807,-21.55086839073034,True
Europe & Central Asia (IDA & IBRD countries),TEC,2000,23.39857241800457,34879305.04928218,89.51114067253938,-23.14862108149571,True
Europe & Central Asia (IDA & IBRD countries),TEC,2001,23.39857241800457,34879305.04928218,89.48256036172968,-25.66747570358448,True
Europe & Central Asia (IDA & IBRD countries),TEC,2002,23.39857241800457,34879305.04928218,89.37510118817444,-28.85978703865068,True
Europe & Central Asia (IDA & IBRD countries),TEC,2003,23.39857241800457,34879305.04928218,89.96619320273719,-30.96878072364603,True
Europe & Central Asia (IDA & IBRD countries),TEC,2004,23.39857241800457,34879305.04928218,89.62373240261128,-35.03202119993612,True
Europe & Central Asia (IDA & IBRD countries),TEC,2005,23.39857241800457,34879305.04928218,89.58277739520977,-37.88247522675878,True
Europe & Central Asia (IDA & IBRD countries),TEC,2006,23.39857241800457,34879305.04928218,89.15226207419387,-36.40734683900657,True
Europe & Central Asia (IDA & IBRD countries),TEC,2007,23.39857241800457,34879305.04928218,89.47653896223069,-37.54786518327286,True
Europe & Central Asia (IDA & IBRD countries),TEC,2008,23.39857241800457,34879305.04928218,89.60681662981499,-36.49637817327785,True
Europe & Central Asia (IDA & IBRD countries),TEC,2009,23.39857241800457,34879305.04928218,88.723218329025,-41.47191460978621,True
Europe & Central Asia (IDA & IBRD countries),TEC,2010,23.39857241800457,12002471.0,88.71850905111452,-40.86104318402001,True
Europe & Central Asia (IDA & IBRD countries),TEC,2011,23.39857241800457,14272573.0,89.7970912016509,-38.97651709281706,True
Europe & Central Asia (IDA & IBRD countries),TEC,2012,23.39857241800457,15952070.987,90.1107168341514,-40.17583122643194,True
Europe & Central Asia (IDA & IBRD countries),TEC,2013,23.39857241800457,17375583.614,89.69205543457846,-45.45122920202333,True
Europe & Central Asia (IDA & IBRD countries),TEC,2014,23.39857241800457,17815833.614,89.06310769359246,-45.26343863750021,True
Europe & Central Asia (IDA & IBRD countries),TEC,2015,23.39857241800457,15673228.0142,58.05846144287642,-47.68395125137121,True
Europe & Central Asia (IDA & IBRD countries),TEC,2016,23.39857241800457,16511367.0142,0.0,-46.86135553502427,True
Europe & Central Asia (IDA & IBRD countries),TEC,2017,23.39857241800457,18789609.0142,0.0,-45.90692665913591,True
Europe & Central Asia (IDA & IBRD countries),TEC,2018,23.39857241800457,20918836.0142,0.0,-47.10514300268338,True
Europe & Central Asia (IDA & IBRD countries),TEC,2019,23.39857241800457,22652523.0,0.0,-49.74827085273032,True
Europe & Central Asia (IDA & IBRD countries),TEC,2020,23.39857241800457,22416249.0,0.0,-45.09579237775083,True
Europe & Central Asia (IDA & IBRD countries),TEC,2021,23.39857241800457,23902992.0,0.0,-39.11343867314637,True
Europe & Central Asia (IDA & IBRD countries),TEC,2022,23.39857241800457,34879305.04928218,0.0,-37.2970271214036,True
Europe & Central Asia (IDA & IBRD countries),TEC,2023,23.39857241800457,34879305.04928218,0.0,-37.96310870035779,True
Europe & Central Asia (IDA & IBRD countries),TEC,2024,23.39857241800457,34879305.04928218,0.0,-37.96310870035779,True
Europe & Central Asia (excluding high income),ECA,1960,23.39857241800457,34879305.04928218,44.19907188742386,-37.96310870035779,True
Europe & Central Asia (excluding high income),ECA,1961,23.39857241800457,34879305.04928218,44.15911346707507,-37.96310870035779,True
Europe & Central Asia (excluding high income),ECA,1962,23.39857241800457,34879305.04928218,49.0496657421752,-37.96310870035779,True
Europe & Central Asia (excluding high income),ECA,1963,23.39857241800457,34879305.04928218,51.62627950599133,-37.96310870035779,True
Europe & Central Asia (excluding high income),ECA,1964,23.39857241800457,34879305.04928218,53.97489236859649,-37.96310870035779,True
Europe & Central Asia (excluding high income),ECA,1965,23.39857241800457,34879305.04928218,56.08172970749894,-37.96310870035779,True
Europe & Central Asia (excluding high income),ECA,1966,23.39857241800457,34879305.04928218,59.44922183786405,-37.96310870035779,True
Europe & Central Asia (excluding high income),ECA,1967,23.39857241800457,34879305.04928218,60.62461071181127,-37.96310870035779,True
Europe & Central Asia (excluding high income),ECA,1968,23.39857241800457,34879305.04928218,62.18319546684407,-37.96310870035779,True
Europe & Central Asia (excluding high income),ECA,1969,23.39857241800457,34879305.04928218,64.16108790981964,-37.96310870035779,True
Europe & Central Asia (excluding high income),ECA,1970,23.39857241800457,34879305.04928218,65.65402953079007,-37.96310870035779,True
Europe & Central Asia (excluding high income),ECA,1971,23.39857241800457,34879305.04928218,69.44968316961514,-37.96310870035779,True
Europe & Central Asia (excluding high income),ECA,1972,23.39857241800457,34879305.04928218,70.83872580228675,-37.96310870035779,True
Europe & Central Asia (excluding high income),ECA,1973,23.39857241800457,34879305.04928218,72.52383491415601,-37.96310870035779,True
Europe & Central Asia (excluding high income),ECA,1974,23.39857241800457,34879305.04928218,72.76280285605611,-37.96310870035779,True
Europe & Central Asia (excluding high income),ECA,1975,23.39857241800457,34879305.04928218,72.60948400864332,-37.96310870035779,True
Europe & Central Asia (excluding high income),ECA,1976,23.39857241800457,34879305.04928218,73.32102264487813,-37.96310870035779,True
Europe & Central Asia (excluding high income),ECA,1977,23.39857241800457,34879305.04928218,74.92086969806395,-37.96310870035779,True
Europe & Central Asia (excluding high income),ECA,1978,23.39857241800457,34879305.04928218,74.02384169975656,-37.96310870035779,True
Europe & Central Asia (excluding high income),ECA,1979,23.39857241800457,34879305.04928218,71.2688131057349,-37.96310870035779,True
Europe & Central Asia (excluding high income),ECA,1980,23.39857241800457,34879305.04928218,72.71990538367317,-37.96310870035779,True
Europe & Central Asia (excluding high income),ECA,1981,23.39857241800457,34879305.04928218,72.10070630361672,-37.96310870035779,True
Europe & Central Asia (excluding high income),ECA,1982,23.39857241800457,34879305.04928218,72.59124280139349,-37.96310870035779,True
Europe & Central Asia (excluding high income),ECA,1983,23.39857241800457,34879305.04928218,74.24530522766044,-37.96310870035779,True
Europe & Central Asia (excluding high income),ECA,1984,23.39857241800457,34879305.04928218,74.87639849363237,-37.96310870035779,True
Europe & Central Asia (excluding high income),ECA,1985,23.39857241800457,34879305.04928218,76.90529403353598,-37.96310870035779,True
Europe & Central Asia (excluding high income),ECA,1986,23.39857241800457,34879305.04928218,77.92299666971753,-37.96310870035779,True
Europe & Central Asia (excluding high income),ECA,1987,23.39857241800457,34879305.04928218,78.85355696126327,-37.96310870035779,True
Europe & Central Asia (excluding high income),ECA,1988,23.39857241800457,34879305.04928218,77.23045664999464,-37.96310870035779,True
Europe & Central Asia (excluding high income),ECA,1989,23.39857241800457,34879305.04928218,79.7781887018464,-37.96310870035779,True
Europe & Central Asia (excluding high income),ECA,1990,23.39857241800457,34879305.04928218,92.6579454455698,30.22881086689245,True
Europe & Central Asia (excluding high income),ECA,1991,23.39857241800457,34879305.04928218,92.69467415791912,30.06780211589001,True
Europe & Central Asia (excluding high income),ECA,1992,23.39857241800457,34879305.04928218,92.006252230911,30.63052643792136,True
Europe & Central Asia (excluding high income),ECA,1993,23.39857241800457,34879305.04928218,90.80208498791735,24.2787828589585,True
Europe & Central Asia (excluding high income),ECA,1994,23.39857241800457,34879305.04928218,90.08862685630392,26.15348794277329,True
Europe & Central Asia (excluding high income),ECA,1995,23.39857241800457,34879305.04928218,88.58053663428345,29.17767132724535,True
Europe & Central Asia (excluding high income),ECA,1996,23.39857241800457,34879305.04928218,86.85860031682152,27.71358171204159,True
Europe & Central Asia (excluding high income),ECA,1997,23.39857241800457,34879305.04928218,86.77679246330196,28.18673919377704,True
Europe & Central Asia (excluding high income),ECA,1998,23.39857241800457,34879305.04928218,86.68034783704805,26.65467169363088,True
Europe & Central Asia (excluding high income),ECA,1999,23.39857241800457,34879305.04928218,86.68381655358237,21.3940383256093,True
Europe & Central Asia (excluding high income),ECA,2000,23.39857241800457,34879305.04928218,86.39208877471397,14.40830666387937,True
Europe & Central Asia (excluding high income),ECA,2001,23.39857241800457,34879305.04928218,86.5226731228403,11.73758883603774,True
Europe & Central Asia (excluding high income),ECA,2002,23.39857241800457,34879305.04928218,86.67304576691697,11.59696933263109,True
Europe & Central Asia (excluding high income),ECA,2003,23.39857241800457,34879305.04928218,88.12702336866556,12.07427305608241,True
Europe & Central Asia (excluding high income),ECA,2004,23.39857241800457,34879305.04928218,87.80987592837971,11.00208796003104,True
Europe & Central Asia (excluding high income),ECA,2005,23.39857241800457,34879305.04928218,87.80921944763246,7.433255911694903,True
Europe & Central Asia (excluding high income),ECA,2006,23.39857241800457,34879305.04928218,85.97363979910881,6.487178340140631,True
Europe & Central Asia (excluding high income),ECA,2007,23.39857241800457,34879305.04928218,87.7354470067941,3.148820940184524,True
Europe & Central Asia (excluding high income),ECA,2008,23.39857241800457,34879305.04928218,88.02351407542703,0.0647270595215897,True
Europe & Central Asia (excluding high income),ECA,2009,23.39857241800457,34879305.04928218,87.08169309009969,-4.301370136368458,True
Europe & Central Asia (excluding high income),ECA,2010,23.39857241800457,34879305.04928218,87.99639518039008,-2.810076786523796,True
Europe & Central Asia (excluding high income),ECA,2011,23.39857241800457,34879305.04928218,87.92190836285789,-1.182455435082188,True
Europe & Central Asia (excluding high income),ECA,2012,23.39857241800457,34879305.04928218,87.47719804718054,-2.582707953765805,True
Europe & Central Asia (excluding high income),ECA,2013,23.39857241800457,34879305.04928218,87.36171067506613,-6.703370175728578,True
Europe & Central Asia (excluding high income),ECA,2014,23.39857241800457,34879305.04928218,84.1742636598838,-8.704964623649413,True
Europe & Central Asia (excluding high income),ECA,2015,23.39857241800457,34879305.04928218,69.7799159886783,-6.092039804712221,True
Europe & Central Asia (excluding high income),ECA,2016,23.39857241800457,34879305.04928218,0.0,-3.87770759835536,True
Europe & Central Asia (excluding high income),ECA,2017,23.39857241800457,34879305.04928218,0.0,-1.786840290341332,True
Europe & Central Asia (excluding high income),ECA,2018,23.39857241800457,34879305.04928218,0.0,-4.65024561729315,True
Europe & Central Asia (excluding high income),ECA,2019,23.39857241800457,34879305.04928218,0.0,-4.07534637637762,True
Europe & Central Asia (excluding high income),ECA,2020,23.39857241800457,34879305.04928218,0.0,-2.490534987676114,True
Europe & Central Asia (excluding high income),ECA,2021,23.39857241800457,34879305.04928218,0.0,2.416648429384157,True
Europe & Central Asia (excluding high income),ECA,2022,23.39857241800457,34879305.04928218,0.0,1.386329954970711,True
Europe & Central Asia (excluding high income),ECA,2023,23.39857241800457,34879305.04928218,0.0,3.371458960448325,True
Europe & Central Asia (excluding high income),ECA,2024,23.39857241800457,34879305.04928218,0.0,-37.96310870035779,True
European Union,EUU,1960,23.39857241800457,34879305.04928218,93.76106289961706,-37.96310870035779,True
European Union,EUU,1961,23.39857241800457,34879305.04928218,93.6256070836182,-37.96310870035779,True
European Union,EUU,1962,23.39857241800457,34879305.04928218,93.8137719087475,-37.96310870035779,True
European Union,EUU,1963,23.39857241800457,34879305.04928218,94.19565521172736,-37.96310870035779,True
European Union,EUU,1964,23.39857241800457,34879305.04928218,94.5696987015108,-37.96310870035779,True
European Union,EUU,1965,23.39857241800457,34879305.04928218,94.60694039258378,-37.96310870035779,True
European Union,EUU,1966,23.39857241800457,34879305.04928218,94.14087001402063,-37.96310870035779,True
European Union,EUU,1967,23.39857241800457,34879305.04928218,94.360653470378,-37.96310870035779,True
European Union,EUU,1968,23.39857241800457,34879305.04928218,94.5036046655083,-37.96310870035779,True
European Union,EUU,1969,23.39857241800457,34879305.04928218,94.79038968631669,-37.96310870035779,True
European Union,EUU,1970,23.39857241800457,34879305.04928218,94.22245621200553,-37.96310870035779,True
European Union,EUU,1971,23.39857241800457,34879305.04928218,94.50827106402174,-37.96310870035779,True
European Union,EUU,1972,23.39857241800457,34879305.04928218,93.98593856819517,-37.96310870035779,True
European Union,EUU,1973,23.39857241800457,34879305.04928218,94.48097835125245,-37.96310870035779,True
European Union,EUU,1974,23.39857241800457,34879305.04928218,94.26894850954064,-37.96310870035779,True
European Union,EUU,1975,23.39857241800457,34879305.04928218,93.43752727375433,-37.96310870035779,True
European Union,EUU,1976,23.39857241800457,34879305.04928218,93.90027924065558,-37.96310870035779,True
European Union,EUU,1977,23.39857241800457,34879305.04928218,92.64788859849943,-37.96310870035779,True
European Union,EUU,1978,23.39857241800457,34879305.04928218,92.49795780469069,-37.96310870035779,True
European Union,EUU,1979,23.39857241800457,34879305.04928218,92.5107732882598,-37.96310870035779,True
European Union,EUU,1980,23.39857241800457,34879305.04928218,91.78282081652108,-37.96310870035779,True
European Union,EUU,1981,23.39857241800457,34879305.04928218,89.77261625613833,-37.96310870035779,True
European Union,EUU,1982,23.39857241800457,34879305.04928218,89.06508402326833,-37.96310870035779,True
European Union,EUU,1983,23.39857241800457,34879305.04928218,87.73915452001401,-37.96310870035779,True
European Union,EUU,1984,23.39857241800457,34879305.04928218,85.78693341034749,-37.96310870035779,True
European Union,EUU,1985,23.39857241800457,34879305.04928218,84.28127353475128,-37.96310870035779,True
European Union,EUU,1986,23.39857241800457,34879305.04928218,83.58832258718235,-37.96310870035779,True
European Union,EUU,1987,23.39857241800457,34879305.04928218,83.22137384365988,-37.96310870035779,True
European Union,EUU,1988,23.39857241800457,34879305.04928218,82.28146015489828,-37.96310870035779,True
European Union,EUU,1989,23.39857241800457,34879305.04928218,81.86885669516305,-37.96310870035779,True
European Union,EUU,1990,23.39857241800457,34879305.04928218,80.7651204019169,51.74968510022296,True
European Union,EUU,1991,23.39857241800457,34879305.04928218,80.27869674882425,52.18014098405513,True
European Union,EUU,1992,23.39857241800457,34879305.04928218,79.70370848368889,53.6112319079926,True
European Union,EUU,1993,23.39857241800457,34879305.04928218,78.91673359397522,52.11055779808104,True
European Union,EUU,1994,23.39857241800457,34879305.04928218,78.78171956864679,53.23777834921026,True
European Union,EUU,1995,23.39857241800457,34879305.04928218,78.92941629215028,53.9809109207168,True
European Union,EUU,1996,23.39857241800457,34879305.04928218,78.73701577577891,54.64755405392572,True
European Union,EUU,1997,23.39857241800457,34879305.04928218,78.1869831535946,55.61650854803687,True
European Union,EUU,1998,23.39857241800457,34879305.04928218,78.29072002293525,57.61693497268422,True
European Union,EUU,1999,23.39857241800457,34879305.04928218,77.78598469089094,57.25941561641259,True
European Union,EUU,2000,23.39857241800457,34879305.04928218,77.40855177628212,58.67814125366378,True
European Union,EUU,2001,23.39857241800457,34879305.04928218,77.2849167604799,58.08667686348496,True
European Union,EUU,2002,23.39857241800457,34879305.04928218,77.14677383108248,58.62655717146333,True
European Union,EUU,2003,23.39857241800457,34879305.04928218,76.96361444880668,59.28113844539376,True
European Union,EUU,2004,23.39857241800457,34879305.04928218,76.58881527462003,59.35654576072011,True
European Union,EUU,2005,23.39857241800457,34879305.04928218,76.25920341498998,60.43112499613676,True
European Union,EUU,2006,23.39857241800457,34879305.04928218,75.92888345996319,61.02675331231453,True
European Union,EUU,2007,23.39857241800457,34879305.04928218,75.5255006775618,60.16344119439491,True
European Union,EUU,2008,23.39857241800457,34879305.04928218,74.6346933280166,61.36389838019985,True
European Union,EUU,2009,23.39857241800457,34879305.04928218,73.62497452389742,60.03203573664872,True
European Union,EUU,2010,23.39857241800457,73436788.0,72.93032806570604,58.46941019910271,True
European Union,EUU,2011,23.39857241800457,79469315.0,72.34287276741232,59.27173169973941,True
European Union,EUU,2012,23.39857241800457,81630462.0,71.3729544260112,57.6485758772273,True
European Union,EUU,2013,23.39857241800457,83271268.0,70.49677208467203,56.59679113782219,True
European Union,EUU,2014,23.39857241800457,86647962.0,69.32801937899318,57.25296288060883,True
European Union,EUU,2015,23.39857241800457,85820040.0,67.68842240036362,59.11822220463042,True
European Union,EUU,2016,23.39857241800457,88721964.0,0.0,59.33590307947747,True
European Union,EUU,2017,23.39857241800457,93732821.0,0.0,60.92680349800239,True
European Union,EUU,2018,23.39857241800457,98188428.0,0.0,61.76065495812089,True
European Union,EUU,2019,23.39857241800457,99990193.0,0.0,64.41796537891956,True
European Union,EUU,2020,23.39857241800457,96930306.0,0.0,60.28750664545572,True
European Union,EUU,2021,23.39857241800457,102903861.0,0.0,58.44115971833135,True
European Union,EUU,2022,23.39857241800457,100328193.0,0.0,66.74841477810543,True
European Union,EUU,2023,23.39857241800457,95631045.0,0.0,62.4866298405757,True
European Union,EUU,2024,23.39857241800457,101354155.0,0.0,-37.96310870035779,True
Faroe Islands,FRO,2006,4.3556714589,34879305.04928218,49.53885920745446,-37.96310870035779,False
Faroe Islands,FRO,2007,4.3556714589,34879305.04928218,49.53885920745446,-37.96310870035779,False
Faroe Islands,FRO,2008,4.5560583135,34879305.04928218,49.53885920745446,-37.96310870035779,False
Faroe Islands,FRO,2009,4.5519501483,34879305.04928218,49.53885920745446,-37.96310870035779,False
Faroe Islands,FRO,2010,4.6520478402,34325.88,49.53885920745446,-37.96310870035779,False
Faroe Islands,FRO,2011,4.5572234333,35751.59,49.53885920745446,-37.96310870035779,False
Faroe Islands,FRO,2012,4.5572658013,35739.63,49.53885920745446,-37.96310870035779,False
Faroe Islands,FRO,2013,4.5552321376,32168.71,49.53885920745446,-37.96310870035779,False
Faroe Islands,FRO,2014,4.4040692931,35753.08,49.53885920745446,-37.96310870035779,False
Faroe Islands,FRO,2015,4.4050755329,33506.52,49.53885920745446,-37.96310870035779,False
Faroe Islands,FRO,2016,4.4050755329,33520.26,49.53885920745446,-37.96310870035779,False
Faroe Islands,FRO,2017,4.5143039346,34942.61,49.53885920745446,-37.96310870035779,False
Faroe Islands,FRO,2018,4.6562253784,35039.3,49.53885920745446,-37.96310870035779,False
Faroe Islands,FRO,2019,4.5735457916,31214.33,49.53885920745446,-37.96310870035779,False
Faroe Islands,FRO,2020,6.0414674084,34879305.04928218,49.53885920745446,-37.96310870035779,False
Faroe Islands,FRO,2021,6.0372094252,34879305.04928218,49.53885920745446,-37.96310870035779,False
Fiji,FJI,1990,23.39857241800457,34879305.04928218,0.0,-37.96310870035779,False
Fiji,FJI,2004,23.39857241800457,34879305.04928218,0.0,-37.96310870035779,False
Fiji,FJI,2005,23.39857241800457,34879305.04928218,0.0,-37.96310870035779,False
Fiji,FJI,2006,10.7038808262,34879305.04928218,0.0,-37.96310870035779,False
Fiji,FJI,2007,11.9397164239,34879305.04928218,0.0,-37.96310870035779,False
Fiji,FJI,2008,13.8823161102,34879305.04928218,49.53885920745446,-37.96310870035779,False
Fiji,FJI,2009,11.9384099985,34879305.04928218,49.53885920745446,-37.96310870035779,False
Fiji,FJI,2010,11.5515043468,257316.0,49.53885920745446,-37.96310870035779,False
Fiji,FJI,2011,12.5118889398,290789.0,49.53885920745446,-37.96310870035779,False
Fiji,FJI,2012,12.0754967988,232617.4,49.53885920745446,-37.96310870035779,False
Fiji,FJI,2013,13.9049689788,324269.9,49.53885920745446,-37.96310870035779,False
Fiji,FJI,2014,11.9318292736,329096.8,49.53885920745446,-37.96310870035779,False
Fiji,FJI,2015,10.7872457028,255214.0,49.53885920745446,-37.96310870035779,False
Fiji,FJI,2016,11.0928747116,244524.4,49.53885920745446,-37.96310870035779,False
Fiji,FJI,2017,11.4388209609,276943.9,49.53885920745446,-37.96310870035779,False
Fiji,FJI,2018,9.6555908805,279465.5,49.53885920745446,-37.96310870035779,False
Fiji,FJI,2019,9.6562973607,145782.4,49.53885920745446,-37.96310870035779,False
Fiji,FJI,2020,9.258095718,34879305.04928218,49.53885920745446,-37.96310870035779,False
Fiji,FJI,2021,10.3117025328,34879305.04928218,49.53885920745446,-37.96310870035779,False
Finland,FIN,1990,23.39857241800457,34879305.04928218,55.4696676469862,62.81492714923031,False
Finland,FIN,1991,23.39857241800457,34879305.04928218,56.56178709405981,58.40322785350875,False
Finland,FIN,1992,23.39857241800457,34879305.04928218,53.92813651112437,57.5788014173471,False
Finland,FIN,1993,23.39857241800457,34879305.04928218,54.80485598700092,57.19408701957475,False
Finland,FIN,1994,23.39857241800457,34879305.04928218,56.88380372585961,67.04859462874997,False
Finland,FIN,1995,23.39857241800457,34879305.04928218,52.94548891584826,54.41880286116123,False
Finland,FIN,1996,23.39857241800457,34879305.04928218,55.65092411351941,55.94363446089488,False
Finland,FIN,1997,23.39857241800457,34879305.04928218,53.26433239087442,57.20761270778515,False
Finland,FIN,1998,23.39857241800457,34879305.04928218,51.49638721172164,54.56388931669994,False
Finland,FIN,1999,23.39857241800457,34879305.04928218,50.79214588995604,51.98760309598843,False
Finland,FIN,2000,23.39857241800457,34879305.04928218,49.82626962771906,57.11659386939546,False
Finland,FIN,2001,23.39857241800457,34879305.04928218,50.37191985769901,56.76755843829167,False
Finland,FIN,2002,23.39857241800457,34879305.04928218,51.3908041928673,53.73239451052352,False
Finland,FIN,2003,23.39857241800457,34879305.04928218,54.45969868051937,60.62797566409648,False
Finland,FIN,2004,23.39857241800457,34879305.04928218,53.3786735682675,56.05381137182738,False
Finland,FIN,2005,23.39857241800457,34879305.04928218,49.23233723212224,55.85242101374074,False
Finland,FIN,2006,12.9891858202,34879305.04928218,51.74354364320294,55.46225298271487,False
Finland,FIN,2007,12.8417245869,34879305.04928218,49.86347797756793,54.66365716574229,False
Finland,FIN,2008,13.4953481096,34879305.04928218,47.82417642936535,55.93197325783829,False
Finland,FIN,2009,13.8452182071,34879305.04928218,48.58160440058332,55.44258313319195,False
Finland,FIN,2010,13.4100944117,1219391.0,48.91594197578793,49.32608353178113,False
Finland,FIN,2011,14.1051440916,1398619.0,47.09451085644303,54.53569365634875,False
Finland,FIN,2012,15.1673204393,1445102.0,43.10203468227232,47.4849254651914,False
Finland,FIN,2013,15.656963868,1472143.0,42.47334440789445,50.07318591224834,False
Finland,FIN,2014,18.2529565933,1426630.0,41.96179755138436,50.26081123847867,False
Finland,FIN,2015,15.9764685296,1413646.0,40.22905463215283,48.54248940939184,False
Finland,FIN,2016,14.6993398925,1509479.0,0.0,46.68279578673494,False
Finland,FIN,2017,14.4938772345,1630089.0,0.0,45.26715370597778,False
Finland,FIN,2018,13.2705121844,1594271.0,0.0,46.76582740356638,False
Finland,FIN,2019,14.7876564838,1628170.0,0.0,44.4037103012629,False
Finland,FIN,2020,14.7027762612,1496192.0,0.0,43.86686234665482,False
Finland,FIN,2021,14.9923013473,1409037.0,0.0,38.68764766641233,False
Finland,FIN,2022,23.39857241800457,1446004.0,0.0,42.38189163965408,False
Finland,FIN,2023,23.39857241800457,1368831.0,0.0,30.27185340943239,False
Finland,FIN,2024,23.39857241800457,1317452.0,0.0,-37.96310870035779,False
France,FRA,1990,23.39857241800457,34879305.04928218,58.2245597260055,53.27272888371,False
France,FRA,1991,23.39857241800457,34879305.04928218,58.01362350889232,53.2682062561467,False
France,FRA,1992,23.39857241800457,34879305.04928218,56.23141161130446,52.88880813206571,False
France,FRA,1993,23.39857241800457,34879305.04928218,54.26133730210624,48.67780275072178,False
France,FRA,1994,23.39857241800457,34879305.04928218,53.38579268378184,48.39914856097644,False
France,FRA,1995,23.39857241800457,34879305.04928218,53.64798548216243,48.68610812969411,False
France,FRA,1996,23.39857241800457,34879305.04928218,53.91210156427654,49.24387675307076,False
France,FRA,1997,23.39857241800457,34879305.04928218,52.97055433197191,49.89075732721739,False
France,FRA,1998,23.39857241800457,34879305.04928218,54.85729015155631,52.24308036848569,False
France,FRA,1999,23.39857241800457,34879305.04928218,54.0873966037381,52.65386701598064,False
France,FRA,2000,23.39857241800457,34879305.04928218,52.86841733419917,52.65971792206739,False
France,FRA,2001,23.39857241800457,34879305.04928218,53.46468988014736,51.62805909053344,False
France,FRA,2002,23.39857241800457,34879305.04928218,52.87207188520014,51.99022961127636,False
France,FRA,2003,23.39857241800457,34879305.04928218,52.37588246722758,51.90193061433333,False
France,FRA,2004,23.39857241800457,34879305.04928218,52.10432433943949,52.24022561751698,False
France,FRA,2005,23.39857241800457,34879305.04928218,51.97412724166981,53.0679404506124,False
France,FRA,2006,57.9341724565,34879305.04928218,51.57830293449448,52.9914446924844,False
France,FRA,2007,59.2545171586,34879305.04928218,51.35242741139865,51.97025142335551,False
France,FRA,2008,58.8904517603,34879305.04928218,50.50994185566551,52.30051953781396,False
France,FRA,2009,58.3634699371,34879305.04928218,50.53027918775111,52.44617955111168,False
France,FRA,2010,63.3126445596,3915704.0,49.54638207477876,50.37099440135735,False
France,FRA,2011,61.2200460394,3865087.0,47.39794545131664,50.76691298315272,False
France,FRA,2012,65.7970826065,4076391.0,47.85915361489973,49.91921275486722,False
France,FRA,2013,67.826460655,4285777.0,47.40244085469663,49.71873505767046,False
France,FRA,2014,68.0696989678,4424205.0,45.03521216573112,47.85957234889721,False
France,FRA,2015,71.892672219,4463203.0,45.17655073784997,47.58401938354374,False
France,FRA,2016,71.5452975523,4471870.0,0.0,49.14706213929405,False
France,FRA,2017,75.53570876,4964947.0,0.0,50.65012525119118,False
France,FRA,2018,74.7042701226,5051326.0,0.0,48.74056504473396,False
France,FRA,2019,75.5448223971,4992918.0,0.0,49.70652062564616,False
France,FRA,2020,77.4494014959,4435697.0,0.0,45.79096110736379,False
France,FRA,2021,74.288607133,5522541.0,0.0,45.57152517815508,False
France,FRA,2022,23.39857241800457,5593633.0,0.0,54.32017397912858,False
France,FRA,2023,23.39857241800457,4869539.0,0.0,47.12793029861979,False
France,FRA,2024,23.39857241800457,5371045.0,0.0,-37.96310870035779,False
French Polynesia,PYF,2006,10.8572465,34879305.04928218,49.53885920745446,-37.96310870035779,False
French Polynesia,PYF,2007,12.0993961939,34879305.04928218,49.53885920745446,-37.96310870035779,False
French Polynesia,PYF,2008,11.7126058323,34879305.04928218,49.53885920745446,-37.96310870035779,False
French Polynesia,PYF,2009,10.4637359613,34879305.04928218,49.53885920745446,-37.96310870035779,False
French Polynesia,PYF,2010,10.3458246048,68889.0,49.53885920745446,-37.96310870035779,False
French Polynesia,PYF,2011,10.6060389563,72816.0,49.53885920745446,-37.96310870035779,False
French Polynesia,PYF,2012,11.4003965445,71866.0,49.53885920745446,-37.96310870035779,False
French Polynesia,PYF,2013,10.986948668,69341.0,49.53885920745446,-37.96310870035779,False
French Polynesia,PYF,2014,9.1360390703,69296.0,49.53885920745446,-37.96310870035779,False
French Polynesia,PYF,2015,12.2773053483,69088.0,49.53885920745446,-37.96310870035779,False
French Polynesia,PYF,2016,12.5116920174,34879305.04928218,49.53885920745446,-37.96310870035779,False
French Polynesia,PYF,2017,13.1012124401,34879305.04928218,49.53885920745446,-37.96310870035779,False
French Polynesia,PYF,2018,10.0278304544,83288.0,49.53885920745446,-37.96310870035779,False
French Polynesia,PYF,2019,14.5416604428,87575.0,49.53885920745446,-37.96310870035779,False
French Polynesia,PYF,2020,13.8658888882,79480.0,49.53885920745446,-37.96310870035779,False
French Polynesia,PYF,2021,14.3342341331,80220.0,49.53885920745446,-37.96310870035779,False
French Polynesia,PYF,2022,23.39857241800457,84772.0,49.53885920745446,-37.96310870035779,False
Gabon,GAB,1990,23.39857241800457,34879305.04928218,32.00711227637456,-1029.218298328247,False
Gabon,GAB,1991,23.39857241800457,34879305.04928218,31.89591987158096,-1149.002603605896,False
Gabon,GAB,1992,23.39857241800457,34879305.04928218,34.47552430729738,-1056.919695998535,False
Gabon,GAB,1993,23.39857241800457,34879305.04928218,36.7534007719596,-1088.745997403721,False
Gabon,GAB,1994,23.39857241800457,34879305.04928218,28.36646314802824,-1393.138460937647,False
Gabon,GAB,1995,23.39857241800457,34879305.04928218,32.60656878205073,-1355.370370370371,False
Gabon,GAB,1996,23.39857241800457,34879305.04928218,34.50975931872915,-1310.897929171153,False
Gabon,GAB,1997,23.39857241800457,34879305.04928218,34.2316162702697,-1309.476351351351,False
Gabon,GAB,1998,23.39857241800457,34879305.04928218,36.77406997284478,-1158.637828910797,False
Gabon,GAB,1999,23.39857241800457,34879305.04928218,33.55020396430429,-1059.818588185389,False
Gabon,GAB,2000,23.39857241800457,34879305.04928218,32.42682719064588,-917.466709970773,False
Gabon,GAB,2001,23.39857241800457,34879305.04928218,35.1778224434218,-794.0321311872192,False
Gabon,GAB,2002,23.39857241800457,34879305.04928218,28.07278123425808,-644.9558298352247,False
Gabon,GAB,2003,23.39857241800457,34879305.04928218,23.57226364692431,-575.9120509021944,False
Gabon,GAB,2004,23.39857241800457,34879305.04928218,20.95437634181467,-507.7345478921233,False
Gabon,GAB,2005,23.39857241800457,34879305.04928218,20.16241967677432,-423.2269029222454,False
Gabon,GAB,2006,8.7884803661,34879305.04928218,18.50843981866232,-335.1802879570159,False
Gabon,GAB,2007,10.0885121694,34879305.04928218,18.19578951254291,-307.1497890964442,False
Gabon,GAB,2008,11.401408331,34879305.04928218,17.08036486822964,-264.2537640358775,False
Gabon,GAB,2009,10.4101794465,34879305.04928218,16.42798051535447,-240.0087455416165,False
Gabon,GAB,2010,9.5450700123,153657.0,18.8862012255762,-243.2633205140852,False
Gabon,GAB,2011,10.4743691413,162415.0,26.23713985661197,-274.270801709442,False
Gabon,GAB,2012,12.0302014122,168912.0,30.82248820459857,-296.8710938275041,False
Gabon,GAB,2013,11.6877684953,130700.0,22.02873270837707,-189.7526454013489,False
Gabon,GAB,2014,9.9853516562,197998.0,22.46019271553245,-195.2663023814597,False
Gabon,GAB,2015,10.0286034504,145700.0,6.488200323875384,-203.7640204601227,False
Gabon,GAB,2016,12.6404519212,146000.0,0.0,-199.6199056159851,False
Gabon,GAB,2017,12.4212041272,156000.0,0.0,-195.8613402213154,False
Gabon,GAB,2018,12.3418745716,141649.0,0.0,-172.0135298517643,False
Gabon,GAB,2019,13.0709076745,154330.0,0.0,-210.2251021889454,False
Gabon,GAB,2020,12.4577609065,148003.0,0.0,-205.6490713822357,False
Gabon,GAB,2021,12.8960525225,154474.0,0.0,-190.1151030284482,False
Gabon,GAB,2022,23.39857241800457,180878.0,0.0,-187.5970300371246,False
Gabon,GAB,2023,23.39857241800457,173279.0,0.0,-37.96310870035779,False
Gabon,GAB,2024,23.39857241800457,180878.0,49.53885920745446,-37.96310870035779,False
"Gambia, The",GMB,1990,23.39857241800457,34879305.04928218,0.0,-37.96310870035779,False
"Gambia, The",GMB,2004,23.39857241800457,34879305.04928218,0.0,-37.96310870035779,False
"Gambia, The",GMB,2005,23.39857241800457,34879305.04928218,0.0,-37.96310870035779,False
"Gambia, The",GMB,2006,4.0679150546,34879305.04928218,0.0,-37.96310870035779,False
"Gambia, The",GMB,2007,4.9895082163,34879305.04928218,0.0,-37.96310870035779,False
"Gambia, The",GMB,2008,6.046222391,34879305.04928218,49.53885920745446,-37.96310870035779,False
"Gambia, The",GMB,2009,6.3770194602,34879305.04928218,49.53885920745446,-37.96310870035779,False
"Gambia, The",GMB,2010,6.0202024796,58521.0,49.53885920745446,-37.96310870035779,False
"Gambia, The",GMB,2011,6.2091370574,71932.0,49.53885920745446,-37.96310870035779,False
"Gambia, The",GMB,2012,11.0918899788,65226.0,49.53885920745446,-37.96310870035779,False
"Gambia, The",GMB,2013,10.570588209,68759.0,49.53885920745446,-37.96310870035779,False
"Gambia, The",GMB,2014,10.0381380198,70000.0,49.53885920745446,-37.96310870035779,False
"Gambia, The",GMB,2015,8.0314344808,65000.0,49.53885920745446,-37.96310870035779,False
"Gambia, The",GMB,2016,6.6632665137,60000.0,49.53885920745446,-37.96310870035779,False
"Gambia, The",GMB,2017,6.3476089175,62500.0,49.53885920745446,-37.96310870035779,False
"Gambia, The",GMB,2018,6.8081888475,61250.0,49.53885920745446,-37.96310870035779,False
"Gambia, The",GMB,2019,6.5002846081,71469.72,49.53885920745446,-37.96310870035779,False
"Gambia, The",GMB,2020,6.1684059711,34879305.04928218,49.53885920745446,-37.96310870035779,False
"Gambia, The",GMB,2021,6.6432101656,34879305.04928218,49.53885920745446,-37.96310870035779,False
Georgia,GEO,1990,23.39857241800457,34879305.04928218,88.8220457615044,85.1140075171486,False
Georgia,GEO,1991,23.39857241800457,34879305.04928218,87.16951433410193,87.54242984971069,False
Georgia,GEO,1992,23.39857241800457,34879305.04928218,84.55493085152301,86.0862970062192,False
Georgia,GEO,1993,23.39857241800457,34879305.04928218,77.97325252446446,79.36332458134952,False
Georgia,GEO,1994,23.39857241800457,34879305.04928218,80.44373548258696,81.1027676245533,False
Georgia,GEO,1995,23.39857241800457,34879305.04928218,68.28755105552197,69.18436556423849,False
Georgia,GEO,1996,23.39857241800457,34879305.04928218,60.53322358296205,61.03634474273078,False
Georgia,GEO,1997,23.39857241800457,34879305.04928218,59.86072000464807,60.98080094142957,False
Georgia,GEO,1998,23.39857241800457,34879305.04928218,59.13243087125866,59.57694241890847,False
Georgia,GEO,1999,23.39857241800457,34879305.04928218,55.69164870738389,57.16688982730805,False
Georgia,GEO,2000,23.39857241800457,34879305.04928218,59.00642523098335,54.32003196324211,False
Georgia,GEO,2001,23.39857241800457,34879305.04928218,55.08472580066616,50.42135483930922,False
Georgia,GEO,2002,23.39857241800457,34879305.04928218,49.58558231284778,47.24178073189521,False
Georgia,GEO,2003,23.39857241800457,34879305.04928218,52.1405444779906,49.27874004625944,False
Georgia,GEO,2004,23.39857241800457,34879305.04928218,53.76825752544464,55.08610693579558,False
Georgia,GEO,2005,23.39857241800457,34879305.04928218,64.4076475508237,66.81464292320364,False
Georgia,GEO,2006,4.4729714562,34879305.04928218,70.39997715122897,70.7513057452793,False
Georgia,GEO,2007,4.1637771496,34879305.04928218,70.68300536916475,69.49038667714962,False
Georgia,GEO,2008,5.3148580334,34879305.04928218,66.78333044210805,65.40149118484014,False
Georgia,GEO,2009,4.3573893029,34879305.04928218,66.9876694364067,63.05520194421932,False
Georgia,GEO,2010,5.9076133104,242433.0,64.69847622194573,59.22942769287253,False
Georgia,GEO,2011,5.9332702953,284446.0,72.75749502934295,69.49619637358416,False
Georgia,GEO,2012,5.3488733379,356723.0,74.45474730858344,71.42111368909521,False
Georgia,GEO,2013,5.7592655423,403447.0,64.58937098757879,67.83230837252299,False
Georgia,GEO,2014,5.5528728493,446972.0,71.39239354495011,71.01898322225261,False
Georgia,GEO,2015,5.3949936805,276776.0,73.9831016961049,73.83383148922289,False
Georgia,GEO,2016,4.9589855971,251011.0,0.0,73.09864012613313,False
Georgia,GEO,2017,6.175790169,34879305.04928218,0.0,74.40716429564914,False
Georgia,GEO,2018,6.8352400597,348240.0,0.0,77.33343836000846,False
Georgia,GEO,2019,6.4679952817,601491.0,0.0,80.7223894853654,False
Georgia,GEO,2020,6.1722081911,490670.0,0.0,80.63173667166129,False
Georgia,GEO,2021,5.9503179328,401269.0,0.0,78.15530253417806,False
Georgia,GEO,2022,23.39857241800457,477357.0,0.0,79.58420686292075,False
Georgia,GEO,2023,23.39857241800457,701550.0,0.0,79.93504665633122,False
Georgia,GEO,2024,23.39857241800457,636497.0,49.53885920745446,-37.96310870035779,False
Germany,DEU,1990,23.39857241800457,34879305.04928218,86.83025588991343,47.62818612685532,False
Germany,DEU,1991,23.39857241800457,34879305.04928218,87.0898894503543,52.63522077191284,False
Germany,DEU,1992,23.39857241800457,34879305.04928218,85.95094239268941,55.66156825997446,False
Germany,DEU,1993,23.39857241800457,34879305.04928218,86.00162094419161,56.71539025493506,False
Germany,DEU,1994,23.39857241800457,34879305.04928218,86.01320598062978,58.06535827895233,False
Germany,DEU,1995,23.39857241800457,34879305.04928218,85.8067183011832,58.11395903492579,False
Germany,DEU,1996,23.39857241800457,34879305.04928218,85.89398814184398,60.01349945312941,False
Germany,DEU,1997,23.39857241800457,34879305.04928218,84.625133828844,60.75807798778232,False
Germany,DEU,1998,23.39857241800457,34879305.04928218,84.91749177844767,62.48061388887321,False
Germany,DEU,1999,23.39857241800457,34879305.04928218,83.92761108752221,60.8209367337946,False
Germany,DEU,2000,23.39857241800457,34879305.04928218,83.61750928993492,61.10395804560908,False
Germany,DEU,2001,23.39857241800457,34879305.04928218,83.60096766241786,62.50502485196193,False
Germany,DEU,2002,23.39857241800457,34879305.04928218,83.27377873311205,61.79948789387626,False
Germany,DEU,2003,23.39857241800457,34879305.04928218,82.93916015094148,62.26987907991099,False
Germany,DEU,2004,23.39857241800457,34879305.04928218,82.22187933448228,62.86506703762005,False
Germany,DEU,2005,23.39857241800457,34879305.04928218,81.39007762964366,62.530571039464,False
Germany,DEU,2006,79.4567531445,34879305.04928218,80.67165830693314,62.83430759752218,False
Germany,DEU,2007,82.347862591,34879305.04928218,80.50588809583189,60.55782923541814,False
Germany,DEU,2008,82.6514208167,34879305.04928218,79.91048688750115,62.84655304765432,False
Germany,DEU,2009,79.0059296737,34879305.04928218,79.31620248479025,63.27807317691088,False
Germany,DEU,2010,78.2609640364,13037702.0,78.9137435234329,62.0536486295109,False
Germany,DEU,2011,79.7782707275,15199723.0,79.91474485100389,63.9626026669831,False
Germany,DEU,2012,78.8292260979,15269690.0,79.87342822447057,63.40918680184552,False
Germany,DEU,2013,83.2739235729,15401010.0,80.13918693482815,64.63418611830458,False
Germany,DEU,2014,81.0408218424,15842604.0,79.39572885429638,64.03523601634423,False
Germany,DEU,2015,85.1239726416,14988243.0,79.62803699643412,64.43544966883502,False
Germany,DEU,2016,82.9015582716,15126366.0,0.0,66.30647282030495,False
Germany,DEU,2017,84.0411527099,15163474.0,0.0,66.62119661162211,False
Germany,DEU,2018,82.5809926954,15123221.0,0.0,66.20193066230986,False
Germany,DEU,2019,85.5307710286,15022386.0,0.0,69.92400064751546,False
Germany,DEU,2020,83.3399373636,13946212.0,0.0,65.38560057380182,False
Germany,DEU,2021,85.07903368,14710963.0,0.0,65.40456186727552,False
Germany,DEU,2022,23.39857241800457,13733867.0,0.0,71.75340938561932,False
Germany,DEU,2023,23.39857241800457,12608856.0,0.0,70.4874265375658,False
Germany,DEU,2024,23.39857241800457,13294081.0,0.0,-37.96310870035779,False
Ghana,GHA,1990,23.39857241800457,34879305.04928218,18.2336592273629,18.25071201924596,False
Ghana,GHA,1991,23.39857241800457,34879305.04928218,16.56048690918578,16.29678094739593,False
Ghana,GHA,1992,23.39857241800457,34879305.04928218,16.08662187744761,16.24089281954095,False
Ghana,GHA,1993,23.39857241800457,34879305.04928218,17.40651738216458,15.29415074698255,False
Ghana,GHA,1994,23.39857241800457,34879305.04928218,17.60880533510472,18.5407645747792,False
Ghana,GHA,1995,23.39857241800457,34879305.04928218,18.78362448952445,17.81874946950427,False
Ghana,GHA,1996,23.39857241800457,34879305.04928218,19.34296097623657,20.03078417507693,False
Ghana,GHA,1997,23.39857241800457,34879305.04928218,20.48116061268813,21.72457680614464,False
Ghana,GHA,1998,23.39857241800457,34879305.04928218,26.61883729690408,28.04695699914423,False
Ghana,GHA,1999,23.39857241800457,34879305.04928218,25.85989580491035,28.59149545809101,False
Ghana,GHA,2000,23.39857241800457,34879305.04928218,28.1293639543572,31.97340301009655,False
Ghana,GHA,2001,23.39857241800457,34879305.04928218,32.18085034206502,34.20995904289716,False
Ghana,GHA,2002,23.39857241800457,34879305.04928218,35.92000165512995,38.86199833093084,False
Ghana,GHA,2003,23.39857241800457,34879305.04928218,36.46535694003477,39.7283328281781,False
Ghana,GHA,2004,23.39857241800457,34879305.04928218,37.09842644158996,38.7387168883876,False
Ghana,GHA,2005,23.39857241800457,34879305.04928218,37.63986896330327,40.32223337138491,False
Ghana,GHA,2006,16.667048508,34879305.04928218,42.71864956891265,45.64242483625643,False
Ghana,GHA,2007,16.6995783085,34879305.04928218,46.13906442154349,48.11738691314196,False
Ghana,GHA,2008,18.8724203544,34879305.04928218,40.23925552978383,47.46728517023165,False
Ghana,GHA,2009,19.8675497977,34879305.04928218,45.81629171558588,47.86093163325049,False
Ghana,GHA,2010,20.349238435,643188.0,48.78078839197426,49.2739443220103,False
Ghana,GHA,2011,20.5144801356,813494.0,49.85590074184163,7.614566840081405,False
Ghana,GHA,2012,19.9416901125,882877.0,51.2632964298526,7.754661342260406,False
Ghana,GHA,2013,21.4302034565,894362.0,53.02171787035473,-6.852175693772661,False
Ghana,GHA,2014,21.714283643,793582.0,52.67439064049636,-7.691797977656098,False
Ghana,GHA,2015,22.7546413984,840595.0,52.77633090522307,-6.410227246877962,False
Ghana,GHA,2016,20.6238379517,942463.0,0.0,5.714781961416803,False
Ghana,GHA,2017,19.5846188798,1009755.0,0.0,-37.03311494230123,False
Ghana,GHA,2018,20.084039529,1056785.0,0.0,-33.65127100924462,False
Ghana,GHA,2019,36.6509751579,1079247.0,0.0,-43.16804817707528,False
Ghana,GHA,2020,39.9862068986,1324504.0,0.0,-35.64563872302303,False
Ghana,GHA,2021,37.1852140752,1604724.0,0.0,-25.73312905222345,False
Ghana,GHA,2022,23.39857241800457,1244245.0,0.0,-22.36565222537177,False
Ghana,GHA,2023,23.39857241800457,1226635.0,0.0,-37.96310870035779,False
Ghana,GHA,2024,23.39857241800457,1701246.0,49.53885920745446,-37.96310870035779,False
Gibraltar,GIB,1990,23.39857241800457,34879305.04928218,72.36410285370854,-37.96310870035779,False
Gibraltar,GIB,1991,23.39857241800457,34879305.04928218,76.75901424418474,-37.96310870035779,False
Gibraltar,GIB,1992,23.39857241800457,34879305.04928218,80.01217184506285,-37.96310870035779,False
Gibraltar,GIB,1993,23.39857241800457,34879305.04928218,80.1778252788087,-37.96310870035779,False
Gibraltar,GIB,1994,23.39857241800457,34879305.04928218,81.73817158509722,-37.96310870035779,False
Gibraltar,GIB,1995,23.39857241800457,34879305.04928218,81.46161217068475,-37.96310870035779,False
Gibraltar,GIB,1996,23.39857241800457,34879305.04928218,81.73554650100338,-37.96310870035779,False
Gibraltar,GIB,1997,23.39857241800457,34879305.04928218,81.70744308341965,-37.96310870035779,False
Gibraltar,GIB,1998,23.39857241800457,34879305.04928218,81.92854147974388,-37.96310870035779,False
Gibraltar,GIB,1999,23.39857241800457,34879305.04928218,82.54218981077021,-37.96310870035779,False
Gibraltar,GIB,2000,23.39857241800457,34879305.04928218,83.22111212686426,-37.96310870035779,False
Gibraltar,GIB,2006,2.6719703564,34879305.04928218,49.53885920745446,-37.96310870035779,False
Gibraltar,GIB,2007,2.6721398284,34879305.04928218,49.53885920745446,-37.96310870035779,False
Gibraltar,GIB,2008,2.1069806398,34879305.04928218,49.53885920745446,-37.96310870035779,False
Gibraltar,GIB,2009,2.1069806398,34879305.04928218,49.53885920745446,-37.96310870035779,False
Gibraltar,GIB,2010,2.1069806398,7898.774,49.53885920745446,-37.96310870035779,False
Gibraltar,GIB,2011,3.1527391586,37415.77,49.53885920745446,-37.96310870035779,False
Gibraltar,GIB,2012,3.3233506655,18811.85,49.53885920745446,-37.96310870035779,False
Gibraltar,GIB,2013,2.6104054116,2779.161,49.53885920745446,-37.96310870035779,False
Gibraltar,GIB,2014,2.7610386562,10847.59,49.53885920745446,-37.96310870035779,False
Gibraltar,GIB,2015,3.3468450585,18643.37,49.53885920745446,-37.96310870035779,False
Gibraltar,GIB,2016,1.8897665147,18621.03,0.0,-37.96310870035779,False
Gibraltar,GIB,2017,1.8897665147,4626.185,0.0,-37.96310870035779,False
Gibraltar,GIB,2018,2.2287576367,17114.73,0.0,-37.96310870035779,False
Gibraltar,GIB,2019,2.6724316279,10870.46,0.0,-37.96310870035779,False
Gibraltar,GIB,2020,2.6724810572,34879305.04928218,0.0,-37.96310870035779,False
Gibraltar,GIB,2021,2.5217983833,34879305.04928218,0.0,-37.96310870035779,False
Gibraltar,GIB,2022,23.39857241800457,34879305.04928218,0.0,-37.96310870035779,False
Gibraltar,GIB,2023,23.39857241800457,34879305.04928218,0.0,-37.96310870035779,False
Greece,GRC,1990,23.39857241800457,34879305.04928218,94.56260741844652,71.45422483042427,False
Greece,GRC,1991,23.39857241800457,34879305.04928218,94.05521695484784,71.85646143425869,False
Greece,GRC,1992,23.39857241800457,34879305.04928218,94.3211764254224,79.37073645208102,False
Greece,GRC,1993,23.39857241800457,34879305.04928218,94.16050421090404,78.08784824227058,False
Greece,GRC,1994,23.39857241800457,34879305.04928218,94.26944517424428,69.39975711057204,False
Greece,GRC,1995,23.39857241800457,34879305.04928218,93.84952445023758,79.35406275276364,False
Greece,GRC,1996,23.39857241800457,34879305.04928218,93.46256951651448,79.27375373512076,False
Greece,GRC,1997,23.39857241800457,34879305.04928218,93.3983968726177,78.01391319694677,False
Greece,GRC,1998,23.39857241800457,34879305.04928218,93.96341069549014,81.44507755618869,False
Greece,GRC,1999,23.39857241800457,34879305.04928218,94.05707642628504,75.94571861260265,False
Greece,GRC,2000,23.39857241800457,34879305.04928218,94.38860361782972,80.223883880255,False
Greece,GRC,2001,23.39857241800457,34879305.04928218,94.18826350565512,78.83059660016947,False
Greece,GRC,2002,23.39857241800457,34879305.04928218,93.86002663637242,81.08548853294951,False
Greece,GRC,2003,23.39857241800457,34879305.04928218,93.76746509017462,76.40579449416758,False
Greece,GRC,2004,23.39857241800457,34879305.04928218,93.57224001886836,82.02430637456649,False
Greece,GRC,2005,23.39857241800457,34879305.04928218,93.2203134477544,76.34292774757544,False
Greece,GRC,2006,32.7158603686,34879305.04928218,92.68083938964658,80.84323935621623,False
Greece,GRC,2007,31.7661304615,34879305.04928218,92.9326086541332,80.60258641657492,False
Greece,GRC,2008,25.0204166259,34879305.04928218,92.6355471207879,82.61112291599187,False
Greece,GRC,2009,31.4261695324,34879305.04928218,92.19053290338718,75.22060169547792,False
Greece,GRC,2010,30.5781719177,1177767.0,90.18869805121984,76.99324160985753,False
Greece,GRC,2011,38.5994633127,2009704.0,90.64971389808008,73.10501570890622,False
Greece,GRC,2012,40.4683344606,3092300.0,89.94144826575615,73.0863184506148,False
Greece,GRC,2013,42.2182467217,3523987.0,87.79012479145705,69.13900833349508,False
Greece,GRC,2014,46.2843317619,3954322.0,85.85147637362824,72.9934014680342,False
Greece,GRC,2015,41.1983000124,3736833.0,83.88257693516927,79.07436521882111,False
Greece,GRC,2016,45.3168939736,4088425.0,0.0,81.38303796776731,False
Greece,GRC,2017,48.4963221664,4602808.0,0.0,81.85228149186626,False
Greece,GRC,2018,58.5898336811,5395401.0,0.0,82.02291230865582,False
Greece,GRC,2019,60.0209156049,6151556.0,0.0,87.49899898491657,False
Greece,GRC,2020,60.3079108584,6188061.0,0.0,91.21231613185124,False
Greece,GRC,2021,60.1012367189,6077102.0,0.0,84.5570729381142,False
Greece,GRC,2022,23.39857241800457,5707876.0,0.0,92.90814048359866,False
Greece,GRC,2023,23.39857241800457,5926627.0,0.0,89.24605622631529,False
Greece,GRC,2024,23.39857241800457,5691448.0,0.0,-37.96310870035779,False
Greenland,GRL,2006,1.8932896209,34879305.04928218,49.53885920745446,-37.96310870035779,False
Greenland,GRL,2012,2.1460085483,34879305.04928218,49.53885920745446,-37.96310870035779,False
Greenland,GRL,2013,1.8900378775,4746.328,49.53885920745446,-37.96310870035779,False
Greenland,GRL,2014,2.0856726307,4536.347,49.53885920745446,-37.96310870035779,False
Greenland,GRL,2015,2.0856726307,8631.709,49.53885920745446,-37.96310870035779,False
Greenland,GRL,2016,1.9854966817,8631.709,49.53885920745446,-37.96310870035779,False
Greenland,GRL,2017,1.985736767,6998.705,49.53885920745446,-37.96310870035779,False
Greenland,GRL,2018,1.9854966817,6998.705,49.53885920745446,-37.96310870035779,False
Greenland,GRL,2019,1.9854966817,6144.526,49.53885920745446,-37.96310870035779,False
Greenland,GRL,2020,5.3100683746,34879305.04928218,49.53885920745446,-37.96310870035779,False
Greenland,GRL,2021,5.2093029794,34879305.04928218,49.53885920745446,-37.96310870035779,False
Grenada,GRD,1990,23.39857241800457,34879305.04928218,0.0,-37.96310870035779,False
Grenada,GRD,2004,23.39857241800457,34879305.04928218,0.0,-37.96310870035779,False
Grenada,GRD,2005,23.39857241800457,34879305.04928218,0.0,-37.96310870035779,False
Grenada,GRD,2006,5.4057255846,34879305.04928218,0.0,-37.96310870035779,False
Grenada,GRD,2007,6.3808489524,34879305.04928218,0.0,-37.96310870035779,False
Grenada,GRD,2008,6.4223041068,34879305.04928218,49.53885920745446,-37.96310870035779,False
Grenada,GRD,2009,5.4143721857,34879305.04928218,49.53885920745446,-37.96310870035779,False
Grenada,GRD,2010,5.0124532826,15011.0,49.53885920745446,-37.96310870035779,False
Grenada,GRD,2011,5.3148742996,14365.0,49.53885920745446,-37.96310870035779,False
Grenada,GRD,2012,7.2231065708,13920.0,49.53885920745446,-37.96310870035779,False
Grenada,GRD,2013,7.9507002354,16000.0,49.53885920745446,-37.96310870035779,False
Grenada,GRD,2014,7.1110505942,16100.0,49.53885920745446,-37.96310870035779,False
Grenada,GRD,2015,6.96053598,16000.0,49.53885920745446,-37.96310870035779,False
Grenada,GRD,2016,6.262997078,19634.0,49.53885920745446,-37.96310870035779,False
Grenada,GRD,2017,5.9629557299,21914.0,49.53885920745446,-37.96310870035779,False
Grenada,GRD,2018,5.7841765116,23887.0,49.53885920745446,-37.96310870035779,False
Grenada,GRD,2019,6.2110777907,18222.0,49.53885920745446,-37.96310870035779,False
Grenada,GRD,2020,6.2074447353,18446.0,49.53885920745446,-37.96310870035779,False
Grenada,GRD,2021,5.6052838891,19505.0,49.53885920745446,-37.96310870035779,False
Grenada,GRD,2022,23.39857241800457,20299.0,49.53885920745446,-37.96310870035779,False
Guam,GUM,2006,8.7468075335,34879305.04928218,49.53885920745446,-37.96310870035779,False
Guam,GUM,2007,8.1233752843,34879305.04928218,49.53885920745446,-37.96310870035779,False
Guam,GUM,2008,9.3690078352,34879305.04928218,49.53885920745446,-37.96310870035779,False
Guam,GUM,2009,8.0849633121,34879305.04928218,49.53885920745446,-37.96310870035779,False
Guam,GUM,2010,8.3304476196,183214.0,49.53885920745446,-37.96310870035779,False
Guam,GUM,2011,7.9992651494,180814.0,49.53885920745446,-37.96310870035779,False
Guam,GUM,2012,8.2215422998,173089.0,49.53885920745446,-37.96310870035779,False
Guam,GUM,2013,8.8285382551,169816.0,49.53885920745446,-37.96310870035779,False
Guam,GUM,2014,9.0005926151,161337.0,49.53885920745446,-37.96310870035779,False
Guam,GUM,2015,8.846718219,171844.0,49.53885920745446,-37.96310870035779,False
Guam,GUM,2016,9.2448694348,198209.0,49.53885920745446,-37.96310870035779,False
Guam,GUM,2017,8.1970660002,198681.0,49.53885920745446,-37.96310870035779,False
Guam,GUM,2018,8.2084803355,181846.0,49.53885920745446,-37.96310870035779,False
Guam,GUM,2019,9.52563385,190200.0,49.53885920745446,-37.96310870035779,False
Guam,GUM,2020,9.3674805075,34879305.04928218,49.53885920745446,-37.96310870035779,False
Guam,GUM,2021,9.3723104586,34879305.04928218,49.53885920745446,-37.96310870035779,False
Guatemala,GTM,1990,23.39857241800457,34879305.04928218,27.8637719059267,26.33237325941472,False
Guatemala,GTM,1991,23.39857241800457,34879305.04928218,28.58316158931984,29.86450349532554,False
Guatemala,GTM,1992,23.39857241800457,34879305.04928218,30.9303589557298,30.33411839846716,False
Guatemala,GTM,1993,23.39857241800457,34879305.04928218,31.66682956934295,30.24806294672357,False
Guatemala,GTM,1994,23.39857241800457,34879305.04928218,35.52833964980872,33.72924096860449,False
Guatemala,GTM,1995,23.39857241800457,34879305.04928218,36.5785211655913,32.70087984430084,False
Guatemala,GTM,1996,23.39857241800457,34879305.04928218,37.66738995536528,26.84939157144291,False
Guatemala,GTM,1997,23.39857241800457,34879305.04928218,38.21492250609781,23.20080061714242,False
Guatemala,GTM,1998,23.39857241800457,34879305.04928218,42.18500566418312,27.3417303989629,False
Guatemala,GTM,1999,23.39857241800457,34879305.04928218,40.15080887091375,24.50221181187593,False
Guatemala,GTM,2000,23.39857241800457,34879305.04928218,41.3113912201777,26.86653252405793,False
Guatemala,GTM,2001,23.39857241800457,34879305.04928218,42.05098759486973,29.04200323101774,False
Guatemala,GTM,2002,23.39857241800457,34879305.04928218,37.89215176496726,24.50579067852993,False
Guatemala,GTM,2003,23.39857241800457,34879305.04928218,37.02233696931454,23.95637914885733,False
Guatemala,GTM,2004,23.39857241800457,34879305.04928218,37.41319749025683,20.03436039281272,False
Guatemala,GTM,2005,23.39857241800457,34879305.04928218,37.7916436652887,31.66834789671572,False
Guatemala,GTM,2006,18.5786409794,34879305.04928218,37.26671592821289,29.0430846081798,False
Guatemala,GTM,2007,18.7915229252,34879305.04928218,37.56375388388825,33.19013249922288,False
Guatemala,GTM,2008,16.9784150105,34879305.04928218,34.40878096093742,28.60522926712392,False
Guatemala,GTM,2009,20.1180610471,34879305.04928218,35.6567037699058,32.31979017933047,False
Guatemala,GTM,2010,17.3553335211,970635.0,32.15618394181413,29.06174741873288,False
Guatemala,GTM,2011,15.2074433832,1163078.0,31.89797334171162,29.88697499886986,False
Guatemala,GTM,2012,15.0763014303,1158482.0,30.86240594157124,30.43113578782806,False
Guatemala,GTM,2013,20.1076328561,1211561.0,34.58818550583322,31.63543942194596,False
Guatemala,GTM,2014,21.576685466,1263476.0,41.65658590760732,33.39160205417378,False
Guatemala,GTM,2015,21.6111383491,1350920.0,37.13283030461822,39.17545355942744,False
Guatemala,GTM,2016,22.7131218813,1470101.0,0.0,37.52161982225071,False
Guatemala,GTM,2017,23.3020182947,1389751.0,0.0,35.51126195618644,False
Guatemala,GTM,2018,25.7703155321,1530596.0,0.0,35.69530196549203,False
Guatemala,GTM,2019,24.9866914881,1529010.0,0.0,42.4375549346034,False
Guatemala,GTM,2020,31.2345871064,1577456.0,0.0,34.72940060203722,False
Guatemala,GTM,2021,37.1603625085,1735500.0,0.0,39.92190631989039,False
Guatemala,GTM,2022,23.39857241800457,1660504.0,0.0,38.36401674901495,False
Guatemala,GTM,2023,23.39857241800457,1768269.0,0.0,-37.96310870035779,False
Guatemala,GTM,2024,23.39857241800457,2010490.0,49.53885920745446,-37.96310870035779,False
Guinea,GIN,2006,10.4676108089,34879305.04928218,49.53885920745446,-37.96310870035779,False
Guinea,GIN,2007,9.6215400741,34879305.04928218,49.53885920745446,-37.96310870035779,False
Guinea,GIN,2008,10.9410540839,34879305.04928218,49.53885920745446,-37.96310870035779,False
Guinea,GIN,2009,9.5784503966,34879305.04928218,49.53885920745446,-37.96310870035779,False
Guinea,GIN,2010,8.4558228217,115567.0,49.53885920745446,-37.96310870035779,False
Guinea,GIN,2011,9.3721422846,140052.0,49.53885920745446,-37.96310870035779,False
Guinea,GIN,2012,10.3244260439,147466.0,49.53885920745446,-37.96310870035779,False
Guinea,GIN,2013,10.4111029624,147231.0,49.53885920745446,-37.96310870035779,False
Guinea,GIN,2014,7.9267677552,160160.0,49.53885920745446,-37.96310870035779,False
Guinea,GIN,2015,10.4246926028,169017.0,49.53885920745446,-37.96310870035779,False
Guinea,GIN,2016,10.9701988498,176167.0,49.53885920745446,-37.96310870035779,False
Guinea,GIN,2017,12.2800178997,203373.0,49.53885920745446,-37.96310870035779,False
Guinea,GIN,2018,11.1726078386,237366.0,49.53885920745446,-37.96310870035779,False
Guinea,GIN,2019,14.884926482,248659.0,49.53885920745446,-37.96310870035779,False
Guinea,GIN,2020,7.88121296,250000.0,49.53885920745446,-37.96310870035779,False
Guinea,GIN,2021,9.1730738304,34879305.04928218,49.53885920745446,-37.96310870035779,False
Guinea,GIN,2023,23.39857241800457,286286.0,49.53885920745446,-37.96310870035779,False
Guinea-Bissau,GNB,1990,23.39857241800457,34879305.04928218,0.0,-37.96310870035779,False
Guinea-Bissau,GNB,2004,23.39857241800457,34879305.04928218,0.0,-37.96310870035779,False
Guinea-Bissau,GNB,2005,23.39857241800457,34879305.04928218,0.0,-37.96310870035779,False
Guinea-Bissau,GNB,2006,4.9782470845,34879305.04928218,0.0,-37.96310870035779,False
Guinea-Bissau,GNB,2007,4.0146614721,34879305.04928218,0.0,-37.96310870035779,False
Guinea-Bissau,GNB,2008,4.096230544,34879305.04928218,49.53885920745446,-37.96310870035779,False
Guinea-Bissau,GNB,2009,5.6263360853,34879305.04928218,49.53885920745446,-37.96310870035779,False
Guinea-Bissau,GNB,2010,4.0934799414,30636.63,49.53885920745446,-37.96310870035779,False
Guinea-Bissau,GNB,2011,5.0515545991,64409.75,49.53885920745446,-37.96310870035779,False
Guinea-Bissau,GNB,2012,4.7981953313,39519.18,49.53885920745446,-37.96310870035779,False
Guinea-Bissau,GNB,2013,3.9537846207,28632.55,49.53885920745446,-37.96310870035779,False
Guinea-Bissau,GNB,2014,4.2699766184,47720.71,49.53885920745446,-37.96310870035779,False
Guinea-Bissau,GNB,2015,4.8270213571,27136.36,49.53885920745446,-37.96310870035779,False
Guinea-Bissau,GNB,2016,4.5975666627,26382.34,49.53885920745446,-37.96310870035779,False
Guinea-Bissau,GNB,2017,4.3789859372,56819.16,49.53885920745446,-37.96310870035779,False
Guinea-Bissau,GNB,2018,4.3677434953,47433.09,49.53885920745446,-37.96310870035779,False
Guinea-Bissau,GNB,2019,4.289513054,28699.98,49.53885920745446,-37.96310870035779,False
Guinea-Bissau,GNB,2020,4.0574549743,34879305.04928218,49.53885920745446,-37.96310870035779,False
Guinea-Bissau,GNB,2021,4.8896475179,34879305.04928218,49.53885920745446,-37.96310870035779,False
Guyana,GUY,1990,23.39857241800457,34879305.04928218,0.0,-37.96310870035779,False
Guyana,GUY,2004,23.39857241800457,34879305.04928218,0.0,-37.96310870035779,False
Guyana,GUY,2005,23.39857241800457,34879305.04928218,0.0,-37.96310870035779,False
Guyana,GUY,2006,6.9461184705,34879305.04928218,0.0,-37.96310870035779,False
Guyana,GUY,2007,7.7826793145,34879305.04928218,0.0,-37.96310870035779,False
Guyana,GUY,2008,7.8782336086,34879305.04928218,49.53885920745446,-37.96310870035779,False
Guyana,GUY,2009,8.1726126816,34879305.04928218,49.53885920745446,-37.96310870035779,False
Guyana,GUY,2010,10.2890285956,59850.0,49.53885920745446,-37.96310870035779,False
Guyana,GUY,2011,8.0357152172,52000.0,49.53885920745446,-37.96310870035779,False
Guyana,GUY,2012,8.20029859,66000.0,49.53885920745446,-37.96310870035779,False
Guyana,GUY,2013,9.0725092443,50991.0,49.53885920745446,-37.96310870035779,False
Guyana,GUY,2014,9.0868965974,48735.0,49.53885920745446,-37.96310870035779,False
Guyana,GUY,2015,8.9364808418,52834.0,49.53885920745446,-37.96310870035779,False
Guyana,GUY,2016,9.6501960472,50476.0,49.53885920745446,-37.96310870035779,False
Guyana,GUY,2017,10.1757997562,57663.0,49.53885920745446,-37.96310870035779,False
Guyana,GUY,2018,9.5311524942,58210.0,49.53885920745446,-37.96310870035779,False
Guyana,GUY,2019,8.7800919604,58543.0,49.53885920745446,-37.96310870035779,False
Guyana,GUY,2020,8.2148786049,64241.0,49.53885920745446,-37.96310870035779,False
Guyana,GUY,2021,8.9030727497,58377.0,49.53885920745446,-37.96310870035779,False
Haiti,HTI,1990,23.39857241800457,34879305.04928218,13.03744956265838,-37.96310870035779,False
Haiti,HTI,1991,23.39857241800457,34879305.04928218,12.279028577774,-37.96310870035779,False
Haiti,HTI,1992,23.39857241800457,34879305.04928218,11.46980558338701,-37.96310870035779,False
Haiti,HTI,1993,23.39857241800457,34879305.04928218,9.543320661642984,-37.96310870035779,False
Haiti,HTI,1994,23.39857241800457,34879305.04928218,2.833554402144721,-37.96310870035779,False
Haiti,HTI,1995,23.39857241800457,34879305.04928218,11.97162503278762,-37.96310870035779,False
Haiti,HTI,1996,23.39857241800457,34879305.04928218,13.32393918615394,-37.96310870035779,False
Haiti,HTI,1997,23.39857241800457,34879305.04928218,16.59704751198289,-37.96310870035779,False
Haiti,HTI,1998,23.39857241800457,34879305.04928218,15.19727919131619,-37.96310870035779,False
Haiti,HTI,1999,23.39857241800457,34879305.04928218,16.03579025982694,-37.96310870035779,False
Haiti,HTI,2000,23.39857241800457,34879305.04928218,15.5667855928771,-37.96310870035779,False
Haiti,HTI,2001,23.39857241800457,34879305.04928218,17.27932982093524,-37.96310870035779,False
Haiti,HTI,2002,23.39857241800457,34879305.04928218,18.73663453383712,-37.96310870035779,False
Haiti,HTI,2003,23.39857241800457,34879305.04928218,17.6226980083004,-37.96310870035779,False
Haiti,HTI,2004,23.39857241800457,34879305.04928218,20.15855715131871,-37.96310870035779,False
Haiti,HTI,2005,23.39857241800457,34879305.04928218,20.44730386038164,-37.96310870035779,False
Haiti,HTI,2006,6.6430616383,34879305.04928218,20.32286623674309,-37.96310870035779,False
Haiti,HTI,2007,3.8295442155,34879305.04928218,22.54344460604329,-37.96310870035779,False
Haiti,HTI,2008,5.8387455843,34879305.04928218,21.96746739205794,-37.96310870035779,False
Haiti,HTI,2009,6.341457695,34879305.04928218,19.92011276940325,-37.96310870035779,False
Haiti,HTI,2010,6.5627237836,163456.0,17.69600276084924,-37.96310870035779,False
Haiti,HTI,2011,6.9883205746,189028.0,17.68701102957872,-37.96310870035779,False
Haiti,HTI,2012,8.1476889968,164720.0,17.84982154345843,-37.96310870035779,False
Haiti,HTI,2013,8.7285540924,172516.0,18.05197346807835,-37.96310870035779,False
Haiti,HTI,2014,9.3293994197,175307.0,22.00736996895441,-37.96310870035779,False
Haiti,HTI,2015,10.556902079,178452.0,22.788873515598,-37.96310870035779,False
Haiti,HTI,2016,11.549036834,176879.0,0.0,-37.96310870035779,False
Haiti,HTI,2017,9.0140980475,177141.0,0.0,-37.96310870035779,False
Haiti,HTI,2018,10.7327348337,163500.0,0.0,-37.96310870035779,False
Haiti,HTI,2019,10.9737305996,185000.0,0.0,-37.96310870035779,False
Haiti,HTI,2020,9.2595097607,189500.0,0.0,-37.96310870035779,False
Haiti,HTI,2021,8.6811645566,193900.0,0.0,-37.96310870035779,False
Haiti,HTI,2022,23.39857241800457,200297.0,0.0,-37.96310870035779,False
Haiti,HTI,2023,23.39857241800457,201888.0,0.0,-37.96310870035779,False
Haiti,HTI,2024,23.39857241800457,201514.0,49.53885920745446,-37.96310870035779,False
Heavily indebted poor countries (HIPC),HPC,1971,23.39857241800457,34879305.04928218,15.3113189511919,-37.96310870035779,True
Heavily indebted poor countries (HIPC),HPC,1972,23.39857241800457,34879305.04928218,15.49121524769154,-37.96310870035779,True
Heavily indebted poor countries (HIPC),HPC,1973,23.39857241800457,34879305.04928218,16.02535140345433,-37.96310870035779,True
Heavily indebted poor countries (HIPC),HPC,1974,23.39857241800457,34879305.04928218,15.78334692783622,-37.96310870035779,True
Heavily indebted poor countries (HIPC),HPC,1975,23.39857241800457,34879305.04928218,15.3664556162222,-37.96310870035779,True
Heavily indebted poor countries (HIPC),HPC,1976,23.39857241800457,34879305.04928218,15.57221435304946,-37.96310870035779,True
Heavily indebted poor countries (HIPC),HPC,1977,23.39857241800457,34879305.04928218,16.08505851603815,-37.96310870035779,True
Heavily indebted poor countries (HIPC),HPC,1978,23.39857241800457,34879305.04928218,15.9072917242273,-37.96310870035779,True
Heavily indebted poor countries (HIPC),HPC,1979,23.39857241800457,34879305.04928218,15.49406982439258,-37.96310870035779,True
Heavily indebted poor countries (HIPC),HPC,1980,23.39857241800457,34879305.04928218,15.54054002821942,-37.96310870035779,True
Heavily indebted poor countries (HIPC),HPC,1981,23.39857241800457,34879305.04928218,15.16889315042513,-37.96310870035779,True
Heavily indebted poor countries (HIPC),HPC,1982,23.39857241800457,34879305.04928218,15.08739036072759,-37.96310870035779,True
Heavily indebted poor countries (HIPC),HPC,1983,23.39857241800457,34879305.04928218,14.17732244024492,-37.96310870035779,True
Heavily indebted poor countries (HIPC),HPC,1984,23.39857241800457,34879305.04928218,14.26505073862779,-37.96310870035779,True
Heavily indebted poor countries (HIPC),HPC,1985,23.39857241800457,34879305.04928218,13.96840341509769,-37.96310870035779,True
Heavily indebted poor countries (HIPC),HPC,1986,23.39857241800457,34879305.04928218,14.0369942586698,-37.96310870035779,True
Heavily indebted poor countries (HIPC),HPC,1987,23.39857241800457,34879305.04928218,14.19842346225502,-37.96310870035779,True
Heavily indebted poor countries (HIPC),HPC,1988,23.39857241800457,34879305.04928218,14.15262652379914,-37.96310870035779,True
Heavily indebted poor countries (HIPC),HPC,1989,23.39857241800457,34879305.04928218,14.02823162247374,-37.96310870035779,True
Heavily indebted poor countries (HIPC),HPC,1990,23.39857241800457,34879305.04928218,12.1533053306204,-9.658635274282233,True
Heavily indebted poor countries (HIPC),HPC,1991,23.39857241800457,34879305.04928218,11.56251655112515,-9.254528004175484,True
Heavily indebted poor countries (HIPC),HPC,1992,23.39857241800457,34879305.04928218,11.51104987639262,-9.027626115520516,True
Heavily indebted poor countries (HIPC),HPC,1993,23.39857241800457,34879305.04928218,11.30493175274528,-9.080409669700185,True
Heavily indebted poor countries (HIPC),HPC,1994,23.39857241800457,34879305.04928218,11.3034969863685,-7.558261062652605,True
Heavily indebted poor countries (HIPC),HPC,1995,23.39857241800457,34879305.04928218,11.97749509254485,-6.325058717798629,True
Heavily indebted poor countries (HIPC),HPC,1996,23.39857241800457,34879305.04928218,12.52366249430046,-6.598301434949357,True
Heavily indebted poor countries (HIPC),HPC,1997,23.39857241800457,34879305.04928218,12.81924798730231,-7.548606111858869,True
Heavily indebted poor countries (HIPC),HPC,1998,23.39857241800457,34879305.04928218,13.42322041032343,-37.96310870035779,True
Heavily indebted poor countries (HIPC),HPC,1999,23.39857241800457,34879305.04928218,14.56800630046684,-9.950734004527002,True
Heavily indebted poor countries (HIPC),HPC,2000,23.39857241800457,34879305.04928218,12.15572300829602,-37.96310870035779,True
Heavily indebted poor countries (HIPC),HPC,2001,23.39857241800457,34879305.04928218,14.08153449997845,-37.96310870035779,True
Heavily indebted poor countries (HIPC),HPC,2002,23.39857241800457,34879305.04928218,15.21395582469228,-37.96310870035779,True
Heavily indebted poor countries (HIPC),HPC,2003,23.39857241800457,34879305.04928218,15.1327911856097,-37.96310870035779,True
Heavily indebted poor countries (HIPC),HPC,2004,23.39857241800457,34879305.04928218,15.43650362895994,-30.69131656543875,True
Heavily indebted poor countries (HIPC),HPC,2005,23.39857241800457,34879305.04928218,15.77578727585412,-33.23283853084465,True
Heavily indebted poor countries (HIPC),HPC,2006,23.39857241800457,34879305.04928218,13.96656616863757,-37.96310870035779,True
Heavily indebted poor countries (HIPC),HPC,2007,23.39857241800457,34879305.04928218,17.53681138555751,-37.96310870035779,True
Heavily indebted poor countries (HIPC),HPC,2008,23.39857241800457,34879305.04928218,17.55613204141275,-37.96310870035779,True
Heavily indebted poor countries (HIPC),HPC,2009,23.39857241800457,34879305.04928218,17.51745772073822,-37.96310870035779,True
Heavily indebted poor countries (HIPC),HPC,2010,23.39857241800457,34879305.04928218,18.23789004111566,-37.96310870035779,True
Heavily indebted poor countries (HIPC),HPC,2011,23.39857241800457,34879305.04928218,18.15792233905935,-23.87940933578738,True
Heavily indebted poor countries (HIPC),HPC,2012,23.39857241800457,34879305.04928218,18.98258777145342,-11.62842260266802,True
Heavily indebted poor countries (HIPC),HPC,2013,23.39857241800457,34879305.04928218,19.08751723527477,-9.959035655791965,True
Heavily indebted poor countries (HIPC),HPC,2014,23.39857241800457,34879305.04928218,19.79320429119744,-8.335369608745626,True
Heavily indebted poor countries (HIPC),HPC,2015,23.39857241800457,34879305.04928218,12.54122877489222,-7.458047244926639,True
Heavily indebted poor countries (HIPC),HPC,2016,23.39857241800457,34879305.04928218,0.0,-6.030239845082932,True
Heavily indebted poor countries (HIPC),HPC,2017,23.39857241800457,34879305.04928218,0.0,-10.87905625967047,True
Heavily indebted poor countries (HIPC),HPC,2018,23.39857241800457,34879305.04928218,0.0,-10.01281125139067,True
Heavily indebted poor countries (HIPC),HPC,2019,23.39857241800457,34879305.04928218,0.0,-7.756365668888711,True
Heavily indebted poor countries (HIPC),HPC,2020,23.39857241800457,34879305.04928218,0.0,-6.723741779839509,True
Heavily indebted poor countries (HIPC),HPC,2021,23.39857241800457,34879305.04928218,0.0,-4.305555672720327,True
Heavily indebted poor countries (HIPC),HPC,2022,23.39857241800457,34879305.04928218,0.0,-3.77704650204465,True
Heavily indebted poor countries (HIPC),HPC,2023,23.39857241800457,34879305.04928218,0.0,-37.96310870035779,True
High income,HIC,1960,23.39857241800457,34879305.04928218,94.42732405571996,-37.96310870035779,True
High income,HIC,1961,23.39857241800457,34879305.04928218,94.38922762388805,-37.96310870035779,True
High income,HIC,1962,23.39857241800457,34879305.04928218,94.49635620581748,-37.96310870035779,True
High income,HIC,1963,23.39857241800457,34879305.04928218,94.68164936499328,-37.96310870035779,True
High income,HIC,1964,23.39857241800457,34879305.04928218,94.78318705767028,-37.96310870035779,True
High income,HIC,1965,23.39857241800457,34879305.04928218,94.75366354012002,-37.96310870035779,True
High income,HIC,1966,23.39857241800457,34879305.04928218,94.65255590180708,-37.96310870035779,True
High income,HIC,1967,23.39857241800457,34879305.04928218,94.77874309678415,-37.96310870035779,True
High income,HIC,1968,23.39857241800457,34879305.04928218,94.76749367737536,-37.96310870035779,True
High income,HIC,1969,23.39857241800457,34879305.04928218,94.8258912703948,-37.96310870035779,True
High income,HIC,1970,23.39857241800457,34879305.04928218,94.71625840924142,-37.96310870035779,True
High income,HIC,1971,23.39857241800457,34879305.04928218,94.59989064554348,-37.96310870035779,True
High income,HIC,1972,23.39857241800457,34879305.04928218,94.27860955527044,-37.96310870035779,True
High income,HIC,1973,23.39857241800457,34879305.04928218,94.27945777463488,-37.96310870035779,True
High income,HIC,1974,23.39857241800457,34879305.04928218,93.61969717942802,-37.96310870035779,True
High income,HIC,1975,23.39857241800457,34879305.04928218,92.86188020784164,-37.96310870035779,True
High income,HIC,1976,23.39857241800457,34879305.04928218,92.88907044627582,-37.96310870035779,True
High income,HIC,1977,23.39857241800457,34879305.04928218,92.24398130895968,-37.96310870035779,True
High income,HIC,1978,23.39857241800457,34879305.04928218,91.64653291896693,-37.96310870035779,True
High income,HIC,1979,23.39857241800457,34879305.04928218,91.60196226214154,-37.96310870035779,True
High income,HIC,1980,23.39857241800457,34879305.04928218,91.01319678337605,-37.96310870035779,True
High income,HIC,1981,23.39857241800457,34879305.04928218,89.93573477277965,-37.96310870035779,True
High income,HIC,1982,23.39857241800457,34879305.04928218,89.14376981161965,-37.96310870035779,True
High income,HIC,1983,23.39857241800457,34879305.04928218,88.21221871526801,-37.96310870035779,True
High income,HIC,1984,23.39857241800457,34879305.04928218,87.20424016926431,-37.96310870035779,True
High income,HIC,1985,23.39857241800457,34879305.04928218,86.06244450684717,-37.96310870035779,True
High income,HIC,1986,23.39857241800457,34879305.04928218,85.5021975625053,-37.96310870035779,True
High income,HIC,1987,23.39857241800457,34879305.04928218,85.15569937528439,-37.96310870035779,True
High income,HIC,1988,23.39857241800457,34879305.04928218,84.92746784352518,-37.96310870035779,True
High income,HIC,1989,23.39857241800457,34879305.04928218,84.82649433298299,-37.96310870035779,True
High income,HIC,1990,23.39857241800457,34879305.04928218,85.47721768602362,9.325712514954365,True
High income,HIC,1991,23.39857241800457,34879305.04928218,84.98558386097508,8.561515001810813,True
High income,HIC,1992,23.39857241800457,34879305.04928218,84.72070675895984,8.623790186687364,True
High income,HIC,1993,23.39857241800457,34879305.04928218,84.43697046551273,9.62703520557023,True
High income,HIC,1994,23.39857241800457,34879305.04928218,84.16898076045281,9.551595136748084,True
High income,HIC,1995,23.39857241800457,34879305.04928218,83.61960131914032,9.225937344355591,True
High income,HIC,1996,23.39857241800457,34879305.04928218,83.65128274405292,9.939455146141482,True
High income,HIC,1997,23.39857241800457,34879305.04928218,83.9887025763793,10.55536520100191,True
High income,HIC,1998,23.39857241800457,34879305.04928218,83.71891978064616,10.74894630422169,True
High income,HIC,1999,23.39857241800457,34879305.04928218,83.63444514598648,11.84923870276984,True
High income,HIC,2000,23.39857241800457,34879305.04928218,83.44326494777883,11.73764768927921,True
High income,HIC,2001,23.39857241800457,34879305.04928218,83.8042536959588,12.67077631876485,True
High income,HIC,2002,23.39857241800457,34879305.04928218,83.70352191519957,12.66620598737718,True
High income,HIC,2003,23.39857241800457,34879305.04928218,83.8260274277419,12.61705745996408,True
High income,HIC,2004,23.39857241800457,34879305.04928218,83.56272660014517,11.52294913203031,True
High income,HIC,2005,23.39857241800457,34879305.04928218,83.30698447890902,13.03985856292062,True
High income,HIC,2006,23.39857241800457,34879305.04928218,82.91943638028236,13.73874404008235,True
High income,HIC,2007,23.39857241800457,34879305.04928218,83.16071953534495,13.22486413849803,True
High income,HIC,2008,23.39857241800457,34879305.04928218,82.9793560351987,12.24320184222923,True
High income,HIC,2009,23.39857241800457,34879305.04928218,82.16113070119195,9.297561961612187,True
High income,HIC,2010,23.39857241800457,286405045.595,81.95126036848538,8.234156232351701,True
High income,HIC,2011,23.39857241800457,304219670.0280001,82.47210630708085,5.472060968570919,True
High income,HIC,2012,23.39857241800457,314441670.928,83.11533892508918,3.231041579492067,True
High income,HIC,2013,23.39857241800457,320005779.6349999,82.11246591701594,1.068328154331677,True
High income,HIC,2014,23.39857241800457,332271331.144,82.03332271623141,-0.3228958873755548,True
High income,HIC,2015,23.39857241800457,329501743.203,69.5007113976445,-1.302005635881302,True
High income,HIC,2016,23.39857241800457,333721617.199,0.0,-2.22484800349316,True
High income,HIC,2017,23.39857241800457,351496966.676,0.0,-2.779358551177348,True
High income,HIC,2018,23.39857241800457,365663035.652,0.0,-5.502926721029451,True
High income,HIC,2019,23.39857241800457,370270298.441,0.0,-7.738895665652639,True
High income,HIC,2020,23.39857241800457,361009450.375,0.0,-10.92190742453554,True
High income,HIC,2021,23.39857241800457,382365515.0,0.0,-9.377322719910822,True
High income,HIC,2022,23.39857241800457,376389612.0,0.0,-10.56684943628692,True
High income,HIC,2023,23.39857241800457,363803897.0,0.0,12.85666936020492,True
High income,HIC,2024,23.39857241800457,379151165.0,0.0,-37.96310870035779,True
Honduras,HND,1990,23.39857241800457,34879305.04928218,30.01349587506729,29.62725064734346,False
Honduras,HND,1991,23.39857241800457,34879305.04928218,29.86669531891988,32.01440638338099,False
Honduras,HND,1992,23.39857241800457,34879305.04928218,32.27967881325963,33.2039112807059,False
Honduras,HND,1993,23.39857241800457,34879305.04928218,33.2211209983473,33.909853738671,False
Honduras,HND,1994,23.39857241800457,34879305.04928218,36.9483650668051,39.27781474221802,False
Honduras,HND,1995,23.39857241800457,34879305.04928218,41.23288958010845,43.01154382849187,False
Honduras,HND,1996,23.39857241800457,34879305.04928218,40.3198411077973,42.26596586984702,False
Honduras,HND,1997,23.39857241800457,34879305.04928218,38.10651116080309,39.73674876239522,False
Honduras,HND,1998,23.39857241800457,34879305.04928218,42.86510056162749,42.89777215989873,False
Honduras,HND,1999,23.39857241800457,34879305.04928218,47.6843012974638,49.6869420307108,False
Honduras,HND,2000,23.39857241800457,34879305.04928218,48.10956384213092,50.29486903994456,False
Honduras,HND,2001,23.39857241800457,34879305.04928218,52.63158109139114,53.7682175404935,False
Honduras,HND,2002,23.39857241800457,34879305.04928218,53.0011381163005,56.31444751225568,False
Honduras,HND,2003,23.39857241800457,34879305.04928218,54.21407102752742,55.40027884958335,False
Honduras,HND,2004,23.39857241800457,34879305.04928218,55.64093079063323,56.42805426073638,False
Honduras,HND,2005,23.39857241800457,34879305.04928218,56.96437930788866,53.24604012671597,False
Honduras,HND,2006,12.5008891838,34879305.04928218,46.69479810341507,53.27199495424529,False
Honduras,HND,2007,12.9533967059,34879305.04928218,55.66101896247634,53.28407522117017,False
Honduras,HND,2008,11.3364336526,34879305.04928218,53.80872299445548,51.72238257407992,False
Honduras,HND,2009,13.1561646677,34879305.04928218,48.85614911197387,49.10218218176951,False
Honduras,HND,2010,12.3230045911,619867.0,49.68559115578415,48.80274819090985,False
Honduras,HND,2011,12.8477415505,662815.0,50.86731261245417,51.83150857742717,False
Honduras,HND,2012,13.4454181531,663908.0,49.53034280179808,51.66464144632113,False
Honduras,HND,2013,14.0836182217,671467.0,48.94932481576273,53.7773399014778,False
Honduras,HND,2014,14.0202181328,682857.0,51.32756049662692,51.94916806993973,False
Honduras,HND,2015,12.9948131214,743686.0,48.8732258537591,43.67517714366386,False
Honduras,HND,2016,14.2237901089,756641.0,0.0,46.31874058277683,False
Honduras,HND,2017,13.8940937838,797293.0,0.0,61.55303995662818,False
Honduras,HND,2018,12.5299385489,813164.0,0.0,51.61362928079222,False
Honduras,HND,2019,11.8126667731,790707.0,0.0,54.04818057219064,False
Honduras,HND,2020,11.9877307171,700066.0,0.0,52.21037576387988,False
Honduras,HND,2021,11.7956863332,824876.0,0.0,54.81346034021439,False
Honduras,HND,2022,23.39857241800457,923321.0,0.0,55.51171854783172,False
Honduras,HND,2023,23.39857241800457,907410.0,0.0,60.56703758580022,False
Honduras,HND,2024,23.39857241800457,905497.0,49.53885920745446,-37.96310870035779,False
"Hong Kong SAR, China",HKG,1990,23.39857241800457,34879305.04928218,92.96619158753612,127.2661280462951,False
"Hong Kong SAR, China",HKG,1991,23.39857241800457,34879305.04928218,93.36956978204536,121.3903652055199,False
"Hong Kong SAR, China",HKG,1992,23.39857241800457,34879305.04928218,95.03146379667926,125.4346789229498,False
"Hong Kong SAR, China",HKG,1993,23.39857241800457,34879305.04928218,49.53885920745446,138.0184398521775,False
"Hong Kong SAR, China",HKG,1994,23.39857241800457,34879305.04928218,89.38806444286587,137.0072698674541,False
"Hong Kong SAR, China",HKG,1995,23.39857241800457,34879305.04928218,91.29081877623202,144.1051991870886,False
"Hong Kong SAR, China",HKG,1996,23.39857241800457,34879305.04928218,89.30902198498926,148.1738944090694,False
"Hong Kong SAR, China",HKG,1997,23.39857241800457,34879305.04928218,90.70245737797052,150.523928338928,False
"Hong Kong SAR, China",HKG,1998,23.39857241800457,34879305.04928218,94.70906543896372,144.2907694966754,False
"Hong Kong SAR, China",HKG,1999,23.39857241800457,34879305.04928218,96.38675343849596,141.4950541743252,False
"Hong Kong SAR, China",HKG,2000,23.39857241800457,34879305.04928218,90.2527821136958,140.762477214713,False
"Hong Kong SAR, China",HKG,2001,23.39857241800457,34879305.04928218,95.74970533611058,149.5788540586418,False
"Hong Kong SAR, China",HKG,2002,23.39857241800457,34879305.04928218,95.06067685901984,166.610028910889,False
"Hong Kong SAR, China",HKG,2003,23.39857241800457,34879305.04928218,94.03547084031808,162.6485568760604,False
"Hong Kong SAR, China",HKG,2004,23.39857241800457,34879305.04928218,97.5612501874424,203.4421685932541,False
"Hong Kong SAR, China",HKG,2005,23.39857241800457,34879305.04928218,94.07227982937025,182.173158594292,False
"Hong Kong SAR, China",HKG,2006,87.2640192515,34879305.04928218,97.02324994076687,193.8144348801983,False
"Hong Kong SAR, China",HKG,2007,93.5445823339,34879305.04928218,95.93155891738483,193.8064494349786,False
"Hong Kong SAR, China",HKG,2008,89.4291293346,34879305.04928218,95.72611900514768,185.8848977587504,False
"Hong Kong SAR, China",HKG,2009,89.2104544938,34879305.04928218,97.90465278563212,209.0372786907786,False
"Hong Kong SAR, China",HKG,2010,95.5087629683,23699000.0,95.14560257010956,234.044423378603,False
"Hong Kong SAR, China",HKG,2011,95.2763287575,24404000.0,96.591210571672,207.1037445350073,False
"Hong Kong SAR, China",HKG,2012,93.7827305376,23126000.0,95.66672075430706,202.9868356647858,False
"Hong Kong SAR, China",HKG,2013,95.6299544982,22288000.0,95.42424828271685,209.1291235769264,False
"Hong Kong SAR, China",HKG,2014,91.6002076553,22300000.0,96.42022829956764,200.9478648316646,False
"Hong Kong SAR, China",HKG,2015,90.6888031639,20114000.0,86.96239244796958,203.7419685875356,False
"Hong Kong SAR, China",HKG,2016,89.6268957162,19580000.0,0.0,202.9680936578284,False
"Hong Kong SAR, China",HKG,2017,92.2792651407,20760000.0,0.0,230.0186423267288,False
"Hong Kong SAR, China",HKG,2018,90.8054734459,19641000.0,0.0,226.6057546474121,False
"Hong Kong SAR, China",HKG,2019,89.4865856436,18360000.0,0.0,220.5367191419546,False
"Hong Kong SAR, China",HKG,2020,93.5912873945,17953000.0,0.0,191.2654413863886,False
"Hong Kong SAR, China",HKG,2021,90.5590960659,17772000.0,0.0,181.84809194587,False
"Hong Kong SAR, China",HKG,2022,23.39857241800457,16573000.0,0.0,175.7065078636954,False
"Hong Kong SAR, China",HKG,2023,23.39857241800457,14345000.0,0.0,-37.96310870035779,False
"Hong Kong SAR, China",HKG,2024,23.39857241800457,13690000.0,49.53885920745446,-37.96310870035779,False
Hungary,HUN,1990,23.39857241800457,34879305.04928218,81.59934041143488,49.19785519406808,False
Hungary,HUN,1991,23.39857241800457,34879305.04928218,81.66575449349448,46.06341637215296,False
Hungary,HUN,1992,23.39857241800457,34879305.04928218,81.05340115597353,44.44382135141296,False
Hungary,HUN,1993,23.39857241800457,34879305.04928218,81.89559580720844,47.65637704633173,False
Hungary,HUN,1994,23.39857241800457,34879305.04928218,81.16073181425394,47.07158351409995,False
Hungary,HUN,1995,23.39857241800457,34879305.04928218,81.59692020669733,48.05901295284627,False
Hungary,HUN,1996,23.39857241800457,34879305.04928218,81.94610338867557,51.56795177859642,False
Hungary,HUN,1997,23.39857241800457,34879305.04928218,81.87973129920857,51.64910547185646,False
Hungary,HUN,1998,23.39857241800457,34879305.04928218,82.16181582473638,55.00653096514194,False
Hungary,HUN,1999,23.39857241800457,34879305.04928218,81.73374713860474,53.83940304155084,False
Hungary,HUN,2000,23.39857241800457,34879305.04928218,80.53188518347478,55.47705509585813,False
Hungary,HUN,2001,23.39857241800457,34879305.04928218,80.97396603535455,53.82546340698826,False
Hungary,HUN,2002,23.39857241800457,34879305.04928218,80.78396927172726,57.32706951734956,False
Hungary,HUN,2003,23.39857241800457,34879305.04928218,83.12786521405683,62.53852571137215,False
Hungary,HUN,2004,23.39857241800457,34879305.04928218,81.81090989619683,61.58010115417616,False
Hungary,HUN,2005,23.39857241800457,34879305.04928218,78.9242540917781,62.8757698028675,False
Hungary,HUN,2006,23.39857241800457,34879305.04928218,78.69364970519611,62.35916010237136,False
Hungary,HUN,2007,23.39857241800457,34879305.04928218,77.466655207618,60.75015382781452,False
Hungary,HUN,2008,23.39857241800457,34879305.04928218,76.65323026537394,63.23134657365731,False
Hungary,HUN,2009,23.39857241800457,34879305.04928218,72.11193964512192,58.16966698268627,False
Hungary,HUN,2010,23.39857241800457,34879305.04928218,71.96381370637867,57.0134955817981,False
Hungary,HUN,2011,23.39857241800457,34879305.04928218,70.46441198795233,50.41619466010916,False
Hungary,HUN,2012,23.39857241800457,34879305.04928218,68.19356233814828,50.18486146991938,False
Hungary,HUN,2013,23.39857241800457,34879305.04928218,65.42466317213032,50.09081539933307,False
Hungary,HUN,2014,23.39857241800457,34879305.04928218,65.34626730277246,59.73173264270295,False
Hungary,HUN,2015,23.39857241800457,34879305.04928218,66.11016259587747,53.83685496976421,False
Hungary,HUN,2016,23.39857241800457,34879305.04928218,0.0,55.80333144153321,False
Hungary,HUN,2017,23.39857241800457,34879305.04928218,0.0,62.73205956225348,False
Hungary,HUN,2018,23.39857241800457,34879305.04928218,0.0,58.36338481165033,False
Hungary,HUN,2019,23.39857241800457,34879305.04928218,0.0,69.81266662186056,False
Hungary,HUN,2020,23.39857241800457,34879305.04928218,0.0,56.40687655607799,False
Hungary,HUN,2021,23.39857241800457,34879305.04928218,0.0,53.96490947242424,False
Hungary,HUN,2022,23.39857241800457,34879305.04928218,0.0,64.44471527545822,False
Hungary,HUN,2023,23.39857241800457,34879305.04928218,0.0,62.50981253965878,False
Hungary,HUN,2024,23.39857241800457,34879305.04928218,0.0,-37.96310870035779,False
IBRD only,IBD,1960,23.39857241800457,34879305.04928218,89.33975945488103,-37.96310870035779,True
IBRD only,IBD,1961,23.39857241800457,34879305.04928218,89.61421351964283,-37.96310870035779,True
IBRD only,IBD,1962,23.39857241800457,34879305.04928218,90.24593900972728,-37.96310870035779,True
IBRD only,IBD,1963,23.39857241800457,34879305.04928218,90.48215583075728,-37.96310870035779,True
IBRD only,IBD,1964,23.39857241800457,34879305.04928218,90.86472001675192,-37.96310870035779,True
IBRD only,IBD,1965,23.39857241800457,34879305.04928218,91.11421493492654,-37.96310870035779,True
IBRD only,IBD,1966,23.39857241800457,34879305.04928218,91.26485868739802,-37.96310870035779,True
IBRD only,IBD,1967,23.39857241800457,34879305.04928218,91.43384413892046,-37.96310870035779,True
IBRD only,IBD,1968,23.39857241800457,34879305.04928218,91.72587447833784,-37.96310870035779,True
IBRD only,IBD,1969,23.39857241800457,34879305.04928218,92.1627322655627,-37.96310870035779,True
IBRD only,IBD,1970,23.39857241800457,34879305.04928218,92.6198640756202,-37.96310870035779,True
IBRD only,IBD,1971,23.39857241800457,34879305.04928218,63.97838131222029,-37.96310870035779,True
IBRD only,IBD,1972,23.39857241800457,34879305.04928218,64.65023507193952,-37.96310870035779,True
IBRD only,IBD,1973,23.39857241800457,34879305.04928218,65.71276639657283,-37.96310870035779,True
IBRD only,IBD,1974,23.39857241800457,34879305.04928218,66.13832433421283,-37.96310870035779,True
IBRD only,IBD,1975,23.39857241800457,34879305.04928218,67.36154361418046,-37.96310870035779,True
IBRD only,IBD,1976,23.39857241800457,34879305.04928218,68.15358219309118,-37.96310870035779,True
IBRD only,IBD,1977,23.39857241800457,34879305.04928218,69.42637700022395,-37.96310870035779,True
IBRD only,IBD,1978,23.39857241800457,34879305.04928218,70.69285468902208,-37.96310870035779,True
IBRD only,IBD,1979,23.39857241800457,34879305.04928218,70.98264143754382,-37.96310870035779,True
IBRD only,IBD,1980,23.39857241800457,34879305.04928218,71.01917972076534,-37.96310870035779,True
IBRD only,IBD,1981,23.39857241800457,34879305.04928218,70.75111652147595,-37.96310870035779,True
IBRD only,IBD,1982,23.39857241800457,34879305.04928218,71.29879440441024,-37.96310870035779,True
IBRD only,IBD,1983,23.39857241800457,34879305.04928218,71.32824415538744,-37.96310870035779,True
IBRD only,IBD,1984,23.39857241800457,34879305.04928218,71.67294352579262,-37.96310870035779,True
IBRD only,IBD,1985,23.39857241800457,34879305.04928218,72.02934134674071,-37.96310870035779,True
IBRD only,IBD,1986,23.39857241800457,34879305.04928218,72.47980039741883,-37.96310870035779,True
IBRD only,IBD,1987,23.39857241800457,34879305.04928218,73.02995259233171,-37.96310870035779,True
IBRD only,IBD,1988,23.39857241800457,34879305.04928218,73.47343794800884,-37.96310870035779,True
IBRD only,IBD,1989,23.39857241800457,34879305.04928218,73.66512709043967,-37.96310870035779,True
IBRD only,IBD,1990,23.39857241800457,34879305.04928218,81.76649732606535,-23.52804971257995,True
IBRD only,IBD,1991,23.39857241800457,34879305.04928218,81.45960794740844,-17.73260055292683,True
IBRD only,IBD,1992,23.39857241800457,34879305.04928218,81.0075122382371,-17.66642983909797,True
IBRD only,IBD,1993,23.39857241800457,34879305.04928218,80.6364403413233,-16.94998840640135,True
IBRD only,IBD,1994,23.39857241800457,34879305.04928218,80.1572235866638,-18.31786061724988,True
IBRD only,IBD,1995,23.39857241800457,34879305.04928218,80.62442643867115,-17.36678062717446,True
IBRD only,IBD,1996,23.39857241800457,34879305.04928218,80.62486569982859,-21.79023934172308,True
IBRD only,IBD,1997,23.39857241800457,34879305.04928218,80.53062207247189,-18.0290621572044,True
IBRD only,IBD,1998,23.39857241800457,34879305.04928218,80.60064936057776,-24.48822071089818,True
IBRD only,IBD,1999,23.39857241800457,34879305.04928218,80.53319859773411,-24.29798487525312,True
IBRD only,IBD,2000,23.39857241800457,34879305.04928218,81.08098564995554,-24.30061749687969,True
IBRD only,IBD,2001,23.39857241800457,34879305.04928218,81.77344225952365,-24.98526735418153,True
IBRD only,IBD,2002,23.39857241800457,34879305.04928218,81.90616890596765,-24.3372735169584,True
IBRD only,IBD,2003,23.39857241800457,34879305.04928218,82.53654258376206,-23.3741338514154,True
IBRD only,IBD,2004,23.39857241800457,34879305.04928218,83.37731632260882,-22.96497691701846,True
IBRD only,IBD,2005,23.39857241800457,34879305.04928218,84.11121810689524,-23.1735411779099,True
IBRD only,IBD,2006,23.39857241800457,34879305.04928218,84.3630092742563,-21.77534926161725,True
IBRD only,IBD,2007,23.39857241800457,34879305.04928218,84.6312112219657,-20.03931815703761,True
IBRD only,IBD,2008,23.39857241800457,34879305.04928218,85.09023128372114,-18.27766700369948,True
IBRD only,IBD,2009,23.39857241800457,34879305.04928218,85.62766789699778,-16.03813466002508,True
IBRD only,IBD,2010,23.39857241800457,259086698.09,86.0124288787947,-14.1969561441454,True
IBRD only,IBD,2011,23.39857241800457,288603295.147,86.44093235850036,-11.92129584926001,True
IBRD only,IBD,2012,23.39857241800457,308922042.424,86.64652918087336,-10.28366115363239,True
IBRD only,IBD,2013,23.39857241800457,324012698.029,86.17700191912526,-9.030157012695488,True
IBRD only,IBD,2014,23.39857241800457,341591075.787,85.74507517099775,-7.058387688323436,True
IBRD only,IBD,2015,23.39857241800457,350721017.8942,60.3078231557737,-7.216046092420718,True
IBRD only,IBD,2016,23.39857241800457,361593717.3002,0.0,-7.450275169884926,True
IBRD only,IBD,2017,23.39857241800457,389499997.8762,0.0,-6.338776113485356,True
IBRD only,IBD,2018,23.39857241800457,411521455.9172,0.0,-4.836318168746352,True
IBRD only,IBD,2019,23.39857241800457,425651544.81,0.0,-2.890932410742317,True
IBRD only,IBD,2020,23.39857241800457,425134116.625,0.0,-0.6060633381526103,True
IBRD only,IBD,2021,23.39857241800457,458278119.0,0.0,0.0161850948475851,True
IBRD only,IBD,2022,23.39857241800457,469975508.0,0.0,0.7751484889174285,True
IBRD only,IBD,2023,23.39857241800457,487005049.0,0.0,16.61234305779339,True
IBRD only,IBD,2024,23.39857241800457,531024714.0,0.0,-37.96310870035779,True
IDA & IBRD total,IBT,1960,23.39857241800457,34879305.04928218,89.33975945488103,-37.96310870035779,True
IDA & IBRD total,IBT,1961,23.39857241800457,34879305.04928218,89.61421351964283,-37.96310870035779,True
IDA & IBRD total,IBT,1962,23.39857241800457,34879305.04928218,90.24593900972728,-37.96310870035779,True
IDA & IBRD total,IBT,1963,23.39857241800457,34879305.04928218,90.48215583075728,-37.96310870035779,True
IDA & IBRD total,IBT,1964,23.39857241800457,34879305.04928218,90.86472001675192,-37.96310870035779,True
IDA & IBRD total,IBT,1965,23.39857241800457,34879305.04928218,91.11421493492654,-37.96310870035779,True
IDA & IBRD total,IBT,1966,23.39857241800457,34879305.04928218,91.26485868739802,-37.96310870035779,True
IDA & IBRD total,IBT,1967,23.39857241800457,34879305.04928218,91.43384413892046,-37.96310870035779,True
IDA & IBRD total,IBT,1968,23.39857241800457,34879305.04928218,91.72587447833784,-37.96310870035779,True
IDA & IBRD total,IBT,1969,23.39857241800457,34879305.04928218,92.1627322655627,-37.96310870035779,True
IDA & IBRD total,IBT,1970,23.39857241800457,34879305.04928218,92.6198640756202,-37.96310870035779,True
IDA & IBRD total,IBT,1971,23.39857241800457,34879305.04928218,58.55054888424559,-37.96310870035779,True
IDA & IBRD total,IBT,1972,23.39857241800457,34879305.04928218,59.30182980383152,-37.96310870035779,True
IDA & IBRD total,IBT,1973,23.39857241800457,34879305.04928218,60.42576353563647,-37.96310870035779,True
IDA & IBRD total,IBT,1974,23.39857241800457,34879305.04928218,60.87894259129963,-37.96310870035779,True
IDA & IBRD total,IBT,1975,23.39857241800457,34879305.04928218,62.1503874165109,-37.96310870035779,True
IDA & IBRD total,IBT,1976,23.39857241800457,34879305.04928218,62.99207080736011,-37.96310870035779,True
IDA & IBRD total,IBT,1977,23.39857241800457,34879305.04928218,64.36409299509931,-37.96310870035779,True
IDA & IBRD total,IBT,1978,23.39857241800457,34879305.04928218,65.69862741424515,-37.96310870035779,True
IDA & IBRD total,IBT,1979,23.39857241800457,34879305.04928218,66.04326040693108,-37.96310870035779,True
IDA & IBRD total,IBT,1980,23.39857241800457,34879305.04928218,66.08994435714517,-37.96310870035779,True
IDA & IBRD total,IBT,1981,23.39857241800457,34879305.04928218,65.84130400263557,-37.96310870035779,True
IDA & IBRD total,IBT,1982,23.39857241800457,34879305.04928218,66.43728456329143,-37.96310870035779,True
IDA & IBRD total,IBT,1983,23.39857241800457,34879305.04928218,66.44879199978509,-37.96310870035779,True
IDA & IBRD total,IBT,1984,23.39857241800457,34879305.04928218,66.82741013906835,-37.96310870035779,True
IDA & IBRD total,IBT,1985,23.39857241800457,34879305.04928218,67.17153432937889,-37.96310870035779,True
IDA & IBRD total,IBT,1986,23.39857241800457,34879305.04928218,67.63386034352544,-37.96310870035779,True
IDA & IBRD total,IBT,1987,23.39857241800457,34879305.04928218,68.28452694689302,-37.96310870035779,True
IDA & IBRD total,IBT,1988,23.39857241800457,34879305.04928218,68.74368769924644,-37.96310870035779,True
IDA & IBRD total,IBT,1989,23.39857241800457,34879305.04928218,68.910480898336,-37.96310870035779,True
IDA & IBRD total,IBT,1990,23.39857241800457,34879305.04928218,78.72771349022082,-23.58418974312287,True
IDA & IBRD total,IBT,1991,23.39857241800457,34879305.04928218,78.4247149623333,-18.38101777981068,True
IDA & IBRD total,IBT,1992,23.39857241800457,34879305.04928218,77.86138587278633,-18.49568210141395,True
IDA & IBRD total,IBT,1993,23.39857241800457,34879305.04928218,77.46222001805715,-17.94596627587061,True
IDA & IBRD total,IBT,1994,23.39857241800457,34879305.04928218,76.81689462053652,-19.5555032837024,True
IDA & IBRD total,IBT,1995,23.39857241800457,34879305.04928218,76.99573532245716,-18.87356752284627,True
IDA & IBRD total,IBT,1996,23.39857241800457,34879305.04928218,77.00069679712212,-23.07753355673541,True
IDA & IBRD total,IBT,1997,23.39857241800457,34879305.04928218,76.82907775254878,-19.80837949648449,True
IDA & IBRD total,IBT,1998,23.39857241800457,34879305.04928218,76.93153425880229,-25.56307341298312,True
IDA & IBRD total,IBT,1999,23.39857241800457,34879305.04928218,76.87719266974713,-25.31740938820156,True
IDA & IBRD total,IBT,2000,23.39857241800457,34879305.04928218,77.46742087439843,-25.61587034752103,True
IDA & IBRD total,IBT,2001,23.39857241800457,34879305.04928218,78.09647855745646,-26.37178156643227,True
IDA & IBRD total,IBT,2002,23.39857241800457,34879305.04928218,78.25922112266404,-25.42278009198431,True
IDA & IBRD total,IBT,2003,23.39857241800457,34879305.04928218,78.95671254218888,-24.71580221142468,True
IDA & IBRD total,IBT,2004,23.39857241800457,34879305.04928218,79.85390078959867,-24.49883401151907,True
IDA & IBRD total,IBT,2005,23.39857241800457,34879305.04928218,80.6308001142766,-24.49522638079679,True
IDA & IBRD total,IBT,2006,23.39857241800457,34879305.04928218,80.8935415222947,-22.94807284264997,True
IDA & IBRD total,IBT,2007,23.39857241800457,34879305.04928218,81.28754399641947,-21.2351809398035,True
IDA & IBRD total,IBT,2008,23.39857241800457,34879305.04928218,81.80978303397919,-19.29404643013649,True
IDA & IBRD total,IBT,2009,23.39857241800457,34879305.04928218,82.23983934879207,-17.31509886103597,True
IDA & IBRD total,IBT,2010,23.39857241800457,276925173.195,82.74953154392446,-15.6066609720208,True
IDA & IBRD total,IBT,2011,23.39857241800457,308246749.599,83.02405630980522,-13.04585649333464,True
IDA & IBRD total,IBT,2012,23.39857241800457,329421841.238,83.24483685456566,-11.31446047153663,True
IDA & IBRD total,IBT,2013,23.39857241800457,345143990.4670001,82.73466804355182,-9.68570967066549,True
IDA & IBRD total,IBT,2014,23.39857241800457,364569149.495,82.33741958555956,-7.712984018421213,True
IDA & IBRD total,IBT,2015,23.39857241800457,375193769.6372001,58.14296651185714,-7.748661272640087,True
IDA & IBRD total,IBT,2016,23.39857241800457,386959636.7531999,0.0,-7.497373147075645,True
IDA & IBRD total,IBT,2017,23.39857241800457,417240791.9162,0.0,-6.640676544645419,True
IDA & IBRD total,IBT,2018,23.39857241800457,441652849.5281999,0.0,-5.291853418086728,True
IDA & IBRD total,IBT,2019,23.39857241800457,456680951.9200001,0.0,-3.492221455706613,True
IDA & IBRD total,IBT,2020,23.39857241800457,453737978.625,0.0,-0.7007012367924085,True
IDA & IBRD total,IBT,2021,23.39857241800457,487715877.0,0.0,0.2227944795420118,True
IDA & IBRD total,IBT,2022,23.39857241800457,498332945.0,0.0,0.9686728402560586,True
IDA & IBRD total,IBT,2023,23.39857241800457,514875197.0,0.0,16.71455759312843,True
IDA & IBRD total,IBT,2024,23.39857241800457,561309690.0,0.0,-37.96310870035779,True
IDA blend,IDB,1971,23.39857241800457,34879305.04928218,18.87874592545957,-37.96310870035779,True
IDA blend,IDB,1972,23.39857241800457,34879305.04928218,19.15953186042885,-37.96310870035779,True
IDA blend,IDB,1973,23.39857241800457,34879305.04928218,20.37708238049744,-37.96310870035779,True
IDA blend,IDB,1974,23.39857241800457,34879305.04928218,20.90120568392529,-37.96310870035779,True
IDA blend,IDB,1975,23.39857241800457,34879305.04928218,21.56205119290534,-37.96310870035779,True
IDA blend,IDB,1976,23.39857241800457,34879305.04928218,22.37018686870753,-37.96310870035779,True
IDA blend,IDB,1977,23.39857241800457,34879305.04928218,23.55334349614237,-37.96310870035779,True
IDA blend,IDB,1978,23.39857241800457,34879305.04928218,24.42910090370193,-37.96310870035779,True
IDA blend,IDB,1979,23.39857241800457,34879305.04928218,25.13722086330106,-37.96310870035779,True
IDA blend,IDB,1980,23.39857241800457,34879305.04928218,26.23966463409037,-37.96310870035779,True
IDA blend,IDB,1981,23.39857241800457,34879305.04928218,27.46765396339075,-37.96310870035779,True
IDA blend,IDB,1982,23.39857241800457,34879305.04928218,28.50773414609328,-37.96310870035779,True
IDA blend,IDB,1983,23.39857241800457,34879305.04928218,28.79359643889139,-37.96310870035779,True
IDA blend,IDB,1984,23.39857241800457,34879305.04928218,27.88336301960315,-37.96310870035779,True
IDA blend,IDB,1985,23.39857241800457,34879305.04928218,28.72935956896717,-37.96310870035779,True
IDA blend,IDB,1986,23.39857241800457,34879305.04928218,28.6827208986143,-37.96310870035779,True
IDA blend,IDB,1987,23.39857241800457,34879305.04928218,30.71341801791708,-37.96310870035779,True
IDA blend,IDB,1988,23.39857241800457,34879305.04928218,30.99520494960439,-37.96310870035779,True
IDA blend,IDB,1989,23.39857241800457,34879305.04928218,31.81773984747225,-37.96310870035779,True
IDA blend,IDB,1990,23.39857241800457,34879305.04928218,60.26287625327662,-47.93842041133932,True
IDA blend,IDB,1991,23.39857241800457,34879305.04928218,61.38420358368958,-48.25227332914045,True
IDA blend,IDB,1992,23.39857241800457,34879305.04928218,60.97160213591844,-51.68478164265263,True
IDA blend,IDB,1993,23.39857241800457,34879305.04928218,61.31996879514689,-50.5712716967445,True
IDA blend,IDB,1994,23.39857241800457,34879305.04928218,59.80929290289458,-53.52461789065294,True
IDA blend,IDB,1995,23.39857241800457,34879305.04928218,44.29532555853448,-58.04637077858269,True
IDA blend,IDB,1996,23.39857241800457,34879305.04928218,45.64141682289023,-61.90931263952982,True
IDA blend,IDB,1997,23.39857241800457,34879305.04928218,45.40321110763778,-66.02185806542558,True
IDA blend,IDB,1998,23.39857241800457,34879305.04928218,44.33645847081894,-57.55266724753544,True
IDA blend,IDB,1999,23.39857241800457,34879305.04928218,46.0825574412376,-55.17351866326836,True
IDA blend,IDB,2000,23.39857241800457,34879305.04928218,47.48407839555683,-60.57459606653108,True
IDA blend,IDB,2001,23.39857241800457,34879305.04928218,47.75150906407944,-62.24561086241361,True
IDA blend,IDB,2002,23.39857241800457,34879305.04928218,47.07308010218294,-51.85416716593094,True
IDA blend,IDB,2003,23.39857241800457,34879305.04928218,47.79003661839739,-61.09756503944481,True
IDA blend,IDB,2004,23.39857241800457,34879305.04928218,47.94473503950904,-66.27278176298357,True
IDA blend,IDB,2005,23.39857241800457,34879305.04928218,47.96066537210705,-64.47743266234079,True
IDA blend,IDB,2006,23.39857241800457,34879305.04928218,47.60766296351154,-63.04666169613407,True
IDA blend,IDB,2007,23.39857241800457,34879305.04928218,48.1003848683502,-60.00865810153992,True
IDA blend,IDB,2008,23.39857241800457,34879305.04928218,47.94706256517881,-54.98703777959748,True
IDA blend,IDB,2009,23.39857241800457,34879305.04928218,46.81154318207323,-56.56354576466495,True
IDA blend,IDB,2010,23.39857241800457,6118771.0,55.12236528051972,-55.84399711451638,True
IDA blend,IDB,2011,23.39857241800457,6849469.0,44.38256280173411,-46.71232556787514,True
IDA blend,IDB,2012,23.39857241800457,7232231.4,45.32900538667101,-53.01575900456376,True
IDA blend,IDB,2013,23.39857241800457,7407521.9,45.44951793983546,-41.37744055620779,True
IDA blend,IDB,2014,23.39857241800457,7941653.8,45.53737340708538,-39.5068670219676,True
IDA blend,IDB,2015,23.39857241800457,7997308.0,36.03450736998904,-40.62428650220091,True
IDA blend,IDB,2016,23.39857241800457,7839758.4,0.0,-27.79150508144869,True
IDA blend,IDB,2017,23.39857241800457,8646882.9,0.0,-26.66851117484721,True
IDA blend,IDB,2018,23.39857241800457,8979543.5,0.0,-32.82094411627273,True
IDA blend,IDB,2019,23.39857241800457,9007836.4,0.0,-31.62523356302994,True
IDA blend,IDB,2020,23.39857241800457,8904238.0,0.0,-15.99860810282174,True
IDA blend,IDB,2021,23.39857241800457,9264213.0,0.0,-6.832420982469613,True
IDA blend,IDB,2022,23.39857241800457,9318817.0,0.0,-4.472991462718413,True
IDA blend,IDB,2023,23.39857241800457,9190825.0,0.0,-37.96310870035779,True
IDA blend,IDB,2024,23.39857241800457,34879305.04928218,0.0,-37.96310870035779,True
IDA only,IDX,1971,23.39857241800457,34879305.04928218,15.50205336926541,-37.96310870035779,True
IDA only,IDX,1972,23.39857241800457,34879305.04928218,17.52595078898127,-37.96310870035779,True
IDA only,IDX,1973,23.39857241800457,34879305.04928218,18.31431288906806,-37.96310870035779,True
IDA only,IDX,1974,23.39857241800457,34879305.04928218,18.34335014370277,-37.96310870035779,True
IDA only,IDX,1975,23.39857241800457,34879305.04928218,17.7497793507475,-37.96310870035779,True
IDA only,IDX,1976,23.39857241800457,34879305.04928218,18.4189016869787,-37.96310870035779,True
IDA only,IDX,1977,23.39857241800457,34879305.04928218,19.06432837989767,-37.96310870035779,True
IDA only,IDX,1978,23.39857241800457,34879305.04928218,19.11040519958327,-37.96310870035779,True
IDA only,IDX,1979,23.39857241800457,34879305.04928218,19.96852169468552,-37.96310870035779,True
IDA only,IDX,1980,23.39857241800457,34879305.04928218,19.88823749103749,-37.96310870035779,True
IDA only,IDX,1981,23.39857241800457,34879305.04928218,20.27225649271132,-37.96310870035779,True
IDA only,IDX,1982,23.39857241800457,34879305.04928218,21.44673947501984,-37.96310870035779,True
IDA only,IDX,1983,23.39857241800457,34879305.04928218,21.49297636856979,-37.96310870035779,True
IDA only,IDX,1984,23.39857241800457,34879305.04928218,22.308385762619,-37.96310870035779,True
IDA only,IDX,1985,23.39857241800457,34879305.04928218,21.73596778737315,-37.96310870035779,True
IDA only,IDX,1986,23.39857241800457,34879305.04928218,22.28783025622645,-37.96310870035779,True
IDA only,IDX,1987,23.39857241800457,34879305.04928218,23.01796634964313,-37.96310870035779,True
IDA only,IDX,1988,23.39857241800457,34879305.04928218,23.27786225941756,-37.96310870035779,True
IDA only,IDX,1989,23.39857241800457,34879305.04928218,22.94911933812684,-37.96310870035779,True
IDA only,IDX,1990,23.39857241800457,34879305.04928218,26.39540750321556,1.07219067059971,True
IDA only,IDX,1991,23.39857241800457,34879305.04928218,26.20060568297614,-2.410778601470007,True
IDA only,IDX,1992,23.39857241800457,34879305.04928218,24.50994608192228,-2.643878286060267,True
IDA only,IDX,1993,23.39857241800457,34879305.04928218,23.77154354087936,-6.045701580912947,True
IDA only,IDX,1994,23.39857241800457,34879305.04928218,22.95683439274644,-12.22419671474732,True
IDA only,IDX,1995,23.39857241800457,34879305.04928218,23.84648205314336,-14.40546279676018,True
IDA only,IDX,1996,23.39857241800457,34879305.04928218,24.50454678659327,-12.5925925908416,True
IDA only,IDX,1997,23.39857241800457,34879305.04928218,25.01086182870404,-12.1922722415141,True
IDA only,IDX,1998,23.39857241800457,34879305.04928218,26.6584340882388,-37.96310870035779,True
IDA only,IDX,1999,23.39857241800457,34879305.04928218,26.97612097418568,-15.18174848017149,True
IDA only,IDX,2000,23.39857241800457,34879305.04928218,27.49526084303105,-17.77769933492307,True
IDA only,IDX,2001,23.39857241800457,34879305.04928218,28.04737334948373,-19.27756896818077,True
IDA only,IDX,2002,23.39857241800457,34879305.04928218,28.55861666009856,-22.12913874897442,True
IDA only,IDX,2003,23.39857241800457,34879305.04928218,29.17663122061039,-17.95508724929929,True
IDA only,IDX,2004,23.39857241800457,34879305.04928218,29.69652358770091,-17.85172408769919,True
IDA only,IDX,2005,23.39857241800457,34879305.04928218,30.75842828772932,-15.23200324717735,True
IDA only,IDX,2006,23.39857241800457,34879305.04928218,31.37945825170113,-10.53515096990549,True
IDA only,IDX,2007,23.39857241800457,34879305.04928218,32.6616537653556,-11.99646368259601,True
IDA only,IDX,2008,23.39857241800457,34879305.04928218,32.87450308119622,-9.11064422154574,True
IDA only,IDX,2009,23.39857241800457,34879305.04928218,32.23713682722737,-12.36484242531765,True
IDA only,IDX,2010,23.39857241800457,34879305.04928218,32.72642735647015,-13.17063866777169,True
IDA only,IDX,2011,23.39857241800457,34879305.04928218,32.39793253390682,-9.279552533637837,True
IDA only,IDX,2012,23.39857241800457,34879305.04928218,31.29674560348682,0.8747595467724695,True
IDA only,IDX,2013,23.39857241800457,34879305.04928218,30.4817111629737,2.316110365560477,True
IDA only,IDX,2014,23.39857241800457,34879305.04928218,31.83805680853558,4.27199305502593,True
IDA only,IDX,2015,23.39857241800457,34879305.04928218,25.26631047092112,7.777268928646406,True
IDA only,IDX,2016,23.39857241800457,34879305.04928218,0.0,9.190171309681638,True
IDA only,IDX,2017,23.39857241800457,34879305.04928218,0.0,3.249433133813243,True
IDA only,IDX,2018,23.39857241800457,34879305.04928218,0.0,6.551238913583803,True
IDA only,IDX,2019,23.39857241800457,34879305.04928218,0.0,5.793035798351824,True
IDA only,IDX,2020,23.39857241800457,34879305.04928218,0.0,9.593421072237284,True
IDA only,IDX,2021,23.39857241800457,34879305.04928218,0.0,10.8588674783633,True
IDA only,IDX,2022,23.39857241800457,34879305.04928218,0.0,9.90230300662079,True
IDA only,IDX,2023,23.39857241800457,34879305.04928218,0.0,-37.96310870035779,True
IDA total,IDA,1971,23.39857241800457,34879305.04928218,17.06101112740216,-37.96310870035779,True
IDA total,IDA,1972,23.39857241800457,34879305.04928218,18.27442412043959,-37.96310870035779,True
IDA total,IDA,1973,23.39857241800457,34879305.04928218,19.26492775463764,-37.96310870035779,True
IDA total,IDA,1974,23.39857241800457,34879305.04928218,19.53130534426518,-37.96310870035779,True
IDA total,IDA,1975,23.39857241800457,34879305.04928218,19.53996054760437,-37.96310870035779,True
IDA total,IDA,1976,23.39857241800457,34879305.04928218,20.28691657442456,-37.96310870035779,True
IDA total,IDA,1977,23.39857241800457,34879305.04928218,21.2056848004288,-37.96310870035779,True
IDA total,IDA,1978,23.39857241800457,34879305.04928218,21.67519692912757,-37.96310870035779,True
IDA total,IDA,1979,23.39857241800457,34879305.04928218,22.47507900533359,-37.96310870035779,True
IDA total,IDA,1980,23.39857241800457,34879305.04928218,23.00633813897103,-37.96310870035779,True
IDA total,IDA,1981,23.39857241800457,34879305.04928218,23.84852944606232,-37.96310870035779,True
IDA total,IDA,1982,23.39857241800457,34879305.04928218,24.9675851039793,-37.96310870035779,True
IDA total,IDA,1983,23.39857241800457,34879305.04928218,25.14882698778558,-37.96310870035779,True
IDA total,IDA,1984,23.39857241800457,34879305.04928218,25.07683490030412,-37.96310870035779,True
IDA total,IDA,1985,23.39857241800457,34879305.04928218,25.24286469437882,-37.96310870035779,True
IDA total,IDA,1986,23.39857241800457,34879305.04928218,25.5045579838877,-37.96310870035779,True
IDA total,IDA,1987,23.39857241800457,34879305.04928218,26.94638209423822,-37.96310870035779,True
IDA total,IDA,1988,23.39857241800457,34879305.04928218,27.22491037004388,-37.96310870035779,True
IDA total,IDA,1989,23.39857241800457,34879305.04928218,27.52261317261652,-37.96310870035779,True
IDA total,IDA,1990,23.39857241800457,34879305.04928218,42.87461433333819,-24.2980680186839,True
IDA total,IDA,1991,23.39857241800457,34879305.04928218,43.49184498449488,-26.33191983078048,True
IDA total,IDA,1992,23.39857241800457,34879305.04928218,42.53394621863846,-28.38346912787933,True
IDA total,IDA,1993,23.39857241800457,34879305.04928218,42.55070586815209,-29.67120011538681,True
IDA total,IDA,1994,23.39857241800457,34879305.04928218,41.01402811101531,-33.79029090979693,True
IDA total,IDA,1995,23.39857241800457,34879305.04928218,31.9808577546994,-37.62078009354227,True
IDA total,IDA,1996,23.39857241800457,34879305.04928218,32.9894570939969,-38.95776863624832,True
IDA total,IDA,1997,23.39857241800457,34879305.04928218,33.15721105919548,-40.88360612111175,True
IDA total,IDA,1998,23.39857241800457,34879305.04928218,33.7134930164281,-39.24584853990447,True
IDA total,IDA,1999,23.39857241800457,34879305.04928218,34.69870561927781,-37.52397393675797,True
IDA total,IDA,2000,23.39857241800457,34879305.04928218,35.4824031104628,-41.14657903949409,True
IDA total,IDA,2001,23.39857241800457,34879305.04928218,35.86750061565986,-42.60220571190679,True
IDA total,IDA,2002,23.39857241800457,34879305.04928218,35.87847665731696,-38.26145437789391,True
IDA total,IDA,2003,23.39857241800457,34879305.04928218,36.55731787460567,-41.23986997238181,True
IDA total,IDA,2004,23.39857241800457,34879305.04928218,37.04735708021884,-43.91467501075356,True
IDA total,IDA,2005,23.39857241800457,34879305.04928218,37.72117733361711,-41.56452375859129,True
IDA total,IDA,2006,23.39857241800457,34879305.04928218,37.85685589079113,-38.6757113077314,True
IDA total,IDA,2007,23.39857241800457,34879305.04928218,38.85713385153532,-37.73453147987668,True
IDA total,IDA,2008,23.39857241800457,34879305.04928218,38.84273202636258,-33.51522547475587,True
IDA total,IDA,2009,23.39857241800457,34879305.04928218,37.90853733249969,-35.94828835206546,True
IDA total,IDA,2010,23.39857241800457,17838475.105,42.95314414036694,-36.1289434860377,True
IDA total,IDA,2011,23.39857241800457,19643454.452,37.30926887718174,-28.37513318171744,True
IDA total,IDA,2012,23.39857241800457,20499798.814,36.99410233533667,-25.41779422479025,True
IDA total,IDA,2013,23.39857241800457,21131292.438,36.50840858269026,-18.51874090473861,True
IDA total,IDA,2014,23.39857241800457,22978073.708,37.37773422735064,-16.45749443392702,True
IDA total,IDA,2015,23.39857241800457,24472751.743,29.57641233540883,-14.79466152392289,True
IDA total,IDA,2016,23.39857241800457,25365919.453,0.0,-8.104268857176198,True
IDA total,IDA,2017,23.39857241800457,27740794.04,0.0,-10.5189587540147,True
IDA total,IDA,2018,23.39857241800457,30131393.611,0.0,-11.20080532254742,True
IDA total,IDA,2019,23.39857241800457,31029407.11,0.0,-11.40240280110118,True
IDA total,IDA,2020,23.39857241800457,34879305.04928218,0.0,-1.860454123860742,True
IDA total,IDA,2021,23.39857241800457,34879305.04928218,0.0,2.818018154912898,True
IDA total,IDA,2022,23.39857241800457,34879305.04928218,0.0,3.470342519072409,True
IDA total,IDA,2023,23.39857241800457,34879305.04928218,0.0,-37.96310870035779,True
IDA total,IDA,2024,23.39857241800457,34879305.04928218,0.0,-37.96310870035779,True
Iceland,ISL,1990,23.39857241800457,34879305.04928218,28.16361088933684,-37.96310870035779,False
Iceland,ISL,1991,23.39857241800457,34879305.04928218,27.37336204587569,-37.96310870035779,False
Iceland,ISL,1992,23.39857241800457,34879305.04928218,29.15673565774066,-37.96310870035779,False
Iceland,ISL,1993,23.39857241800457,34879305.04928218,29.57595155130442,-37.96310870035779,False
Iceland,ISL,1994,23.39857241800457,34879305.04928218,29.43938185876876,-37.96310870035779,False
Iceland,ISL,1995,23.39857241800457,34879305.04928218,28.76826454183223,-37.96310870035779,False
Iceland,ISL,1996,23.39857241800457,34879305.04928218,30.24576612369433,-37.96310870035779,False
Iceland,ISL,1997,23.39857241800457,34879305.04928218,29.09669258686748,-37.96310870035779,False
Iceland,ISL,1998,23.39857241800457,34879305.04928218,27.25561127817382,-37.96310870035779,False
Iceland,ISL,1999,23.39857241800457,34879305.04928218,23.72195023493663,-37.96310870035779,False
Iceland,ISL,2000,23.39857241800457,34879305.04928218,22.00059319312423,-37.96310870035779,False
Iceland,ISL,2001,23.39857241800457,34879305.04928218,22.18716212102576,-37.96310870035779,False
Iceland,ISL,2002,23.39857241800457,34879305.04928218,22.33411549704305,-37.96310870035779,False
Iceland,ISL,2003,23.39857241800457,34879305.04928218,22.12878289466794,-37.96310870035779,False
Iceland,ISL,2004,23.39857241800457,34879305.04928218,23.27443763879151,-37.96310870035779,False
Iceland,ISL,2005,23.39857241800457,34879305.04928218,22.8926112820509,-37.96310870035779,False
Iceland,ISL,2006,5.2433982558,34879305.04928218,19.03991554892924,-37.96310870035779,False
Iceland,ISL,2007,5.2486412948,34879305.04928218,15.68088431359657,-37.96310870035779,False
Iceland,ISL,2008,5.1548030664,34879305.04928218,12.41743902210398,-37.96310870035779,False
Iceland,ISL,2009,4.9256708312,34879305.04928218,11.4745203547073,20.48891434591922,False
Iceland,ISL,2010,4.9096559739,192778.0,11.51888054028759,-37.96310870035779,False
Iceland,ISL,2011,4.830141649,199850.0,10.25273575403776,-37.96310870035779,False
Iceland,ISL,2012,4.9480686309,220518.0,10.32861881577819,-37.96310870035779,False
Iceland,ISL,2013,5.1206843582,241857.0,10.38444433570948,-37.96310870035779,False
Iceland,ISL,2014,5.3297710959,261732.0,10.90966049268274,-37.96310870035779,False
Iceland,ISL,2015,5.2207135042,277629.0,11.66815576267043,-37.96310870035779,False
Iceland,ISL,2016,4.9764626598,308660.0,0.0,-37.96310870035779,False
Iceland,ISL,2017,5.4603938637,350348.0,0.0,-37.96310870035779,False
Iceland,ISL,2018,5.4811166353,353300.0,0.0,-37.96310870035779,False
Iceland,ISL,2019,6.1448311621,330292.0,0.0,-37.96310870035779,False
Iceland,ISL,2020,6.9844737534,320000.0,0.0,-37.96310870035779,False
Iceland,ISL,2021,6.9930638638,360000.0,0.0,-37.96310870035779,False
Iceland,ISL,2022,23.39857241800457,360000.0,0.0,-37.96310870035779,False
Iceland,ISL,2023,23.39857241800457,425000.0,0.0,-37.96310870035779,False
Iceland,ISL,2024,23.39857241800457,34879305.04928218,0.0,-37.96310870035779,False
India,IND,1990,23.39857241800457,34879305.04928218,58.72196723849349,11.30294348144265,False
India,IND,1991,23.39857241800457,34879305.04928218,59.90357970288592,12.00066732147928,False
India,IND,1992,23.39857241800457,34879305.04928218,60.97755600135566,13.87998600505211,False
India,IND,1993,23.39857241800457,34879305.04928218,61.58776525234547,14.32488469422457,False
India,IND,1994,23.39857241800457,34879305.04928218,62.21298221330685,14.03429316756828,False
India,IND,1995,23.39857241800457,34879305.04928218,64.11885885460104,15.38778698856121,False
India,IND,1996,23.39857241800457,34879305.04928218,64.59502315325486,16.96249096700502,False
India,IND,1997,23.39857241800457,34879305.04928218,65.36867244125091,17.94001777397063,False
India,IND,1998,23.39857241800457,34879305.04928218,65.54355820025913,19.34306956150774,False
India,IND,1999,23.39857241800457,34879305.04928218,66.99997969547512,21.32607348576006,False
India,IND,2000,23.39857241800457,34879305.04928218,67.251600486733,21.88480246474779,False
India,IND,2001,23.39857241800457,34879305.04928218,67.12901706864484,21.60711845491936,False
India,IND,2002,23.39857241800457,34879305.04928218,67.93666427644597,22.19692667290623,False
India,IND,2003,23.39857241800457,34879305.04928218,68.16546200360287,22.35289182452125,False
India,IND,2004,23.39857241800457,34879305.04928218,69.01828735313458,23.0511620657529,False
India,IND,2005,23.39857241800457,34879305.04928218,69.34750849680626,24.74037112798464,False
India,IND,2006,39.0319504897,34879305.04928218,70.04389071511903,26.04731391481626,False
India,IND,2007,43.3477343764,34879305.04928218,70.95317495650336,27.06012590494977,False
India,IND,2008,46.4804993561,34879305.04928218,71.43996710292139,28.45557441815462,False
India,IND,2009,45.0627826373,34879305.04928218,75.57244496993198,29.34264791192834,False
India,IND,2010,43.7687318545,9235765.0,74.84569360819648,30.22192148106019,False
India,IND,2011,48.5826548538,9878067.0,74.91097352691001,31.16095907043569,False
India,IND,2012,43.0775042637,10017480.0,75.07474778885921,32.82283890383159,False
India,IND,2013,46.1884209014,10571320.0,74.98186720683603,34.024000893281,False
India,IND,2014,47.3162410299,11652174.0,75.78572873440874,36.54230259113461,False
India,IND,2015,50.3519709842,12318610.0,45.956629150643,37.28278220951642,False
India,IND,2016,56.5217413481,13724110.0,0.0,37.38741865485176,False
India,IND,2017,55.3798260922,15450523.0,0.0,37.47131053306072,False
India,IND,2018,55.5425275349,16996593.0,0.0,37.58434677199264,False
India,IND,2019,54.2830927592,17487621.0,0.0,39.29969829859136,False
India,IND,2020,57.2185409309,17597062.0,0.0,37.48125277215497,False
India,IND,2021,58.8891957075,19561769.0,0.0,35.03557996400622,False
India,IND,2022,23.39857241800457,19717168.0,0.0,36.529412379469,False
India,IND,2023,23.39857241800457,22208000.0,0.0,36.08718434744959,False
India,IND,2024,23.39857241800457,23898000.0,49.53885920745446,-37.96310870035779,False
Indonesia,IDN,1990,23.39857241800457,34879305.04928218,62.24269956033809,-81.5396591697552,False
Indonesia,IDN,1991,23.39857241800457,34879305.04928218,63.65727229490575,-88.62658044952512,False
Indonesia,IDN,1992,23.39857241800457,34879305.04928218,64.55512389078885,-85.06215846205765,False
Indonesia,IDN,1993,23.39857241800457,34879305.04928218,67.76363351641143,-72.8341933878623,False
Indonesia,IDN,1994,23.39857241800457,34879305.04928218,66.18281400239833,-85.72633848615013,False
Indonesia,IDN,1995,23.39857241800457,34879305.04928218,69.01075464037696,-72.77705441454033,False
Indonesia,IDN,1996,23.39857241800457,34879305.04928218,69.89571076158909,-73.68740787475204,False
Indonesia,IDN,1997,23.39857241800457,34879305.04928218,70.7162722987345,-70.58739209656301,False
Indonesia,IDN,1998,23.39857241800457,34879305.04928218,69.83167500825688,-76.46632587185401,False
Indonesia,IDN,1999,23.39857241800457,34879305.04928218,71.44707912250048,-74.47160981345581,False
Indonesia,IDN,2000,23.39857241800457,34879305.04928218,76.1856536311886,-64.24036331241956,False
Indonesia,IDN,2001,23.39857241800457,34879305.04928218,75.59692479914136,-63.35232333708694,False
Indonesia,IDN,2002,23.39857241800457,34879305.04928218,76.74978432396205,-61.29968846158532,False
Indonesia,IDN,2003,23.39857241800457,34879305.04928218,76.97384881369138,-66.008075034348,False
Indonesia,IDN,2004,23.39857241800457,34879305.04928218,78.52533569846436,-60.83844449110959,False
Indonesia,IDN,2005,23.39857241800457,34879305.04928218,79.4076809996555,-67.8765492820002,False
Indonesia,IDN,2006,33.4785669859,34879305.04928218,79.64180043176312,-86.12353989937085,False
Indonesia,IDN,2007,34.8240742112,34879305.04928218,79.36813335575005,-90.79615294920008,False
Indonesia,IDN,2008,36.3007062184,34879305.04928218,78.44579996122415,-90.4267498347048,False
Indonesia,IDN,2009,35.3808802447,34879305.04928218,80.5786967611829,-92.42696626270624,False
Indonesia,IDN,2010,36.5482711066,8684768.0,85.74762668477783,-103.5095619014936,False
Indonesia,IDN,2011,33.9234166429,9870882.0,79.78058003014706,-131.5766037380432,False
Indonesia,IDN,2012,33.7574497787,10938304.0,79.95648201212757,-130.2982568467129,False
Indonesia,IDN,2013,35.333560294,11183911.0,79.12727732217147,-134.0451582598732,False
Indonesia,IDN,2014,35.0932494113,11005059.0,81.08246583332136,-122.6894189157832,False
Indonesia,IDN,2015,34.4686530123,10080049.0,54.32045010301384,-109.2714860797062,False
Indonesia,IDN,2016,33.2720236394,10608853.0,0.0,-106.4851795120104,False
Indonesia,IDN,2017,44.1530981528,11314273.0,0.0,-100.4014145252231,False
Indonesia,IDN,2018,43.1997786955,12616970.0,0.0,-98.0132758893818,False
Indonesia,IDN,2019,45.663150413,12704578.0,0.0,-99.18164886564382,False
Indonesia,IDN,2020,34.9132492208,11771309.0,0.0,-86.94797312455258,False
Indonesia,IDN,2021,32.7069226225,12906100.0,0.0,-84.93705476886095,False
Indonesia,IDN,2022,23.39857241800457,13281232.0,0.0,-82.91927560774323,False
Indonesia,IDN,2023,23.39857241800457,13734424.0,0.0,-89.54881628058801,False
Indonesia,IDN,2024,23.39857241800457,14709550.0,49.53885920745446,-37.96310870035779,False
"Iran, Islamic Rep.",IRN,1990,23.39857241800457,34879305.04928218,98.91467453828508,-169.6551108728471,False
"Iran, Islamic Rep.",IRN,1991,23.39857241800457,34879305.04928218,98.89952252675992,-159.5013636045778,False
"Iran, Islamic Rep.",IRN,1992,23.39857241800457,34879305.04928218,98.66069061151362,-164.3548351857939,False
"Iran, Islamic Rep.",IRN,1993,23.39857241800457,34879305.04928218,98.7228984309058,-160.3092124819155,False
"Iran, Islamic Rep.",IRN,1994,23.39857241800457,34879305.04928218,99.02760626594558,-137.9561564228814,False
"Iran, Islamic Rep.",IRN,1995,23.39857241800457,34879305.04928218,99.10080108370464,-133.5753937995986,False
"Iran, Islamic Rep.",IRN,1996,23.39857241800457,34879305.04928218,99.0731541759018,-139.578546123583,False
"Iran, Islamic Rep.",IRN,1997,23.39857241800457,34879305.04928218,99.26769353932649,-116.4341701459168,False
"Iran, Islamic Rep.",IRN,1998,23.39857241800457,34879305.04928218,99.32196868251874,-115.4476586683156,False
"Iran, Islamic Rep.",IRN,1999,23.39857241800457,34879305.04928218,99.57043645416914,-97.0135293318444,False
"Iran, Islamic Rep.",IRN,2000,23.39857241800457,34879305.04928218,99.65963688870268,-105.871870057097,False
"Iran, Islamic Rep.",IRN,2001,23.39857241800457,34879305.04928218,99.57961330022604,-87.1049629993087,False
"Iran, Islamic Rep.",IRN,2002,23.39857241800457,34879305.04928218,99.37540790662833,-84.6612008055191,False
"Iran, Islamic Rep.",IRN,2003,23.39857241800457,34879305.04928218,99.196525182262,-95.80660050502668,False
"Iran, Islamic Rep.",IRN,2004,23.39857241800457,34879305.04928218,99.30014967107093,-87.44338336193486,False
"Iran, Islamic Rep.",IRN,2005,23.39857241800457,34879305.04928218,98.85594725313376,-80.21669053822029,False
"Iran, Islamic Rep.",IRN,2006,26.0778975556,34879305.04928218,98.76589307147884,-76.90509773861768,False
"Iran, Islamic Rep.",IRN,2007,25.7265277024,34879305.04928218,98.84051759666669,-74.32330603732608,False
"Iran, Islamic Rep.",IRN,2008,22.6377435694,34879305.04928218,99.5231185172838,-64.06744633356655,False
"Iran, Islamic Rep.",IRN,2009,29.936990536,34879305.04928218,99.52150624348276,-60.40883816911148,False
"Iran, Islamic Rep.",IRN,2010,30.3311551499,2966512.0,99.40961591651958,-64.11370534117887,False
"Iran, Islamic Rep.",IRN,2011,29.0774881113,3359250.0,99.37507579149884,-64.580688618876,False
"Iran, Islamic Rep.",IRN,2012,23.0189802977,2739276.0,98.96389113239886,-36.98500811529649,False
"Iran, Islamic Rep.",IRN,2013,18.9823207818,2218161.0,98.57078765568824,-33.64179785643124,False
"Iran, Islamic Rep.",IRN,2014,19.9059520053,2381922.0,99.89014457643472,-27.83380495778458,False
"Iran, Islamic Rep.",IRN,2015,26.8794681583,2180852.0,59.09089459031285,-32.56507130473879,False
"Iran, Islamic Rep.",IRN,2016,29.8638714666,2462028.0,0.0,-55.21554687452505,False
"Iran, Islamic Rep.",IRN,2017,35.7025616715,3091066.0,0.0,-53.5976964323682,False
"Iran, Islamic Rep.",IRN,2018,18.4072150984,2368914.0,0.0,-49.78875899050944,False
"Iran, Islamic Rep.",IRN,2019,18.0772512792,34879305.04928218,0.0,-27.24212743494862,False
"Iran, Islamic Rep.",IRN,2020,31.2403187535,34879305.04928218,0.0,-22.07737264428998,False
"Iran, Islamic Rep.",IRN,2021,31.078253289,34879305.04928218,0.0,-26.51937650085835,False
"Iran, Islamic Rep.",IRN,2022,23.39857241800457,34879305.04928218,0.0,-32.49445927670485,False
"Iran, Islamic Rep.",IRN,2023,23.39857241800457,34879305.04928218,0.0,-37.96310870035779,False
"Iran, Islamic Rep.",IRN,2024,23.39857241800457,2921359.0,49.53885920745446,-37.96310870035779,False
Iraq,IRQ,1990,23.39857241800457,34879305.04928218,98.76718639263964,-448.234196424421,False
Iraq,IRQ,1991,23.39857241800457,34879305.04928218,99.3677540795274,-20.1592683237158,False
Iraq,IRQ,1992,23.39857241800457,34879305.04928218,99.64053365908046,-20.17399013686486,False
Iraq,IRQ,1993,23.39857241800457,34879305.04928218,49.53885920745446,-17.33817197471063,False
Iraq,IRQ,1994,23.39857241800457,34879305.04928218,49.53885920745446,-17.66515020807987,False
Iraq,IRQ,1995,23.39857241800457,34879305.04928218,49.53885920745446,-19.76988259775234,False
Iraq,IRQ,1996,23.39857241800457,34879305.04928218,49.53885920745446,-24.93890105393334,False
Iraq,IRQ,1997,23.39857241800457,34879305.04928218,49.53885920745446,-103.5026340504669,False
Iraq,IRQ,1998,23.39857241800457,34879305.04928218,97.6868930288131,-283.8802728003019,False
Iraq,IRQ,1999,23.39857241800457,34879305.04928218,96.86226419504668,-476.9473269545933,False
Iraq,IRQ,2000,23.39857241800457,34879305.04928218,97.2762315406726,-403.3088733115552,False
Iraq,IRQ,2001,23.39857241800457,34879305.04928218,97.17148530126504,-344.9206937604642,False
Iraq,IRQ,2002,23.39857241800457,34879305.04928218,96.98399937891156,-302.205220635501,False
Iraq,IRQ,2003,23.39857241800457,34879305.04928218,49.53885920745446,-215.4236641873007,False
Iraq,IRQ,2004,23.39857241800457,34879305.04928218,95.84954205540258,-282.7131555557126,False
Iraq,IRQ,2005,23.39857241800457,34879305.04928218,95.57460238032016,-258.770671926746,False
Iraq,IRQ,2006,1.8384369436,34879305.04928218,92.10277640497284,-286.2136725429515,False
Iraq,IRQ,2007,3.110148073,34879305.04928218,95.52741734507612,-307.471358496956,False
Iraq,IRQ,2008,4.2855687473,34879305.04928218,96.46848007587,-319.4523287124331,False
Iraq,IRQ,2009,5.2518660694,34879305.04928218,49.53885920745446,-309.52116479381,False
Iraq,IRQ,2010,6.3943585749,46255.56,49.53885920745446,-274.5911345861609,False
Iraq,IRQ,2011,7.0217555706,56018.41,49.53885920745446,-287.8928619979235,False
Iraq,IRQ,2012,6.2716805096,52424.53,49.53885920745446,-290.0024331654759,False
Iraq,IRQ,2013,7.0470228283,67553.94,49.53885920745446,-275.505030732489,False
Iraq,IRQ,2014,8.8004619978,133961.3,49.53885920745446,-307.6762021678337,False
Iraq,IRQ,2015,10.4000717338,108905.0,49.08641111829363,-392.88619219625,False
Iraq,IRQ,2016,11.4408571323,220859.7,0.0,-451.1019470412617,False
Iraq,IRQ,2017,23.9311373263,823944.7,0.0,-404.9588401724834,False
Iraq,IRQ,2018,24.6096040447,743211.1,0.0,-362.5450830135789,False
Iraq,IRQ,2019,24.2660079318,932728.6,0.0,-357.4716442178814,False
Iraq,IRQ,2020,34.3932911278,34879305.04928218,0.0,-340.435616490004,False
Iraq,IRQ,2021,32.3035979247,34879305.04928218,0.0,-287.4205985904002,False
Iraq,IRQ,2022,23.39857241800457,34879305.04928218,0.0,-274.8773605949805,False
Iraq,IRQ,2023,23.39857241800457,34879305.04928218,0.0,-37.96310870035779,False
Ireland,IRL,1990,23.39857241800457,34879305.04928218,85.05787282844032,71.097701744958,False
Ireland,IRL,1991,23.39857241800457,34879305.04928218,85.428307115323,69.48786392106358,False
Ireland,IRL,1992,23.39857241800457,34879305.04928218,84.55508938467086,68.71775896219226,False
Ireland,IRL,1993,23.39857241800457,34879305.04928218,86.14997822403804,70.1528741333926,False
Ireland,IRL,1994,23.39857241800457,34879305.04928218,86.84849683730485,67.42059346295251,False
Ireland,IRL,1995,23.39857241800457,34879305.04928218,88.04886721323413,72.60337850713444,False
Ireland,IRL,1996,23.39857241800457,34879305.04928218,89.44113006629962,74.1417994402379,False
Ireland,IRL,1997,23.39857241800457,34879305.04928218,89.289232586368,80.15081697519526,False
Ireland,IRL,1998,23.39857241800457,34879305.04928218,90.05455769017031,84.41393199634814,False
Ireland,IRL,1999,23.39857241800457,34879305.04928218,91.78732636146164,88.829432158315,False
Ireland,IRL,2000,23.39857241800457,34879305.04928218,92.49944026772803,89.25881255656347,False
Ireland,IRL,2001,23.39857241800457,34879305.04928218,92.5090346273655,94.82380924658374,False
Ireland,IRL,2002,23.39857241800457,34879305.04928218,91.41302772050184,94.37534098013252,False
Ireland,IRL,2003,23.39857241800457,34879305.04928218,91.98395009561526,95.11903244175885,False
Ireland,IRL,2004,23.39857241800457,34879305.04928218,93.26088698212888,95.69726160893433,False
Ireland,IRL,2005,23.39857241800457,34879305.04928218,90.66931129491546,94.96451084123125,False
Ireland,IRL,2006,11.3359491022,34879305.04928218,90.72050121048896,96.39912822541096,False
Ireland,IRL,2007,12.5531929751,34879305.04928218,91.14912287702934,94.21187387177795,False
Ireland,IRL,2008,9.9445377398,34879305.04928218,89.43964325583282,96.51952366341628,False
Ireland,IRL,2009,9.7255056646,34879305.04928218,88.20825084700581,92.73908115974224,False
Ireland,IRL,2010,8.1669493642,782115.0,90.0632515749254,92.12378594363412,False
Ireland,IRL,2011,7.6828937125,736557.0,88.01431375826185,95.52436138088656,False
Ireland,IRL,2012,12.0651438684,734023.0,86.67784239498086,89.72229639034325,False
Ireland,IRL,2013,11.2883106334,727328.0,86.65880475820794,94.59909281421058,False
Ireland,IRL,2014,12.3210772592,793102.0,84.90116626018242,91.27917911065312,False
Ireland,IRL,2015,12.5763299965,860278.0,85.15844198322078,95.23158142603168,False
Ireland,IRL,2016,11.8405380622,916833.0,0.0,74.22552409879694,False
Ireland,IRL,2017,11.5953402053,958488.0,0.0,71.40470458968758,False
Ireland,IRL,2018,14.1288440191,1000560.0,0.0,73.32815803896666,False
Ireland,IRL,2019,13.8876428623,1063489.0,0.0,75.41381605031614,False
Ireland,IRL,2020,12.7039097072,1058888.0,0.0,74.19104681708586,False
Ireland,IRL,2021,12.4432964442,1143007.0,0.0,80.64378226861766,False
Ireland,IRL,2022,23.39857241800457,1154803.0,0.0,85.98152909229623,False
Ireland,IRL,2023,23.39857241800457,1097574.0,0.0,85.76634887314466,False
Ireland,IRL,2024,23.39857241800457,1209552.0,0.0,-37.96310870035779,False
Israel,ISR,1990,23.39857241800457,34879305.04928218,97.00443329139144,99.45526734603725,False
Israel,ISR,1991,23.39857241800457,34879305.04928218,97.0248887183655,100.1725286976883,False
Israel,ISR,1992,23.39857241800457,34879305.04928218,97.15606658802604,104.3895856628546,False
Israel,ISR,1993,23.39857241800457,34879305.04928218,97.12080699122929,101.5303440991026,False
Israel,ISR,1994,23.39857241800457,34879305.04928218,97.23753922314752,91.87527866988042,False
Israel,ISR,1995,23.39857241800457,34879305.04928218,97.26229340435412,102.2554398893386,False
Israel,ISR,1996,23.39857241800457,34879305.04928218,97.2522353114572,93.8905100304386,False
Israel,ISR,1997,23.39857241800457,34879305.04928218,97.3060813824042,100.0857966732482,False
Israel,ISR,1998,23.39857241800457,34879305.04928218,97.1622068018858,105.5592829378918,False
Israel,ISR,1999,23.39857241800457,34879305.04928218,97.17166025212424,99.69687905075271,False
Israel,ISR,2000,23.39857241800457,34879305.04928218,97.21454697380584,99.63688047315588,False
Israel,ISR,2001,23.39857241800457,34879305.04928218,97.15492671898424,100.8399356199077,False
Israel,ISR,2002,23.39857241800457,34879305.04928218,96.9186497825764,104.4687125353062,False
Israel,ISR,2003,23.39857241800457,34879305.04928218,96.92470636096046,101.1100754173375,False
Israel,ISR,2004,23.39857241800457,34879305.04928218,96.64924130226863,98.4168432565454,False
Israel,ISR,2005,23.39857241800457,34879305.04928218,96.60352082726834,96.63413484693936,False
Israel,ISR,2006,23.2622370108,34879305.04928218,96.93212754679035,92.49316439282876,False
Israel,ISR,2007,22.2841571525,34879305.04928218,97.03289554642866,94.0520403445183,False
Israel,ISR,2008,22.4741442833,34879305.04928218,96.48936105743375,85.27414990981353,False
Israel,ISR,2009,23.9974380801,34879305.04928218,96.36279385750356,90.16217500072128,False
Israel,ISR,2010,25.7901792911,2281552.0,96.31563895497342,88.28762892965251,False
Israel,ISR,2011,23.3177928083,2413000.0,96.4452722159678,80.95267078553967,False
Israel,ISR,2012,30.7808288749,2561000.0,99.88711392766407,95.5693067544626,False
Israel,ISR,2013,30.0039486071,2539000.0,49.53885920745446,84.45859461432845,False
Israel,ISR,2014,31.750832033,2446000.0,49.53885920745446,76.57476353391053,False
Israel,ISR,2015,34.2809212316,2522000.0,49.53885920745446,76.7988039122038,False
Israel,ISR,2016,37.6500090103,2711000.0,0.0,68.57494376008955,False
Israel,ISR,2017,38.5586658414,2868000.0,0.0,74.12209288196557,False
Israel,ISR,2018,38.667335723,2946000.0,0.0,68.00440140464838,False
Israel,ISR,2019,41.3157463763,2917000.0,0.0,70.73437934789501,False
Israel,ISR,2020,41.5863010694,3048998.0,0.0,43.34027357437205,False
Israel,ISR,2021,41.4695768989,3132678.0,0.0,28.72930723775199,False
Israel,ISR,2022,23.39857241800457,3118000.0,0.0,26.09156083408624,False
Israel,ISR,2023,23.39857241800457,3123896.0,0.0,13.73424198862996,False
Israel,ISR,2024,23.39857241800457,3059136.0,0.0,-37.96310870035779,False
Italy,ITA,1990,23.39857241800457,34879305.04928218,93.43128567907108,86.83424843643807,False
Italy,ITA,1991,23.39857241800457,34879305.04928218,92.88832888266268,84.26430331365238,False
Italy,ITA,1992,23.39857241800457,34879305.04928218,92.57419104909266,86.42511914156961,False
Italy,ITA,1993,23.39857241800457,34879305.04928218,92.26309962025728,82.7717440707131,False
Italy,ITA,1994,23.39857241800457,34879305.04928218,92.08093577326126,83.12141682070482,False
Italy,ITA,1995,23.39857241800457,34879305.04928218,93.01737415455813,84.33186010449528,False
Italy,ITA,1996,23.39857241800457,34879305.04928218,92.60717556258668,84.10617056551486,False
Italy,ITA,1997,23.39857241800457,34879305.04928218,92.43583740718988,82.91947222229624,False
Italy,ITA,1998,23.39857241800457,34879305.04928218,92.27788070673004,84.20032364641597,False
Italy,ITA,1999,23.39857241800457,34879305.04928218,91.83283035389212,85.0464120461185,False
Italy,ITA,2000,23.39857241800457,34879305.04928218,91.72130863337472,88.86790408913026,False
Italy,ITA,2001,23.39857241800457,34879305.04928218,91.39479290162498,85.43353531652974,False
Italy,ITA,2002,23.39857241800457,34879305.04928218,91.02713956792608,87.91485887811373,False
Italy,ITA,2003,23.39857241800457,34879305.04928218,90.20683334929711,85.36493532966408,False
Italy,ITA,2004,23.39857241800457,34879305.04928218,90.3967244779413,86.79242966645046,False
Italy,ITA,2005,23.39857241800457,34879305.04928218,89.79136944689648,85.72357688986014,False
Italy,ITA,2006,59.9000621229,34879305.04928218,89.18082728082666,88.47570147246145,False
Italy,ITA,2007,59.2992468943,34879305.04928218,88.1728336234335,85.67753037324988,False
Italy,ITA,2008,58.3464240438,34879305.04928218,86.83138421182039,85.49130575184695,False
Italy,ITA,2009,55.093611272,34879305.04928218,84.84085235821186,83.30304458908688,False
Italy,ITA,2010,61.437545626,9762077.0,84.61937829021815,85.46187865006178,False
Italy,ITA,2011,63.3185685372,9533620.0,84.45465936929006,84.12254580067636,False
Italy,ITA,2012,62.8792751917,9674361.0,82.18630773995643,81.8390323727707,False
Italy,ITA,2013,62.2282907448,10118350.0,79.95486000481257,79.29453949182562,False
Italy,ITA,2014,62.0073241303,10255753.0,78.5887352149793,78.38816137426214,False
Italy,ITA,2015,62.3856976286,10211290.0,78.98181671756673,79.58795511488947,False
Italy,ITA,2016,64.2838372899,10589293.0,0.0,80.48505065484505,False
Italy,ITA,2017,67.1659312372,10666550.0,0.0,81.17800644942716,False
Italy,ITA,2018,66.1142975773,10620925.0,0.0,80.97072172248413,False
Italy,ITA,2019,69.3683980829,10789337.0,0.0,82.2279640302359,False
Italy,ITA,2020,75.9605517621,10696962.0,0.0,76.8695186600949,False
Italy,ITA,2021,76.3400650779,11303247.0,0.0,76.63297818184957,False
Italy,ITA,2022,23.39857241800457,11577612.0,0.0,83.62903405809806,False
Italy,ITA,2023,23.39857241800457,11303925.0,0.0,79.59805806701,False
Italy,ITA,2024,23.39857241800457,11927016.0,0.0,-37.96310870035779,False
Jamaica,JAM,1990,23.39857241800457,34879305.04928218,87.95014096264342,95.9539683989404,False
Jamaica,JAM,1991,23.39857241800457,34879305.04928218,88.12577231587811,94.9461444531519,False
Jamaica,JAM,1992,23.39857241800457,34879305.04928218,88.92547555286532,93.95497558657014,False
Jamaica,JAM,1993,23.39857241800457,34879305.04928218,89.4773205005029,95.80038460543447,False
Jamaica,JAM,1994,23.39857241800457,34879305.04928218,89.34564273522903,97.756163572546,False
Jamaica,JAM,1995,23.39857241800457,34879305.04928218,90.35023675199272,94.36917093304764,False
Jamaica,JAM,1996,23.39857241800457,34879305.04928218,90.64076402654511,90.2767536005057,False
Jamaica,JAM,1997,23.39857241800457,34879305.04928218,90.3749473159024,95.69595068166907,False
Jamaica,JAM,1998,23.39857241800457,34879305.04928218,91.95323844142187,94.52229943510986,False
Jamaica,JAM,1999,23.39857241800457,34879305.04928218,92.15022219372317,94.3638451836559,False
Jamaica,JAM,2000,23.39857241800457,34879305.04928218,92.3326134628258,103.3280897339443,False
Jamaica,JAM,2001,23.39857241800457,34879305.04928218,93.3352239766654,99.39454892889464,False
Jamaica,JAM,2002,23.39857241800457,34879305.04928218,93.10480876395054,97.50562285858432,False
Jamaica,JAM,2003,23.39857241800457,34879305.04928218,93.3124734380964,101.8285683598602,False
Jamaica,JAM,2004,23.39857241800457,34879305.04928218,93.55811029933004,99.17137954288988,False
Jamaica,JAM,2005,23.39857241800457,34879305.04928218,94.28958366595111,-37.96310870035779,False
Jamaica,JAM,2006,23.455801796,34879305.04928218,94.39377367806952,-37.96310870035779,False
Jamaica,JAM,2007,21.4684745008,34879305.04928218,94.15815851104172,-37.96310870035779,False
Jamaica,JAM,2008,21.7865835731,34879305.04928218,94.32830048675778,105.1236249423184,False
Jamaica,JAM,2009,22.1696305613,34879305.04928218,96.28063670826184,103.8380773535859,False
Jamaica,JAM,2010,22.6320837141,1891770.0,91.88351346520324,101.3544645694312,False
Jamaica,JAM,2011,22.5002439504,1848231.0,92.25894792893702,102.7102199829558,False
Jamaica,JAM,2012,27.5381794644,1855400.0,90.85014256853538,100.1570437008025,False
Jamaica,JAM,2013,28.3043624973,1703949.0,90.48835875238538,107.7371562468287,False
Jamaica,JAM,2014,23.2341600695,1638113.0,90.41364981103264,105.2724776289003,False
Jamaica,JAM,2015,23.3257240627,1653272.0,44.75239056298365,109.4372016678301,False
Jamaica,JAM,2016,32.3673550809,1567442.0,0.0,108.1912105119825,False
Jamaica,JAM,2017,33.9392590089,1560000.0,0.0,113.8341634384797,False
Jamaica,JAM,2018,32.7270065574,1833053.0,0.0,109.2299357253674,False
Jamaica,JAM,2019,32.2776320681,1647609.0,0.0,111.2775746136602,False
Jamaica,JAM,2020,35.2013871713,1631011.0,0.0,116.0056431852174,False
Jamaica,JAM,2021,33.779696636,1975401.0,0.0,116.9283700482628,False
Jamaica,JAM,2022,23.39857241800457,2137500.0,0.0,112.5753234349221,False
Jamaica,JAM,2023,23.39857241800457,1995000.0,0.0,-37.96310870035779,False
Jamaica,JAM,2024,23.39857241800457,2349405.0,49.53885920745446,-37.96310870035779,False
Japan,JPN,1990,23.39857241800457,34879305.04928218,84.89774701880874,86.12114365208946,False
Japan,JPN,1991,23.39857241800457,34879305.04928218,84.1935987988403,84.55721249823128,False
Japan,JPN,1992,23.39857241800457,34879305.04928218,84.36437943393462,85.0002389923131,False
Japan,JPN,1993,23.39857241800457,34879305.04928218,82.87163152949645,83.67364839139644,False
Japan,JPN,1994,23.39857241800457,34879305.04928218,83.1239529922428,84.76452476000492,False
Japan,JPN,1995,23.39857241800457,34879305.04928218,81.87670012274488,82.85875976861729,False
Japan,JPN,1996,23.39857241800457,34879305.04928218,81.58573333622579,82.56972902275137,False
Japan,JPN,1997,23.39857241800457,34879305.04928218,80.7397629741909,81.78350269382791,False
Japan,JPN,1998,23.39857241800457,34879305.04928218,79.74841154379322,80.32207990011632,False
Japan,JPN,1999,23.39857241800457,34879305.04928218,80.9615842201836,81.11038252646011,False
Japan,JPN,2000,23.39857241800457,34879305.04928218,81.00693831301291,82.8158357838335,False
Japan,JPN,2001,23.39857241800457,34879305.04928218,80.9685177191869,81.20167916853401,False
Japan,JPN,2002,23.39857241800457,34879305.04928218,81.8108760949912,82.98887841750823,False
Japan,JPN,2003,23.39857241800457,34879305.04928218,84.23220373562093,85.47889681243984,False
Japan,JPN,2004,23.39857241800457,34879305.04928218,82.55906880682514,83.77461111267455,False
Japan,JPN,2005,23.39857241800457,34879305.04928218,81.54236163396868,83.46493156747782,False
Japan,JPN,2006,80.3686115632,34879305.04928218,81.24314882927189,82.36519904914793,False
Japan,JPN,2007,72.6329901662,34879305.04928218,83.31347368862323,84.31077140365572,False
Japan,JPN,2008,74.8510434871,34879305.04928218,83.02821986219791,84.2147770328816,False
Japan,JPN,2009,70.8800225641,34879305.04928218,80.55983673765255,80.61633929011481,False
Japan,JPN,2010,72.6212934224,20016486.0,80.76686766049023,81.74253492062117,False
Japan,JPN,2011,74.8968898934,20631007.0,89.5336527279383,90.81959742170687,False
Japan,JPN,2012,69.0019333229,21167525.0,94.63922760531418,96.12221971116315,False
Japan,JPN,2013,67.1818971208,21442040.0,94.64103564899592,95.6729767272549,False
Japan,JPN,2014,73.9488923191,21662814.0,95.09095403107892,95.56842740268952,False
Japan,JPN,2015,76.6609866879,21094824.0,93.79145081085296,94.83962642669972,False
Japan,JPN,2016,69.898348894,21678076.0,0.0,93.81328155092096,False
Japan,JPN,2017,71.263747931,22795433.0,0.0,93.0886712405363,False
Japan,JPN,2018,78.3593442452,23424446.0,0.0,91.4437393045403,False
Japan,JPN,2019,81.8719745046,23276482.0,0.0,90.55903281201856,False
Japan,JPN,2020,87.4639453571,21568959.0,0.0,89.57960336073933,False
Japan,JPN,2021,69.663527743,22353354.0,0.0,88.68172593851966,False
Japan,JPN,2022,23.39857241800457,22462583.0,0.0,89.97075163432565,False
Japan,JPN,2023,23.39857241800457,21499023.0,0.0,87.27988531570267,False
Japan,JPN,2024,23.39857241800457,21886683.0,0.0,-37.96310870035779,False
Jordan,JOR,1990,23.39857241800457,34879305.04928218,98.13138364836588,-37.96310870035779,False
Jordan,JOR,1991,23.39857241800457,34879305.04928218,98.19574065865662,93.07110289239309,False
Jordan,JOR,1992,23.39857241800457,34879305.04928218,98.52767302929408,101.4581985185557,False
Jordan,JOR,1993,23.39857241800457,34879305.04928218,98.44946727722298,101.9832561679457,False
Jordan,JOR,1994,23.39857241800457,34879305.04928218,98.46587477594032,-37.96310870035779,False
Jordan,JOR,1995,23.39857241800457,34879305.04928218,98.55250815444754,-37.96310870035779,False
Jordan,JOR,1996,23.39857241800457,34879305.04928218,98.58442027675544,102.341665629414,False
Jordan,JOR,1997,23.39857241800457,34879305.04928218,98.57101175685176,98.49874188849172,False
Jordan,JOR,1998,23.39857241800457,34879305.04928218,98.56201849132805,102.3908199072771,False
Jordan,JOR,1999,23.39857241800457,34879305.04928218,98.53858860105592,100.4049394389432,False
Jordan,JOR,2000,23.39857241800457,34879305.04928218,98.4551346154963,97.98741397421944,False
Jordan,JOR,2001,23.39857241800457,34879305.04928218,98.00001209194237,101.0352623854666,False
Jordan,JOR,2002,23.39857241800457,34879305.04928218,97.98149969553332,-37.96310870035779,False
Jordan,JOR,2003,23.39857241800457,34879305.04928218,96.96382613159815,100.3508836728287,False
Jordan,JOR,2004,23.39857241800457,34879305.04928218,97.6699738875579,-37.96310870035779,False
Jordan,JOR,2005,23.39857241800457,34879305.04928218,97.89480274311558,104.6874105660811,False
Jordan,JOR,2006,16.9899724474,34879305.04928218,97.89151246802508,100.8133594463302,False
Jordan,JOR,2007,18.8605260592,34879305.04928218,98.41632419633632,101.6752483383365,False
Jordan,JOR,2008,17.8926232165,34879305.04928218,98.00262582135986,101.4514886543322,False
Jordan,JOR,2009,21.9902567564,34879305.04928218,97.96067770458136,100.5879772110793,False
Jordan,JOR,2010,21.1939612293,605659.0,97.35049824270996,103.1968122667205,False
Jordan,JOR,2011,23.4837069364,705648.0,96.00337042500954,97.08793660667196,False
Jordan,JOR,2012,20.4743058158,817434.0,97.33264631395558,103.4462506618627,False
Jordan,JOR,2013,19.8683943893,872811.0,97.62487933133067,98.22168780466691,False
Jordan,JOR,2014,23.0616073862,781291.0,97.63135948759115,102.3935113790364,False
Jordan,JOR,2015,26.4680884035,758219.0,58.17823060418871,101.5026493716571,False
Jordan,JOR,2016,25.4679334608,792841.0,0.0,101.2561043822473,False
Jordan,JOR,2017,26.7451620594,796087.0,0.0,98.86165826843812,False
Jordan,JOR,2018,34.4720594303,815345.0,0.0,96.99878659263656,False
Jordan,JOR,2019,33.3289967746,798160.0,0.0,98.83074479350512,False
Jordan,JOR,2020,33.9681172217,857283.0,0.0,93.20410682879672,False
Jordan,JOR,2021,33.8591078945,765662.0,0.0,92.33467410836478,False
Jordan,JOR,2022,23.39857241800457,852554.0,0.0,96.35232793322956,False
Jordan,JOR,2023,23.39857241800457,898736.0,0.0,-37.96310870035779,False
Jordan,JOR,2024,23.39857241800457,824199.0,49.53885920745446,-37.96310870035779,False
Kazakhstan,KAZ,1990,23.39857241800457,34879305.04928218,96.94785671440704,-22.6299897050092,False
Kazakhstan,KAZ,1991,23.39857241800457,34879305.04928218,97.2400040298532,-21.47302451673508,False
Kazakhstan,KAZ,1992,23.39857241800457,34879305.04928218,97.55489649192842,-12.57199996243813,False
Kazakhstan,KAZ,1993,23.39857241800457,34879305.04928218,98.08963811353092,-19.80067934837012,False
Kazakhstan,KAZ,1994,23.39857241800457,34879305.04928218,96.57949224683996,-21.81867777938453,False
Kazakhstan,KAZ,1995,23.39857241800457,34879305.04928218,97.2556403719786,-21.70722876364391,False
Kazakhstan,KAZ,1996,23.39857241800457,34879305.04928218,97.19043125021884,-39.9092634965941,False
Kazakhstan,KAZ,1997,23.39857241800457,34879305.04928218,97.36621042180398,-65.37784472817067,False
Kazakhstan,KAZ,1998,23.39857241800457,34879305.04928218,97.63317827830626,-64.101419868444,False
Kazakhstan,KAZ,1999,23.39857241800457,34879305.04928218,97.6057346737994,-86.42726448287672,False
Kazakhstan,KAZ,2000,23.39857241800457,34879305.04928218,97.24698008072718,-120.0925101580438,False
Kazakhstan,KAZ,2001,23.39857241800457,34879305.04928218,97.48149241674628,-134.3322585039563,False
Kazakhstan,KAZ,2002,23.39857241800457,34879305.04928218,97.92889484338885,-129.1543328563095,False
Kazakhstan,KAZ,2003,23.39857241800457,34879305.04928218,98.5065583093762,-135.2334861907476,False
Kazakhstan,KAZ,2004,23.39857241800457,34879305.04928218,98.95544131427732,-126.0971094384447,False
Kazakhstan,KAZ,2005,23.39857241800457,34879305.04928218,98.66456723166648,-134.0054705422052,False
Kazakhstan,KAZ,2006,23.39857241800457,34879305.04928218,49.53885920745446,-109.9665544458705,False
Kazakhstan,KAZ,2007,23.39857241800457,34879305.04928218,98.87991716861194,-99.64233635994027,False
Kazakhstan,KAZ,2008,23.39857241800457,34879305.04928218,98.93786631337038,-107.1331240731486,False
Kazakhstan,KAZ,2009,23.39857241800457,34879305.04928218,99.04584704981822,-133.3315147661384,False
Kazakhstan,KAZ,2010,23.39857241800457,34879305.04928218,98.77615598046415,-123.5870217945785,False
Kazakhstan,KAZ,2011,23.39857241800457,34879305.04928218,98.92430483057724,-109.2681931095139,False
Kazakhstan,KAZ,2012,23.39857241800457,34879305.04928218,98.83120572121152,-119.0755370141679,False
Kazakhstan,KAZ,2013,23.39857241800457,34879305.04928218,99.1666233534308,-104.7439944923831,False
Kazakhstan,KAZ,2014,23.39857241800457,34879305.04928218,49.53885920745446,-144.9691400764304,False
Kazakhstan,KAZ,2015,23.39857241800457,34879305.04928218,49.53885920745446,-163.347093699784,False
Kazakhstan,KAZ,2016,23.39857241800457,34879305.04928218,0.0,-138.7214481494017,False
Kazakhstan,KAZ,2017,23.39857241800457,34879305.04928218,0.0,-159.1798550813496,False
Kazakhstan,KAZ,2018,23.39857241800457,34879305.04928218,0.0,-138.0527847365229,False
Kazakhstan,KAZ,2019,23.39857241800457,34879305.04928218,0.0,-129.4510981482414,False
Kazakhstan,KAZ,2020,23.39857241800457,34879305.04928218,0.0,-140.2484088209438,False
Kazakhstan,KAZ,2021,23.39857241800457,34879305.04928218,0.0,-129.4313780161445,False
Kazakhstan,KAZ,2022,23.39857241800457,34879305.04928218,0.0,-119.3106365097056,False
Kazakhstan,KAZ,2023,23.39857241800457,34879305.04928218,0.0,-119.1426831733003,False
Kenya,KEN,1990,23.39857241800457,34879305.04928218,17.6662137525857,20.78320634619254,False
Kenya,KEN,1991,23.39857241800457,34879305.04928218,16.70677751743191,19.48299561996875,False
Kenya,KEN,1992,23.39857241800457,34879305.04928218,16.46940410710281,19.4591783671347,False
Kenya,KEN,1993,23.39857241800457,34879305.04928218,15.95394137221632,21.25448513275989,False
Kenya,KEN,1994,23.39857241800457,34879305.04928218,14.78860233800638,21.38740934050108,False
Kenya,KEN,1995,23.39857241800457,34879305.04928218,15.57226682255343,18.88396946864385,False
Kenya,KEN,1996,23.39857241800457,34879305.04928218,16.30600853239383,17.96233703524864,False
Kenya,KEN,1997,23.39857241800457,34879305.04928218,15.55644446642735,21.23722697483054,False
Kenya,KEN,1998,23.39857241800457,34879305.04928218,16.4776196613193,24.16985859516748,False
Kenya,KEN,1999,23.39857241800457,34879305.04928218,16.90009592657893,24.66142835517736,False
Kenya,KEN,2000,23.39857241800457,34879305.04928218,18.10498009155036,25.66956763246986,False
Kenya,KEN,2001,23.39857241800457,34879305.04928218,16.28926842232656,22.60630882276829,False
Kenya,KEN,2002,23.39857241800457,34879305.04928218,15.51195241340182,19.09897027522339,False
Kenya,KEN,2003,23.39857241800457,34879305.04928218,13.04491102197391,16.73857617541459,False
Kenya,KEN,2004,23.39857241800457,34879305.04928218,13.95301469084205,20.36370591385502,False
Kenya,KEN,2005,23.39857241800457,34879305.04928218,15.21458338893277,20.12679080987261,False
Kenya,KEN,2006,13.0825674702,34879305.04928218,16.77779993919969,20.71535735497366,False
Kenya,KEN,2007,12.8505075331,34879305.04928218,16.35148940166986,20.27530524858267,False
Kenya,KEN,2008,13.8481232602,34879305.04928218,16.74196630429532,21.46340942236093,False
Kenya,KEN,2009,14.3914367926,34879305.04928218,18.53163839228268,22.57423131028946,False
Kenya,KEN,2010,13.4068784555,695600.0,19.39687953821536,22.48826526432653,False
Kenya,KEN,2011,14.6265419387,771000.0,18.79306028265514,22.92215158461939,False
Kenya,KEN,2012,13.5536038407,903443.0,16.99637641895285,20.86803636320875,False
Kenya,KEN,2013,14.5422240174,894000.0,18.37283654656976,20.29456547200748,False
Kenya,KEN,2014,15.2884374201,1012002.0,17.92587224260361,21.17081755183779,False
Kenya,KEN,2015,18.7720165257,1076118.0,16.04469662698709,21.51575682180455,False
Kenya,KEN,2016,15.5326793267,1091000.0,0.0,22.1701438949297,False
Kenya,KEN,2017,15.9432625966,1190000.0,0.0,23.1441579407064,False
Kenya,KEN,2018,17.3444249121,1306283.0,0.0,23.11337671879194,False
Kenya,KEN,2019,17.3822270863,1417000.0,0.0,22.90954625178502,False
Kenya,KEN,2020,16.7250428433,1359579.0,0.0,21.12893872027836,False
Kenya,KEN,2021,16.4831343637,1435565.0,0.0,22.73697041050152,False
Kenya,KEN,2022,23.39857241800457,1430000.0,0.0,22.43762107032472,False
Kenya,KEN,2023,23.39857241800457,1623080.0,0.0,22.37454567631165,False
Kenya,KEN,2024,23.39857241800457,2005076.0,0.0,-37.96310870035779,False
Kiribati,KIR,1990,23.39857241800457,34879305.04928218,0.0,-37.96310870035779,False
Kiribati,KIR,2004,23.39857241800457,34879305.04928218,0.0,-37.96310870035779,False
Kiribati,KIR,2005,23.39857241800457,34879305.04928218,0.0,-37.96310870035779,False
Kiribati,KIR,2006,23.39857241800457,34879305.04928218,0.0,-37.96310870035779,False
Kiribati,KIR,2007,23.39857241800457,34879305.04928218,0.0,-37.96310870035779,False
Kiribati,KIR,2008,2.7971345171,34879305.04928218,49.53885920745446,-37.96310870035779,False
Kiribati,KIR,2009,1.026003953,34879305.04928218,49.53885920745446,-37.96310870035779,False
Kiribati,KIR,2010,3.5503784762,29875.69,49.53885920745446,-37.96310870035779,False
Kiribati,KIR,2011,3.7500523289,25775.69,49.53885920745446,-37.96310870035779,False
Kiribati,KIR,2012,5.1091557856,25775.69,49.53885920745446,-37.96310870035779,False
Kiribati,KIR,2013,4.9164321329,52964.24,49.53885920745446,-37.96310870035779,False
Kiribati,KIR,2014,4.3818886229,22998.09,49.53885920745446,-37.96310870035779,False
Kiribati,KIR,2015,3.8702944861,35149.2,49.53885920745446,-37.96310870035779,False
Kiribati,KIR,2016,5.5215301206,49005.46,49.53885920745446,-37.96310870035779,False
Kiribati,KIR,2017,5.3174959707,53468.83,49.53885920745446,-37.96310870035779,False
Kiribati,KIR,2018,1.8118770574,52568.09,49.53885920745446,-37.96310870035779,False
Kiribati,KIR,2019,5.3313064991,52099.86,49.53885920745446,-37.96310870035779,False
Kiribati,KIR,2020,5.326167372,34879305.04928218,49.53885920745446,-37.96310870035779,False
Kiribati,KIR,2021,6.1973244719,34879305.04928218,49.53885920745446,-37.96310870035779,False
"Korea, Dem. People's Rep.",PRK,1990,23.39857241800457,34879305.04928218,93.08882580418653,12.9673737919115,False
"Korea, Dem. People's Rep.",PRK,1991,23.39857241800457,34879305.04928218,92.8874647579298,11.41715466135692,False
"Korea, Dem. People's Rep.",PRK,1992,23.39857241800457,34879305.04928218,92.07270386672076,11.7574561422409,False
"Korea, Dem. People's Rep.",PRK,1993,23.39857241800457,34879305.04928218,91.645839846845,11.72638558574764,False
"Korea, Dem. People's Rep.",PRK,1994,23.39857241800457,34879305.04928218,90.63304280114812,8.705738893414665,False
"Korea, Dem. People's Rep.",PRK,1995,23.39857241800457,34879305.04928218,89.86275169789022,8.913864188209189,False
"Korea, Dem. People's Rep.",PRK,1996,23.39857241800457,34879305.04928218,89.17157541901199,7.729251329167773,False
"Korea, Dem. People's Rep.",PRK,1997,23.39857241800457,34879305.04928218,89.6785445034719,5.818318123570013,False
"Korea, Dem. People's Rep.",PRK,1998,23.39857241800457,34879305.04928218,89.13740558819346,8.018696810617676,False
"Korea, Dem. People's Rep.",PRK,1999,23.39857241800457,34879305.04928218,89.76578053963841,4.244125096012112,False
"Korea, Dem. People's Rep.",PRK,2000,23.39857241800457,34879305.04928218,90.45478270301298,4.890322080464403,False
"Korea, Dem. People's Rep.",PRK,2001,23.39857241800457,34879305.04928218,90.56708569337904,5.856039135629762,False
"Korea, Dem. People's Rep.",PRK,2002,23.39857241800457,34879305.04928218,90.12485774618324,5.214662140139255,False
"Korea, Dem. People's Rep.",PRK,2003,23.39857241800457,34879305.04928218,89.837073413246,3.800645862947342,False
"Korea, Dem. People's Rep.",PRK,2004,23.39857241800457,34879305.04928218,89.70147600438924,1.228527282091663,False
"Korea, Dem. People's Rep.",PRK,2005,23.39857241800457,34879305.04928218,89.81574622098626,-3.303969935821423,False
"Korea, Dem. People's Rep.",PRK,2006,0.6972035984,34879305.04928218,90.08883200819142,-3.310634373850074,False
"Korea, Dem. People's Rep.",PRK,2007,1.1338416618,34879305.04928218,87.98852679312905,-7.631657574836378,False
"Korea, Dem. People's Rep.",PRK,2008,0.8881447573,34879305.04928218,88.73857547976229,-3.285106302354824,False
"Korea, Dem. People's Rep.",PRK,2009,0.8881447573,34879305.04928218,69.66823239470038,-4.768729979191311,False
"Korea, Dem. People's Rep.",PRK,2010,0.8881447573,34879305.04928218,66.88670718790391,-10.27569559141152,False
"Korea, Dem. People's Rep.",PRK,2011,0.8881447573,34879305.04928218,62.94650195507102,-43.42169741497875,False
"Korea, Dem. People's Rep.",PRK,2012,0.8881447573,34879305.04928218,66.67090694860183,-43.39336597400002,False
"Korea, Dem. People's Rep.",PRK,2013,23.39857241800457,34879305.04928218,58.36890022190543,-86.1078057429788,False
"Korea, Dem. People's Rep.",PRK,2014,23.39857241800457,34879305.04928218,61.63431812793162,-74.24931683649463,False
"Korea, Dem. People's Rep.",PRK,2015,23.39857241800457,34879305.04928218,56.00403501507964,-115.3193482770027,False
"Korea, Dem. People's Rep.",PRK,2016,23.39857241800457,34879305.04928218,0.0,-118.5200992533296,False
"Korea, Dem. People's Rep.",PRK,2017,23.39857241800457,34879305.04928218,0.0,-1.002365375240004,False
"Korea, Dem. People's Rep.",PRK,2018,23.39857241800457,34879305.04928218,0.0,5.530434416734471,False
"Korea, Dem. People's Rep.",PRK,2019,23.39857241800457,34879305.04928218,0.0,5.590783567343673,False
"Korea, Dem. People's Rep.",PRK,2020,23.39857241800457,34879305.04928218,0.0,5.60758002612327,False
"Korea, Dem. People's Rep.",PRK,2021,23.39857241800457,34879305.04928218,0.0,5.137165025821804,False
"Korea, Dem. People's Rep.",PRK,2022,23.39857241800457,34879305.04928218,0.0,4.895320807521151,False
"Korea, Dem. People's Rep.",PRK,2023,23.39857241800457,34879305.04928218,0.0,-37.96310870035779,False
"Korea, Rep.",KOR,1990,23.39857241800457,34879305.04928218,86.96269957168113,76.6311656680065,False
"Korea, Rep.",KOR,1991,23.39857241800457,34879305.04928218,86.08110322928701,81.26082147654675,False
"Korea, Rep.",KOR,1992,23.39857241800457,34879305.04928218,85.43995377527516,85.95868532640068,False
"Korea, Rep.",KOR,1993,23.39857241800457,34879305.04928218,86.59458703998042,87.87191733333746,False
"Korea, Rep.",KOR,1994,23.39857241800457,34879305.04928218,87.42319403598073,92.42054547564624,False
"Korea, Rep.",KOR,1995,23.39857241800457,34879305.04928218,86.4330652697906,90.70533685172308,False
"Korea, Rep.",KOR,1996,23.39857241800457,34879305.04928218,86.91624156854895,92.70207191206585,False
"Korea, Rep.",KOR,1997,23.39857241800457,34879305.04928218,88.77174324017338,93.38628169463384,False
"Korea, Rep.",KOR,1998,23.39857241800457,34879305.04928218,84.23393259939218,89.38356494320662,False
"Korea, Rep.",KOR,1999,23.39857241800457,34879305.04928218,84.57299835842393,88.44823308825026,False
"Korea, Rep.",KOR,2000,23.39857241800457,34879305.04928218,85.03741100392661,88.86269656987609,False
"Korea, Rep.",KOR,2001,23.39857241800457,34879305.04928218,86.10461243558366,87.8727448945928,False
"Korea, Rep.",KOR,2002,23.39857241800457,34879305.04928218,85.00048089643941,86.5041194029852,False
"Korea, Rep.",KOR,2003,23.39857241800457,34879305.04928218,84.12139770776606,87.34228982452795,False
"Korea, Rep.",KOR,2004,23.39857241800457,34879305.04928218,83.98678647660716,87.72249009598607,False
"Korea, Rep.",KOR,2005,23.39857241800457,34879305.04928218,81.35112946932598,83.43720308974072,False
"Korea, Rep.",KOR,2006,69.1184431583,34879305.04928218,81.93945407965842,86.80883648894063,False
"Korea, Rep.",KOR,2007,72.6842639641,34879305.04928218,83.22312044178395,85.36244593230798,False
"Korea, Rep.",KOR,2008,71.9001710119,34879305.04928218,83.27027416273627,85.59835655774764,False
"Korea, Rep.",KOR,2009,73.1873120662,34879305.04928218,83.30513000504496,86.26639971669724,False
"Korea, Rep.",KOR,2010,85.4194919545,19202172.0,84.9772705251785,88.08062546212012,False
"Korea, Rep.",KOR,2011,89.7127316751,21610491.0,84.38952578176178,87.23054052077694,False
"Korea, Rep.",KOR,2012,90.4608300704,22559272.0,85.26135351364488,86.54668288500832,False
"Korea, Rep.",KOR,2013,94.3610839325,23463109.0,86.19853471256597,88.08018499236461,False
"Korea, Rep.",KOR,2014,93.0412812348,24798794.0,84.83767701685899,86.8693911585965,False
"Korea, Rep.",KOR,2015,95.5424143311,25477299.0,83.72495451118283,86.73006281079772,False
"Korea, Rep.",KOR,2016,96.9975096315,25945418.0,0.0,86.93763209287712,False
"Korea, Rep.",KOR,2017,101.0652427361,27420698.0,0.0,88.47103664642898,False
"Korea, Rep.",KOR,2018,103.0228698375,28874930.0,0.0,89.46976789968359,False
"Korea, Rep.",KOR,2019,108.5679373102,28959959.0,0.0,88.15629907601593,False
"Korea, Rep.",KOR,2020,108.54693534,28834192.0,0.0,84.51774110904914,False
"Korea, Rep.",KOR,2021,111.2528687777,29786900.0,0.0,84.90352629858745,False
"Korea, Rep.",KOR,2022,23.39857241800457,28502044.0,0.0,85.49978549612153,False
"Korea, Rep.",KOR,2023,23.39857241800457,30003141.0,0.0,84.60009119863925,False
"Korea, Rep.",KOR,2024,23.39857241800457,31850924.0,0.0,-37.96310870035779,False
Kosovo,XKX,2000,23.39857241800457,34879305.04928218,83.92267428874783,-37.96310870035779,False
Kosovo,XKX,2001,23.39857241800457,34879305.04928218,86.39372468677597,-37.96310870035779,False
Kosovo,XKX,2002,23.39857241800457,34879305.04928218,86.27717104290332,-37.96310870035779,False
Kosovo,XKX,2003,23.39857241800457,34879305.04928218,86.95110426235033,-37.96310870035779,False
Kosovo,XKX,2004,23.39857241800457,34879305.04928218,86.76230642799958,-37.96310870035779,False
Kosovo,XKX,2005,23.39857241800457,34879305.04928218,87.20963160429261,-37.96310870035779,False
Kosovo,XKX,2006,23.39857241800457,34879305.04928218,87.30212011079136,-37.96310870035779,False
Kosovo,XKX,2007,23.39857241800457,34879305.04928218,88.08794968770006,-37.96310870035779,False
Kosovo,XKX,2008,23.39857241800457,34879305.04928218,87.57461411473567,-37.96310870035779,False
Kosovo,XKX,2009,23.39857241800457,34879305.04928218,88.18078595659829,-37.96310870035779,False
Kosovo,XKX,2010,23.39857241800457,34879305.04928218,88.37101081685341,-37.96310870035779,False
Kosovo,XKX,2011,23.39857241800457,34879305.04928218,88.6430812659121,-37.96310870035779,False
Kosovo,XKX,2012,23.39857241800457,34879305.04928218,88.63153031715788,-37.96310870035779,False
Kosovo,XKX,2013,23.39857241800457,34879305.04928218,90.2107913104522,-37.96310870035779,False
Kosovo,XKX,2014,23.39857241800457,34879305.04928218,86.12158200474131,-37.96310870035779,False
Kuwait,KWT,1990,23.39857241800457,34879305.04928218,49.53885920745446,-457.3981135715554,False
Kuwait,KWT,1991,23.39857241800457,34879305.04928218,49.53885920745446,-291.3082282227591,False
Kuwait,KWT,1992,23.39857241800457,34879305.04928218,49.53885920745446,-577.5939069665864,False
Kuwait,KWT,1993,23.39857241800457,34879305.04928218,49.53885920745446,-767.259610884013,False
Kuwait,KWT,1994,23.39857241800457,34879305.04928218,49.53885920745446,-687.5531732604001,False
Kuwait,KWT,1995,23.39857241800457,34879305.04928218,49.53885920745446,-674.4726234982259,False
Kuwait,KWT,1996,23.39857241800457,34879305.04928218,49.53885920745446,-689.1793986941921,False
Kuwait,KWT,1997,23.39857241800457,34879305.04928218,49.53885920745446,-679.8375025328968,False
Kuwait,KWT,1998,23.39857241800457,34879305.04928218,49.53885920745446,-597.2886229673635,False
Kuwait,KWT,1999,23.39857241800457,34879305.04928218,49.53885920745446,-497.2174306062571,False
Kuwait,KWT,2000,23.39857241800457,34879305.04928218,49.53885920745446,-513.18094649729,False
Kuwait,KWT,2001,23.39857241800457,34879305.04928218,49.53885920745446,-462.5712879599331,False
Kuwait,KWT,2002,23.39857241800457,34879305.04928218,49.53885920745446,-401.2564686103743,False
Kuwait,KWT,2003,23.39857241800457,34879305.04928218,49.53885920745446,-460.6547148157641,False
Kuwait,KWT,2004,23.39857241800457,34879305.04928218,98.73050361099838,-452.2435916844804,False
Kuwait,KWT,2005,23.39857241800457,673472.0,97.7546735285634,-37.96310870035779,False
Kuwait,KWT,2006,10.7357903988,750000.0,49.53885920745446,-37.96310870035779,False
Kuwait,KWT,2007,10.9547507296,900000.0,49.53885920745446,-37.96310870035779,False
Kuwait,KWT,2008,13.4903376569,961684.0,49.53885920745446,-37.96310870035779,False
Kuwait,KWT,2009,11.1760181512,854044.0,49.53885920745446,-341.3371297629143,False
Kuwait,KWT,2010,8.6726547181,815532.0,96.35154621367364,-308.0215637677051,False
Kuwait,KWT,2011,9.3402499183,810248.0,94.22809053398171,-370.7452595275745,False
Kuwait,KWT,2012,11.2382036199,824196.0,98.94794496985764,-397.6421056678856,False
Kuwait,KWT,2013,10.2624647062,840149.0,98.2687466902093,-399.2857580688304,False
Kuwait,KWT,2014,11.2769300439,904049.0,99.61095523041249,-427.5232111939074,False
Kuwait,KWT,2015,10.534557263,984815.0,-48.81496157392898,-356.9592795514468,False
Kuwait,KWT,2016,9.9836708906,944432.0,0.0,-357.4311302782869,False
Kuwait,KWT,2017,12.8016919755,964623.5,0.0,-316.1917008557163,False
Kuwait,KWT,2018,11.7004154121,954527.75,0.0,-301.7731368495321,False
Kuwait,KWT,2019,11.5408750931,959575.625,0.0,-338.0216550448303,False
Kuwait,KWT,2020,11.2828322066,863618.0,0.0,-295.7730924984752,False
Kuwait,KWT,2021,10.2288898332,34879305.04928218,0.0,-309.0691930407558,False
Kuwait,KWT,2022,23.39857241800457,34879305.04928218,0.0,-283.0966245918691,False
Kuwait,KWT,2023,23.39857241800457,34879305.04928218,0.0,-37.96310870035779,False
Kyrgyz Republic,KGZ,1990,23.39857241800457,34879305.04928218,93.51989755650756,67.76180829172573,False
Kyrgyz Republic,KGZ,1991,23.39857241800457,34879305.04928218,92.62211063865568,65.1820964847461,False
Kyrgyz Republic,KGZ,1992,23.39857241800457,34879305.04928218,87.77401445262892,64.73322205594563,False
Kyrgyz Republic,KGZ,1993,23.39857241800457,34879305.04928218,81.99750048317982,59.64727153797273,False
Kyrgyz Republic,KGZ,1994,23.39857241800457,34879305.04928218,71.0888163737679,48.00670131291015,False
Kyrgyz Republic,KGZ,1995,23.39857241800457,34879305.04928218,64.67306197030605,52.70781991945649,False
Kyrgyz Republic,KGZ,1996,23.39857241800457,34879305.04928218,68.0873082136474,56.96280383222769,False
Kyrgyz Republic,KGZ,1997,23.39857241800457,34879305.04928218,69.2442511434269,48.00372086169261,False
Kyrgyz Republic,KGZ,1998,23.39857241800457,34879305.04928218,70.77703996539512,61.64366970889725,False
Kyrgyz Republic,KGZ,1999,23.39857241800457,34879305.04928218,63.08171413692295,45.98188208504553,False
Kyrgyz Republic,KGZ,2000,23.39857241800457,34879305.04928218,62.78371458236654,40.55601907646033,False
Kyrgyz Republic,KGZ,2001,23.39857241800457,34879305.04928218,60.34155619480212,38.17386004764825,False
Kyrgyz Republic,KGZ,2002,23.39857241800457,34879305.04928218,65.88615433710592,53.87262829868659,False
Kyrgyz Republic,KGZ,2003,23.39857241800457,34879305.04928218,65.049721153845,49.5988958055432,False
Kyrgyz Republic,KGZ,2004,23.39857241800457,34879305.04928218,67.11899811668187,49.65510112021645,False
Kyrgyz Republic,KGZ,2005,23.39857241800457,34879305.04928218,66.02251675683583,53.86000241279132,False
Kyrgyz Republic,KGZ,2006,23.39857241800457,34879305.04928218,66.5902413683196,60.86444081955921,False
Kyrgyz Republic,KGZ,2007,23.39857241800457,34879305.04928218,70.29155071324492,62.93708555717294,False
Kyrgyz Republic,KGZ,2008,23.39857241800457,34879305.04928218,74.4087264586456,74.60363064500271,False
Kyrgyz Republic,KGZ,2009,23.39857241800457,34879305.04928218,72.98706947765768,70.28915902090043,False
Kyrgyz Republic,KGZ,2010,23.39857241800457,34879305.04928218,70.5191504385153,64.8032964649748,False
Kyrgyz Republic,KGZ,2011,23.39857241800457,34879305.04928218,70.10334273262403,50.67824982682978,False
Kyrgyz Republic,KGZ,2012,23.39857241800457,34879305.04928218,73.87067907712982,60.57641749822334,False
Kyrgyz Republic,KGZ,2013,23.39857241800457,34879305.04928218,73.17187219419378,57.60443804211248,False
Kyrgyz Republic,KGZ,2014,23.39857241800457,34879305.04928218,70.14086095652367,54.10189831222149,False
Kyrgyz Republic,KGZ,2015,23.39857241800457,34879305.04928218,66.61526518961026,64.6862607464469,False
Kyrgyz Republic,KGZ,2016,23.39857241800457,34879305.04928218,0.0,52.82668219493753,False
Kyrgyz Republic,KGZ,2017,23.39857241800457,34879305.04928218,0.0,48.95522758894851,False
Kyrgyz Republic,KGZ,2018,23.39857241800457,34879305.04928218,0.0,48.16193236917567,False
Kyrgyz Republic,KGZ,2019,23.39857241800457,34879305.04928218,0.0,38.86247756688333,False
Kyrgyz Republic,KGZ,2020,23.39857241800457,34879305.04928218,0.0,40.24514230504489,False
Kyrgyz Republic,KGZ,2021,23.39857241800457,34879305.04928218,0.0,40.6142306319589,False
Kyrgyz Republic,KGZ,2022,23.39857241800457,34879305.04928218,0.0,33.78156703066863,False
Kyrgyz Republic,KGZ,2023,23.39857241800457,34879305.04928218,0.0,-37.96310870035779,False
Lao PDR,LAO,2000,23.39857241800457,34879305.04928218,0.0,2.367512630190999,False
Lao PDR,LAO,2001,23.39857241800457,34879305.04928218,0.0,3.351994897597627,False
Lao PDR,LAO,2002,23.39857241800457,34879305.04928218,0.0,4.038246924126128,False
Lao PDR,LAO,2003,23.39857241800457,34879305.04928218,0.0,6.843938969204322,False
Lao PDR,LAO,2004,23.39857241800457,34879305.04928218,0.0,6.243364321412888,False
Lao PDR,LAO,2005,23.39857241800457,34879305.04928218,0.0,6.427247219160269,False
Lao PDR,LAO,2006,23.39857241800457,34879305.04928218,0.0,11.83423134242811,False
Lao PDR,LAO,2007,23.39857241800457,34879305.04928218,0.0,14.38527202248478,False
Lao PDR,LAO,2008,23.39857241800457,34879305.04928218,0.0,14.2526979276096,False
Lao PDR,LAO,2009,23.39857241800457,34879305.04928218,0.0,18.98713431123499,False
Lao PDR,LAO,2010,23.39857241800457,34879305.04928218,0.0,3.406673285582614,False
Lao PDR,LAO,2011,23.39857241800457,34879305.04928218,0.0,-9.577208136947537,False
Lao PDR,LAO,2012,23.39857241800457,34879305.04928218,0.0,-5.810014978213633,False
Lao PDR,LAO,2013,23.39857241800457,34879305.04928218,0.0,-8.675828669997694,False
Lao PDR,LAO,2014,23.39857241800457,34879305.04928218,0.0,-5.31219136642522,False
Lao PDR,LAO,2015,23.39857241800457,34879305.04928218,0.0,3.854158771985978,False
Lao PDR,LAO,2016,23.39857241800457,34879305.04928218,0.0,-10.49656639375061,False
Lao PDR,LAO,2017,23.39857241800457,34879305.04928218,0.0,-18.44408672468425,False
Lao PDR,LAO,2018,23.39857241800457,34879305.04928218,0.0,-21.79289411862528,False
Lao PDR,LAO,2019,23.39857241800457,34879305.04928218,0.0,-20.58859491936342,False
Lao PDR,LAO,2020,23.39857241800457,34879305.04928218,0.0,-39.7255387067333,False
Lao PDR,LAO,2021,23.39857241800457,34879305.04928218,0.0,-46.22362218599943,False
Lao PDR,LAO,2022,23.39857241800457,34879305.04928218,0.0,-49.02135610697825,False
Lao PDR,LAO,2023,23.39857241800457,34879305.04928218,0.0,-37.96310870035779,False
Late-demographic dividend,LTE,1960,23.39857241800457,34879305.04928218,96.02612608686673,-37.96310870035779,True
Late-demographic dividend,LTE,1961,23.39857241800457,34879305.04928218,96.20098474203424,-37.96310870035779,True
Late-demographic dividend,LTE,1962,23.39857241800457,34879305.04928218,96.38701005026452,-37.96310870035779,True
Late-demographic dividend,LTE,1963,23.39857241800457,34879305.04928218,96.4304414235214,-37.96310870035779,True
Late-demographic dividend,LTE,1964,23.39857241800457,34879305.04928218,96.56313379476444,-37.96310870035779,True
Late-demographic dividend,LTE,1965,23.39857241800457,34879305.04928218,96.92506310108833,-37.96310870035779,True
Late-demographic dividend,LTE,1966,23.39857241800457,34879305.04928218,96.67282032327556,-37.96310870035779,True
Late-demographic dividend,LTE,1967,23.39857241800457,34879305.04928218,96.51037089654052,-37.96310870035779,True
Late-demographic dividend,LTE,1968,23.39857241800457,34879305.04928218,96.1321332963914,-37.96310870035779,True
Late-demographic dividend,LTE,1969,23.39857241800457,34879305.04928218,96.30037291677785,-37.96310870035779,True
Late-demographic dividend,LTE,1970,23.39857241800457,34879305.04928218,96.7209182017878,-37.96310870035779,True
Late-demographic dividend,LTE,1971,23.39857241800457,34879305.04928218,67.3717667397146,-37.96310870035779,True
Late-demographic dividend,LTE,1972,23.39857241800457,34879305.04928218,68.04089220555336,-37.96310870035779,True
Late-demographic dividend,LTE,1973,23.39857241800457,34879305.04928218,68.9197897983529,-37.96310870035779,True
Late-demographic dividend,LTE,1974,23.39857241800457,34879305.04928218,69.06654592443003,-37.96310870035779,True
Late-demographic dividend,LTE,1975,23.39857241800457,34879305.04928218,70.52788868942011,-37.96310870035779,True
Late-demographic dividend,LTE,1976,23.39857241800457,34879305.04928218,71.23868231959652,-37.96310870035779,True
Late-demographic dividend,LTE,1977,23.39857241800457,34879305.04928218,72.59808157993585,-37.96310870035779,True
Late-demographic dividend,LTE,1978,23.39857241800457,34879305.04928218,74.32016738980121,-37.96310870035779,True
Late-demographic dividend,LTE,1979,23.39857241800457,34879305.04928218,74.32428350082994,-37.96310870035779,True
Late-demographic dividend,LTE,1980,23.39857241800457,34879305.04928218,74.01266432940683,-37.96310870035779,True
Late-demographic dividend,LTE,1981,23.39857241800457,34879305.04928218,72.91328295755162,-37.96310870035779,True
Late-demographic dividend,LTE,1982,23.39857241800457,34879305.04928218,73.2510808579249,-37.96310870035779,True
Late-demographic dividend,LTE,1983,23.39857241800457,34879305.04928218,73.73706645393038,-37.96310870035779,True
Late-demographic dividend,LTE,1984,23.39857241800457,34879305.04928218,74.09202379228672,-37.96310870035779,True
Late-demographic dividend,LTE,1985,23.39857241800457,34879305.04928218,73.8400588003076,-37.96310870035779,True
Late-demographic dividend,LTE,1986,23.39857241800457,34879305.04928218,74.55205165634986,-37.96310870035779,True
Late-demographic dividend,LTE,1987,23.39857241800457,34879305.04928218,75.11264413359297,-37.96310870035779,True
Late-demographic dividend,LTE,1988,23.39857241800457,34879305.04928218,75.69902925757397,-37.96310870035779,True
Late-demographic dividend,LTE,1989,23.39857241800457,34879305.04928218,75.57895999803388,-37.96310870035779,True
Late-demographic dividend,LTE,1990,23.39857241800457,34879305.04928218,82.70567800974098,-21.01888252098217,True
Late-demographic dividend,LTE,1991,23.39857241800457,34879305.04928218,82.47555882611533,-18.6536560415899,True
Late-demographic dividend,LTE,1992,23.39857241800457,34879305.04928218,82.14683370595378,-20.30310141020189,True
Late-demographic dividend,LTE,1993,23.39857241800457,34879305.04928218,81.92800231756762,-19.00810827540502,True
Late-demographic dividend,LTE,1994,23.39857241800457,34879305.04928218,81.16380319679533,-22.31984307441792,True
Late-demographic dividend,LTE,1995,23.39857241800457,34879305.04928218,81.52906489848978,-21.68314629874222,True
Late-demographic dividend,LTE,1996,23.39857241800457,34879305.04928218,82.04352460384472,-21.84198984882794,True
Late-demographic dividend,LTE,1997,23.39857241800457,34879305.04928218,81.45313206350278,-22.17819235565924,True
Late-demographic dividend,LTE,1998,23.39857241800457,34879305.04928218,81.50651421537115,-24.10206344294306,True
Late-demographic dividend,LTE,1999,23.39857241800457,34879305.04928218,81.45838502837553,-24.08260838798108,True
Late-demographic dividend,LTE,2000,23.39857241800457,34879305.04928218,81.75560276875889,-24.75692216563072,True
Late-demographic dividend,LTE,2001,23.39857241800457,34879305.04928218,82.43040821612803,-25.39019487340967,True
Late-demographic dividend,LTE,2002,23.39857241800457,34879305.04928218,82.77385828239146,-24.80489992281782,True
Late-demographic dividend,LTE,2003,23.39857241800457,34879305.04928218,83.78635650635465,-23.61231050249729,True
Late-demographic dividend,LTE,2004,23.39857241800457,34879305.04928218,84.66937889567423,-24.13834422481672,True
Late-demographic dividend,LTE,2005,23.39857241800457,34879305.04928218,85.62767453774275,-21.15883245420432,True
Late-demographic dividend,LTE,2006,23.39857241800457,34879305.04928218,85.78463522013642,-19.49738439526953,True
Late-demographic dividend,LTE,2007,23.39857241800457,34879305.04928218,86.25476088478912,-17.83886669444426,True
Late-demographic dividend,LTE,2008,23.39857241800457,34879305.04928218,86.5933413181276,-16.78743118438758,True
Late-demographic dividend,LTE,2009,23.39857241800457,34879305.04928218,86.70011888564174,-17.79691796649211,True
Late-demographic dividend,LTE,2010,23.39857241800457,224169761.55,86.95809109365493,-16.41346211928503,True
Late-demographic dividend,LTE,2011,23.39857241800457,247749762.87,88.04605216684801,-15.52984795150502,True
Late-demographic dividend,LTE,2012,23.39857241800457,267071765.687,88.17522493179521,-14.53573663643387,True
Late-demographic dividend,LTE,2013,23.39857241800457,281549396.614,87.77206412274582,-13.42858932092106,True
Late-demographic dividend,LTE,2014,23.39857241800457,299141043.214,86.60222631488318,-12.45145594903089,True
Late-demographic dividend,LTE,2015,23.39857241800457,309739375.1142,61.27217571190821,-13.54897702876532,True
Late-demographic dividend,LTE,2016,23.39857241800457,318794804.0142,0.0,-12.75428368118643,True
Late-demographic dividend,LTE,2017,23.39857241800457,338366276.1141999,0.0,-11.33817694064918,True
Late-demographic dividend,LTE,2018,23.39857241800457,355397953.4642,0.0,-9.542603601333669,True
Late-demographic dividend,LTE,2019,23.39857241800457,370408579.425,0.0,-8.511080094169976,True
Late-demographic dividend,LTE,2020,23.39857241800457,372905989.0,0.0,-6.147857889101648,True
Late-demographic dividend,LTE,2021,23.39857241800457,400524483.0,0.0,-5.001417676528997,True
Late-demographic dividend,LTE,2022,23.39857241800457,411204006.0,0.0,-4.944994021877481,True
Late-demographic dividend,LTE,2023,23.39857241800457,424378890.0,0.0,19.36969556074599,True
Late-demographic dividend,LTE,2024,23.39857241800457,460766564.0,0.0,-37.96310870035779,True
Latin America & Caribbean,LCN,1971,23.39857241800457,34879305.04928218,67.97081924402616,-37.96310870035779,True
Latin America & Caribbean,LCN,1972,23.39857241800457,34879305.04928218,68.28538526620834,-37.96310870035779,True
Latin America & Caribbean,LCN,1973,23.39857241800457,34879305.04928218,69.97026739507396,-37.96310870035779,True
Latin America & Caribbean,LCN,1974,23.39857241800457,34879305.04928218,70.46069273147789,-37.96310870035779,True
Latin America & Caribbean,LCN,1975,23.39857241800457,34879305.04928218,70.52809927192287,-37.96310870035779,True
Latin America & Caribbean,LCN,1976,23.39857241800457,34879305.04928218,71.4166668740475,-37.96310870035779,True
Latin America & Caribbean,LCN,1977,23.39857241800457,34879305.04928218,71.95304176206281,-37.96310870035779,True
Latin America & Caribbean,LCN,1978,23.39857241800457,34879305.04928218,73.12634078398408,-37.96310870035779,True
Latin America & Caribbean,LCN,1979,23.39857241800457,34879305.04928218,73.04884095813368,-37.96310870035779,True
Latin America & Caribbean,LCN,1980,23.39857241800457,34879305.04928218,73.63076938102262,-37.96310870035779,True
Latin America & Caribbean,LCN,1981,23.39857241800457,34879305.04928218,73.56061642318782,-37.96310870035779,True
Latin America & Caribbean,LCN,1982,23.39857241800457,34879305.04928218,73.3555070058241,-37.96310870035779,True
Latin America & Caribbean,LCN,1983,23.39857241800457,34879305.04928218,71.89404632744005,-37.96310870035779,True
Latin America & Caribbean,LCN,1984,23.39857241800457,34879305.04928218,70.89654901558092,-37.96310870035779,True
Latin America & Caribbean,LCN,1985,23.39857241800457,34879305.04928218,70.3894048036109,-37.96310870035779,True
Latin America & Caribbean,LCN,1986,23.39857241800457,34879305.04928218,70.64157416252279,-37.96310870035779,True
Latin America & Caribbean,LCN,1987,23.39857241800457,34879305.04928218,70.35065218014262,-37.96310870035779,True
Latin America & Caribbean,LCN,1988,23.39857241800457,34879305.04928218,70.74417252013534,-37.96310870035779,True
Latin America & Caribbean,LCN,1989,23.39857241800457,34879305.04928218,70.84407394858553,-37.96310870035779,True
Latin America & Caribbean,LCN,1990,23.39857241800457,34879305.04928218,70.90931132641155,-36.03918909035811,True
Latin America & Caribbean,LCN,1991,23.39857241800457,34879305.04928218,71.3880303133027,-13.86538640812464,True
Latin America & Caribbean,LCN,1992,23.39857241800457,34879305.04928218,72.05908656945839,-12.62785483748699,True
Latin America & Caribbean,LCN,1993,23.39857241800457,34879305.04928218,71.49582134828557,-12.57481016357267,True
Latin America & Caribbean,LCN,1994,23.39857241800457,34879305.04928218,71.92858500258944,-11.11110954611077,True
Latin America & Caribbean,LCN,1995,23.39857241800457,34879305.04928218,71.79866518134284,-12.74634331113975,True
Latin America & Caribbean,LCN,1996,23.39857241800457,34879305.04928218,72.85848532875958,-43.1588396444744,True
Latin America & Caribbean,LCN,1997,23.39857241800457,34879305.04928218,73.22003840405094,-13.5595085302316,True
Latin America & Caribbean,LCN,1998,23.39857241800457,34879305.04928218,73.71646237568635,-43.30629963381154,True
Latin America & Caribbean,LCN,1999,23.39857241800457,34879305.04928218,72.5866661984323,-38.98665963705262,True
Latin America & Caribbean,LCN,2000,23.39857241800457,34879305.04928218,73.15566178589728,-41.18996338407937,True
Latin America & Caribbean,LCN,2001,23.39857241800457,34879305.04928218,74.42757991659128,-44.2116950612157,True
Latin America & Caribbean,LCN,2002,23.39857241800457,34879305.04928218,72.50668730354201,-40.22254185024174,True
Latin America & Caribbean,LCN,2003,23.39857241800457,34879305.04928218,71.55373809000656,-41.60414712008404,True
Latin America & Caribbean,LCN,2004,23.39857241800457,34879305.04928218,71.2613233385116,-43.2899114756314,True
Latin America & Caribbean,LCN,2005,23.39857241800457,34879305.04928218,71.89612682269306,-43.53618800481728,True
Latin America & Caribbean,LCN,2006,23.39857241800457,34879305.04928218,71.99460761947388,-40.45478609558247,True
Latin America & Caribbean,LCN,2007,23.39857241800457,34879305.04928218,70.46792076720924,-34.76236545385198,True
Latin America & Caribbean,LCN,2008,23.39857241800457,34879305.04928218,71.51182645185146,-32.09202229373411,True
Latin America & Caribbean,LCN,2009,23.39857241800457,34879305.04928218,72.63105803299483,-32.08524993490182,True
Latin America & Caribbean,LCN,2010,23.39857241800457,38765830.97,71.75702364392856,-27.70595709656803,True
Latin America & Caribbean,LCN,2011,23.39857241800457,43655833.92,72.40684956078712,-27.53119195292554,True
Latin America & Caribbean,LCN,2012,23.39857241800457,46120695.4,74.53957755916112,-23.5769963137994,True
Latin America & Caribbean,LCN,2013,23.39857241800457,46701397.4,72.25119788835639,-19.10839621458639,True
Latin America & Caribbean,LCN,2014,23.39857241800457,47014004.4,74.43676081817969,-20.31980856876589,True
Latin America & Caribbean,LCN,2015,23.39857241800457,47907364.88,44.16427326576764,-18.27047223500887,True
Latin America & Caribbean,LCN,2016,23.39857241800457,46771094.78,0.0,-18.05037796267849,True
Latin America & Caribbean,LCN,2017,23.39857241800457,49946626.42,0.0,-17.04843866311304,True
Latin America & Caribbean,LCN,2018,23.39857241800457,53572052.86,0.0,-12.68210062200151,True
Latin America & Caribbean,LCN,2019,23.39857241800457,54038532.72,0.0,-8.121334022012636,True
Latin America & Caribbean,LCN,2020,23.39857241800457,52894527.625,0.0,-12.20473979483493,True
Latin America & Caribbean,LCN,2021,23.39857241800457,59129924.0,0.0,-3.667751448337504,True
Latin America & Caribbean,LCN,2022,23.39857241800457,58521490.0,0.0,-2.849114609786616,True
Latin America & Caribbean,LCN,2023,23.39857241800457,58606519.0,0.0,-4.960396766407089,True
Latin America & Caribbean,LCN,2024,23.39857241800457,63967895.0,0.0,-37.96310870035779,True
Latin America & Caribbean (excluding high income),LAC,1971,23.39857241800457,34879305.04928218,66.16009010519157,-37.96310870035779,True
Latin America & Caribbean (excluding high income),LAC,1972,23.39857241800457,34879305.04928218,67.30421438371765,-37.96310870035779,True
Latin America & Caribbean (excluding high income),LAC,1973,23.39857241800457,34879305.04928218,69.20124663691311,-37.96310870035779,True
Latin America & Caribbean (excluding high income),LAC,1974,23.39857241800457,34879305.04928218,69.84665486020442,-37.96310870035779,True
Latin America & Caribbean (excluding high income),LAC,1975,23.39857241800457,34879305.04928218,70.09612814116372,-37.96310870035779,True
Latin America & Caribbean (excluding high income),LAC,1976,23.39857241800457,34879305.04928218,71.03256979920685,-37.96310870035779,True
Latin America & Caribbean (excluding high income),LAC,1977,23.39857241800457,34879305.04928218,71.60412517234347,-37.96310870035779,True
Latin America & Caribbean (excluding high income),LAC,1978,23.39857241800457,34879305.04928218,72.5265396622078,-37.96310870035779,True
Latin America & Caribbean (excluding high income),LAC,1979,23.39857241800457,34879305.04928218,72.72231207513852,-37.96310870035779,True
Latin America & Caribbean (excluding high income),LAC,1980,23.39857241800457,34879305.04928218,73.42870817136125,-37.96310870035779,True
Latin America & Caribbean (excluding high income),LAC,1981,23.39857241800457,34879305.04928218,73.37402631708086,-37.96310870035779,True
Latin America & Caribbean (excluding high income),LAC,1982,23.39857241800457,34879305.04928218,73.26041290823274,-37.96310870035779,True
Latin America & Caribbean (excluding high income),LAC,1983,23.39857241800457,34879305.04928218,71.79376901718807,-37.96310870035779,True
Latin America & Caribbean (excluding high income),LAC,1984,23.39857241800457,34879305.04928218,70.53624638896919,-37.96310870035779,True
Latin America & Caribbean (excluding high income),LAC,1985,23.39857241800457,34879305.04928218,70.26953255984083,-37.96310870035779,True
Latin America & Caribbean (excluding high income),LAC,1986,23.39857241800457,34879305.04928218,70.54608050038738,-37.96310870035779,True
Latin America & Caribbean (excluding high income),LAC,1987,23.39857241800457,34879305.04928218,70.27960617789464,-37.96310870035779,True
Latin America & Caribbean (excluding high income),LAC,1988,23.39857241800457,34879305.04928218,70.5440110939762,-37.96310870035779,True
Latin America & Caribbean (excluding high income),LAC,1989,23.39857241800457,34879305.04928218,70.51645139910428,-37.96310870035779,True
Latin America & Caribbean (excluding high income),LAC,1990,23.39857241800457,34879305.04928218,70.87512739789996,-40.34519949736997,True
Latin America & Caribbean (excluding high income),LAC,1991,23.39857241800457,34879305.04928218,71.25897794408925,-17.28790238687174,True
Latin America & Caribbean (excluding high income),LAC,1992,23.39857241800457,34879305.04928218,72.00327204585898,-16.55140449123581,True
Latin America & Caribbean (excluding high income),LAC,1993,23.39857241800457,34879305.04928218,71.77128932219568,-16.36762956095421,True
Latin America & Caribbean (excluding high income),LAC,1994,23.39857241800457,34879305.04928218,72.16506370776666,-15.02930435221308,True
Latin America & Caribbean (excluding high income),LAC,1995,23.39857241800457,34879305.04928218,71.99529553166008,-17.11403331050643,True
Latin America & Caribbean (excluding high income),LAC,1996,23.39857241800457,34879305.04928218,72.64279386466627,-50.03838502107691,True
Latin America & Caribbean (excluding high income),LAC,1997,23.39857241800457,34879305.04928218,73.0568985586834,-19.40520681029212,True
Latin America & Caribbean (excluding high income),LAC,1998,23.39857241800457,34879305.04928218,73.37876875823167,-51.20473155983725,True
Latin America & Caribbean (excluding high income),LAC,1999,23.39857241800457,34879305.04928218,72.00095599517216,-46.6664961412472,True
Latin America & Caribbean (excluding high income),LAC,2000,23.39857241800457,34879305.04928218,72.75008447344938,-48.62560734744739,True
Latin America & Caribbean (excluding high income),LAC,2001,23.39857241800457,34879305.04928218,74.13075763741998,-51.87714885610029,True
Latin America & Caribbean (excluding high income),LAC,2002,23.39857241800457,34879305.04928218,72.0723438525366,-46.98307871904389,True
Latin America & Caribbean (excluding high income),LAC,2003,23.39857241800457,34879305.04928218,70.92950719688992,-47.69435422864538,True
Latin America & Caribbean (excluding high income),LAC,2004,23.39857241800457,34879305.04928218,71.46243474306864,-49.71935316068611,True
Latin America & Caribbean (excluding high income),LAC,2005,23.39857241800457,34879305.04928218,71.4617726147538,-49.95649579900541,True
Latin America & Caribbean (excluding high income),LAC,2006,23.39857241800457,34879305.04928218,72.264030291506,-46.30393312600353,True
Latin America & Caribbean (excluding high income),LAC,2007,23.39857241800457,34879305.04928218,70.5585146334716,-40.3962769023347,True
Latin America & Caribbean (excluding high income),LAC,2008,23.39857241800457,34879305.04928218,71.51412728998758,-37.23308334146917,True
Latin America & Caribbean (excluding high income),LAC,2009,23.39857241800457,34879305.04928218,72.7898437128285,-37.01841064427694,True
Latin America & Caribbean (excluding high income),LAC,2010,23.39857241800457,24865134.0,71.71003644630353,-32.21825064267422,True
Latin America & Caribbean (excluding high income),LAC,2011,23.39857241800457,28086521.0,72.39276662691834,-32.8805058094216,True
Latin America & Caribbean (excluding high income),LAC,2012,23.39857241800457,30160903.0,74.35411147038899,-28.65743980408847,True
Latin America & Caribbean (excluding high income),LAC,2013,23.39857241800457,30514240.0,72.63033539359466,-23.54495833315569,True
Latin America & Caribbean (excluding high income),LAC,2014,23.39857241800457,30399760.0,74.02360079005521,-24.60812337849412,True
Latin America & Caribbean (excluding high income),LAC,2015,23.39857241800457,31231612.0,42.42619458319366,-22.86634857130978,True
Latin America & Caribbean (excluding high income),LAC,2016,23.39857241800457,30686072.0,0.0,-23.34883067140334,True
Latin America & Caribbean (excluding high income),LAC,2017,23.39857241800457,33025609.0,0.0,-22.23515465265662,True
Latin America & Caribbean (excluding high income),LAC,2018,23.39857241800457,36164557.0,0.0,-17.39213603061514,True
Latin America & Caribbean (excluding high income),LAC,2019,23.39857241800457,36159924.5,0.0,-12.43038634520993,True
Latin America & Caribbean (excluding high income),LAC,2020,23.39857241800457,35003318.25,0.0,-16.36226324983712,True
Latin America & Caribbean (excluding high income),LAC,2021,23.39857241800457,39676095.0,0.0,-7.831691562063098,True
Latin America & Caribbean (excluding high income),LAC,2022,23.39857241800457,39193430.0,0.0,-6.885197120360453,True
Latin America & Caribbean (excluding high income),LAC,2023,23.39857241800457,39525478.0,0.0,-9.721456143019289,True
Latin America & Caribbean (excluding high income),LAC,2024,23.39857241800457,44012266.0,0.0,-37.96310870035779,True
Latin America & the Caribbean (IDA & IBRD countries),TLA,1971,23.39857241800457,34879305.04928218,67.39110305584751,-37.96310870035779,True
Latin America & the Caribbean (IDA & IBRD countries),TLA,1972,23.39857241800457,34879305.04928218,68.3980219881049,-37.96310870035779,True
Latin America & the Caribbean (IDA & IBRD countries),TLA,1973,23.39857241800457,34879305.04928218,70.10514830173192,-37.96310870035779,True
Latin America & the Caribbean (IDA & IBRD countries),TLA,1974,23.39857241800457,34879305.04928218,70.57855461043275,-37.96310870035779,True
Latin America & the Caribbean (IDA & IBRD countries),TLA,1975,23.39857241800457,34879305.04928218,70.63774952792127,-37.96310870035779,True
Latin America & the Caribbean (IDA & IBRD countries),TLA,1976,23.39857241800457,34879305.04928218,71.49518447450325,-37.96310870035779,True
Latin America & the Caribbean (IDA & IBRD countries),TLA,1977,23.39857241800457,34879305.04928218,72.05117944970517,-37.96310870035779,True
Latin America & the Caribbean (IDA & IBRD countries),TLA,1978,23.39857241800457,34879305.04928218,73.019192638378,-37.96310870035779,True
Latin America & the Caribbean (IDA & IBRD countries),TLA,1979,23.39857241800457,34879305.04928218,73.23573164254562,-37.96310870035779,True
Latin America & the Caribbean (IDA & IBRD countries),TLA,1980,23.39857241800457,34879305.04928218,73.75268906156832,-37.96310870035779,True
Latin America & the Caribbean (IDA & IBRD countries),TLA,1981,23.39857241800457,34879305.04928218,73.73211123997277,-37.96310870035779,True
Latin America & the Caribbean (IDA & IBRD countries),TLA,1982,23.39857241800457,34879305.04928218,73.53322237579553,-37.96310870035779,True
Latin America & the Caribbean (IDA & IBRD countries),TLA,1983,23.39857241800457,34879305.04928218,71.93094454370815,-37.96310870035779,True
Latin America & the Caribbean (IDA & IBRD countries),TLA,1984,23.39857241800457,34879305.04928218,70.73506568007035,-37.96310870035779,True
Latin America & the Caribbean (IDA & IBRD countries),TLA,1985,23.39857241800457,34879305.04928218,70.3970638178013,-37.96310870035779,True
Latin America & the Caribbean (IDA & IBRD countries),TLA,1986,23.39857241800457,34879305.04928218,70.6938010631365,-37.96310870035779,True
Latin America & the Caribbean (IDA & IBRD countries),TLA,1987,23.39857241800457,34879305.04928218,70.35609659272568,-37.96310870035779,True
Latin America & the Caribbean (IDA & IBRD countries),TLA,1988,23.39857241800457,34879305.04928218,70.82216090867989,-37.96310870035779,True
Latin America & the Caribbean (IDA & IBRD countries),TLA,1989,23.39857241800457,34879305.04928218,70.99858407961524,-37.96310870035779,True
Latin America & the Caribbean (IDA & IBRD countries),TLA,1990,23.39857241800457,34879305.04928218,71.17331905735907,-36.76259771469356,True
Latin America & the Caribbean (IDA & IBRD countries),TLA,1991,23.39857241800457,34879305.04928218,71.57811233713112,-14.51005016633897,True
Latin America & the Caribbean (IDA & IBRD countries),TLA,1992,23.39857241800457,34879305.04928218,72.35524533264811,-13.41506663282269,True
Latin America & the Caribbean (IDA & IBRD countries),TLA,1993,23.39857241800457,34879305.04928218,71.59757502516547,-13.22135738367994,True
Latin America & the Caribbean (IDA & IBRD countries),TLA,1994,23.39857241800457,34879305.04928218,72.0097849876442,-11.68076515491446,True
Latin America & the Caribbean (IDA & IBRD countries),TLA,1995,23.39857241800457,34879305.04928218,71.75332472771284,-13.31860578469832,True
Latin America & the Caribbean (IDA & IBRD countries),TLA,1996,23.39857241800457,34879305.04928218,72.88083636054878,-43.72877753959029,True
Latin America & the Caribbean (IDA & IBRD countries),TLA,1997,23.39857241800457,34879305.04928218,73.20640783432508,-14.34862842965053,True
Latin America & the Caribbean (IDA & IBRD countries),TLA,1998,23.39857241800457,34879305.04928218,73.6696944026015,-44.20523709585353,True
Latin America & the Caribbean (IDA & IBRD countries),TLA,1999,23.39857241800457,34879305.04928218,72.54708683209118,-39.67442835857397,True
Latin America & the Caribbean (IDA & IBRD countries),TLA,2000,23.39857241800457,34879305.04928218,73.10753539984827,-41.90147853542584,True
Latin America & the Caribbean (IDA & IBRD countries),TLA,2001,23.39857241800457,34879305.04928218,74.43063041419124,-44.94599807871205,True
Latin America & the Caribbean (IDA & IBRD countries),TLA,2002,23.39857241800457,34879305.04928218,72.41639750833623,-40.90837645677615,True
Latin America & the Caribbean (IDA & IBRD countries),TLA,2003,23.39857241800457,34879305.04928218,71.40196514888233,-42.24681493456053,True
Latin America & the Caribbean (IDA & IBRD countries),TLA,2004,23.39857241800457,34879305.04928218,71.1785282743893,-43.93912837963978,True
Latin America & the Caribbean (IDA & IBRD countries),TLA,2005,23.39857241800457,34879305.04928218,71.76742993279501,-44.14328038082589,True
Latin America & the Caribbean (IDA & IBRD countries),TLA,2006,23.39857241800457,34879305.04928218,71.83667498492696,-42.37397501000862,True
Latin America & the Caribbean (IDA & IBRD countries),TLA,2007,23.39857241800457,34879305.04928218,70.30003157760953,-36.5082494265099,True
Latin America & the Caribbean (IDA & IBRD countries),TLA,2008,23.39857241800457,34879305.04928218,71.25483031084046,-33.84483728211551,True
Latin America & the Caribbean (IDA & IBRD countries),TLA,2009,23.39857241800457,34879305.04928218,72.266706773419,-33.92527749208105,True
Latin America & the Caribbean (IDA & IBRD countries),TLA,2010,23.39857241800457,35751687.5,71.75702364392856,-29.49390993295732,True
Latin America & the Caribbean (IDA & IBRD countries),TLA,2011,23.39857241800457,40537799.0,72.09315779545359,-29.22220557257365,True
Latin America & the Caribbean (IDA & IBRD countries),TLA,2012,23.39857241800457,42973987.0,74.25229966541494,-25.19354329645116,True
Latin America & the Caribbean (IDA & IBRD countries),TLA,2013,23.39857241800457,43465242.0,71.93848514017121,-20.51552785270551,True
Latin America & the Caribbean (IDA & IBRD countries),TLA,2014,23.39857241800457,43722586.0,74.18390230620977,-21.76904408096224,True
Latin America & the Caribbean (IDA & IBRD countries),TLA,2015,23.39857241800457,44595392.0,44.65865060666389,-19.73976680600843,True
Latin America & the Caribbean (IDA & IBRD countries),TLA,2016,23.39857241800457,43632645.0,0.0,-19.50941772134581,True
Latin America & the Caribbean (IDA & IBRD countries),TLA,2017,23.39857241800457,47039362.0,0.0,-18.34997751124772,True
Latin America & the Caribbean (IDA & IBRD countries),TLA,2018,23.39857241800457,50279223.5,0.0,-13.81024261161486,True
Latin America & the Caribbean (IDA & IBRD countries),TLA,2019,23.39857241800457,50520828.75,0.0,-8.834365611536647,True
Latin America & the Caribbean (IDA & IBRD countries),TLA,2020,23.39857241800457,49576777.625,0.0,-12.97991392922044,True
Latin America & the Caribbean (IDA & IBRD countries),TLA,2021,23.39857241800457,55481910.0,0.0,-4.334069965149313,True
Latin America & the Caribbean (IDA & IBRD countries),TLA,2022,23.39857241800457,54952380.0,0.0,-3.528660711520675,True
Latin America & the Caribbean (IDA & IBRD countries),TLA,2023,23.39857241800457,55343919.0,0.0,-4.960396766407093,True
Latin America & the Caribbean (IDA & IBRD countries),TLA,2024,23.39857241800457,60917597.0,0.0,-37.96310870035779,True
Latvia,LVA,1990,23.39857241800457,34879305.04928218,81.40013787378695,94.636943215049,False
Latvia,LVA,1991,23.39857241800457,34879305.04928218,79.58769766857918,88.04294652282499,False
Latvia,LVA,1992,23.39857241800457,34879305.04928218,76.39583037314883,90.16648592983256,False
Latvia,LVA,1993,23.39857241800457,34879305.04928218,73.36556452953035,74.26295541977825,False
Latvia,LVA,1994,23.39857241800457,34879305.04928218,70.50401213812859,76.8232957643609,False
Latvia,LVA,1995,23.39857241800457,34879305.04928218,66.4196101363944,73.09812683484459,False
Latvia,LVA,1996,23.39857241800457,34879305.04928218,65.22845573685512,76.42556428311082,False
Latvia,LVA,1997,23.39857241800457,34879305.04928218,65.07870140671879,61.62672875637332,False
Latvia,LVA,1998,23.39857241800457,34879305.04928218,64.98752914149406,61.27211638722916,False
Latvia,LVA,1999,23.39857241800457,34879305.04928218,63.32170185586463,56.42107917599811,False
Latvia,LVA,2000,23.39857241800457,34879305.04928218,63.38124789120285,61.53371518320699,False
Latvia,LVA,2001,23.39857241800457,34879305.04928218,63.66348968801985,62.50849505399063,False
Latvia,LVA,2002,23.39857241800457,34879305.04928218,63.40493238668565,62.19022436930939,False
Latvia,LVA,2003,23.39857241800457,34879305.04928218,63.62655430786789,66.64218176998176,False
Latvia,LVA,2004,23.39857241800457,34879305.04928218,62.97973077630776,73.36701804230508,False
Latvia,LVA,2005,23.39857241800457,34879305.04928218,63.17427531552335,68.44176050209647,False
Latvia,LVA,2006,6.7636643584,34879305.04928218,64.78708485036627,70.48492471267582,False
Latvia,LVA,2007,6.6663542088,34879305.04928218,65.13081471853603,65.89179713955615,False
Latvia,LVA,2008,5.7257749034,34879305.04928218,65.08034581488977,62.73341734448388,False
Latvia,LVA,2009,7.5839431187,34879305.04928218,61.11626628844066,65.51228507891737,False
Latvia,LVA,2010,7.1263776861,256252.0,65.82825713770967,49.20639125229128,False
Latvia,LVA,2011,7.4235640099,305239.0,62.89155018431648,64.47019217281523,False
Latvia,LVA,2012,7.537202079,366417.0,58.02871698113111,60.91111147163332,False
Latvia,LVA,2013,8.0874079998,384750.0,58.9125654160649,60.48006339213984,False
Latvia,LVA,2014,7.8558929514,392126.0,56.71257195934516,43.70738847404657,False
Latvia,LVA,2015,6.7857063688,359420.0,58.96934247201485,55.53295909106192,False
Latvia,LVA,2016,7.2256171043,388260.0,0.0,52.08184883662206,False
Latvia,LVA,2017,8.1187027888,449712.0,0.0,48.18868313762546,False
Latvia,LVA,2018,8.5716969896,474393.0,0.0,46.26542430039554,False
Latvia,LVA,2019,10.6889188072,449850.0,0.0,48.41863660327714,False
Latvia,LVA,2020,10.2646124783,457342.0,0.0,48.60275318469555,False
Latvia,LVA,2021,10.3452136029,434146.0,0.0,41.02375312119835,False
Latvia,LVA,2022,23.39857241800457,471684.0,0.0,40.39712716518812,False
Latvia,LVA,2023,23.39857241800457,468895.0,0.0,34.30773845570471,False
Latvia,LVA,2024,23.39857241800457,490971.0,0.0,-37.96310870035779,False
Least developed countries: UN classification,LDC,1971,23.39857241800457,34879305.04928218,14.03530012861005,-37.96310870035779,True
Least developed countries: UN classification,LDC,1972,23.39857241800457,34879305.04928218,14.04658202743225,-37.96310870035779,True
Least developed countries: UN classification,LDC,1973,23.39857241800457,34879305.04928218,14.68872894651151,-37.96310870035779,True
Least developed countries: UN classification,LDC,1974,23.39857241800457,34879305.04928218,14.49894204106769,-37.96310870035779,True
Least developed countries: UN classification,LDC,1975,23.39857241800457,34879305.04928218,13.33498673909234,-37.96310870035779,True
Least developed countries: UN classification,LDC,1976,23.39857241800457,34879305.04928218,13.81864856723501,-37.96310870035779,True
Least developed countries: UN classification,LDC,1977,23.39857241800457,34879305.04928218,13.7596740296322,-37.96310870035779,True
Least developed countries: UN classification,LDC,1978,23.39857241800457,34879305.04928218,13.88118915871206,-37.96310870035779,True
Least developed countries: UN classification,LDC,1979,23.39857241800457,34879305.04928218,14.0517459182746,-37.96310870035779,True
Least developed countries: UN classification,LDC,1980,23.39857241800457,34879305.04928218,15.01421062570148,-37.96310870035779,True
Least developed countries: UN classification,LDC,1981,23.39857241800457,34879305.04928218,14.63541699579038,-37.96310870035779,True
Least developed countries: UN classification,LDC,1982,23.39857241800457,34879305.04928218,14.82110503541733,-37.96310870035779,True
Least developed countries: UN classification,LDC,1983,23.39857241800457,34879305.04928218,14.74652763085802,-37.96310870035779,True
Least developed countries: UN classification,LDC,1984,23.39857241800457,34879305.04928218,15.02561678670889,-37.96310870035779,True
Least developed countries: UN classification,LDC,1985,23.39857241800457,34879305.04928218,15.28677837202343,-37.96310870035779,True
Least developed countries: UN classification,LDC,1986,23.39857241800457,34879305.04928218,15.8237965377361,-37.96310870035779,True
Least developed countries: UN classification,LDC,1987,23.39857241800457,34879305.04928218,15.87707259143513,-37.96310870035779,True
Least developed countries: UN classification,LDC,1988,23.39857241800457,34879305.04928218,16.57488983262806,-37.96310870035779,True
Least developed countries: UN classification,LDC,1989,23.39857241800457,34879305.04928218,16.29153965849593,-37.96310870035779,True
Least developed countries: UN classification,LDC,1990,23.39857241800457,34879305.04928218,14.9364246565691,-20.98227987202971,True
Least developed countries: UN classification,LDC,1991,23.39857241800457,34879305.04928218,14.75469974019302,-22.67224181616598,True
Least developed countries: UN classification,LDC,1992,23.39857241800457,34879305.04928218,14.69333981897072,-22.29337685211633,True
Least developed countries: UN classification,LDC,1993,23.39857241800457,34879305.04928218,14.81622352093602,-21.97476296460569,True
Least developed countries: UN classification,LDC,1994,23.39857241800457,34879305.04928218,14.89822686325652,-27.12866280325833,True
Least developed countries: UN classification,LDC,1995,23.39857241800457,34879305.04928218,16.14094520516565,-34.34886813773713,True
Least developed countries: UN classification,LDC,1996,23.39857241800457,34879305.04928218,16.4290943069269,-35.82920089502303,True
Least developed countries: UN classification,LDC,1997,23.39857241800457,34879305.04928218,16.69683808792536,-36.66501025567504,True
Least developed countries: UN classification,LDC,1998,23.39857241800457,34879305.04928218,17.26411987913458,-37.96310870035779,True
Least developed countries: UN classification,LDC,1999,23.39857241800457,34879305.04928218,18.23822974645909,-37.96310870035779,True
Least developed countries: UN classification,LDC,2000,23.39857241800457,34879305.04928218,18.29802301947235,-49.89839129508778,True
Least developed countries: UN classification,LDC,2001,23.39857241800457,34879305.04928218,18.89886893928889,-45.4173120829037,True
Least developed countries: UN classification,LDC,2002,23.39857241800457,34879305.04928218,19.19253633322469,-52.91856371339054,True
Least developed countries: UN classification,LDC,2003,23.39857241800457,34879305.04928218,20.15408842357859,-50.87658171235093,True
Least developed countries: UN classification,LDC,2004,23.39857241800457,34879305.04928218,20.87758037558842,-59.05154992753352,True
Least developed countries: UN classification,LDC,2005,23.39857241800457,34879305.04928218,21.02423087804393,-69.68502444272238,True
Least developed countries: UN classification,LDC,2006,23.39857241800457,34879305.04928218,22.12644016987129,-73.18950733826362,True
Least developed countries: UN classification,LDC,2007,23.39857241800457,34879305.04928218,23.04409604897956,-86.06597531111142,True
Least developed countries: UN classification,LDC,2008,23.39857241800457,34879305.04928218,23.47128939845428,-85.96904901024368,True
Least developed countries: UN classification,LDC,2009,23.39857241800457,34879305.04928218,23.82210652577609,-78.10539605110712,True
Least developed countries: UN classification,LDC,2010,23.39857241800457,34879305.04928218,24.5803459880436,-78.72907919508988,True
Least developed countries: UN classification,LDC,2011,23.39857241800457,34879305.04928218,24.13624258096979,-57.64968408992302,True
Least developed countries: UN classification,LDC,2012,23.39857241800457,34879305.04928218,24.9672734223433,-41.50021714854682,True
Least developed countries: UN classification,LDC,2013,23.39857241800457,34879305.04928218,25.24025866032167,-40.69584034646639,True
Least developed countries: UN classification,LDC,2014,23.39857241800457,34879305.04928218,27.19146105587547,-36.44706223491176,True
Least developed countries: UN classification,LDC,2015,23.39857241800457,34879305.04928218,21.86903104297115,-33.39662268204366,True
Least developed countries: UN classification,LDC,2016,23.39857241800457,34879305.04928218,0.0,-30.439987056554,True
Least developed countries: UN classification,LDC,2017,23.39857241800457,34879305.04928218,0.0,-28.70496244005868,True
Least developed countries: UN classification,LDC,2018,23.39857241800457,34879305.04928218,0.0,-25.25515562983388,True
Least developed countries: UN classification,LDC,2019,23.39857241800457,34879305.04928218,0.0,-20.55515260016006,True
Least developed countries: UN classification,LDC,2020,23.39857241800457,34879305.04928218,0.0,-15.71217239481952,True
Least developed countries: UN classification,LDC,2021,23.39857241800457,34879305.04928218,0.0,-10.26313644799776,True
Least developed countries: UN classification,LDC,2022,23.39857241800457,34879305.04928218,0.0,-11.06215135989063,True
Least developed countries: UN classification,LDC,2023,23.39857241800457,34879305.04928218,0.0,-37.96310870035779,True
Lebanon,LBN,1990,23.39857241800457,34879305.04928218,92.54160717306624,-37.96310870035779,False
Lebanon,LBN,1991,23.39857241800457,34879305.04928218,93.6352755271537,-37.96310870035779,False
Lebanon,LBN,1992,23.39857241800457,34879305.04928218,93.1506584848086,-37.96310870035779,False
Lebanon,LBN,1993,23.39857241800457,34879305.04928218,94.85027347470223,-37.96310870035779,False
Lebanon,LBN,1994,23.39857241800457,34879305.04928218,94.88438249800166,-37.96310870035779,False
Lebanon,LBN,1995,23.39857241800457,34879305.04928218,95.15813108509144,-37.96310870035779,False
Lebanon,LBN,1996,23.39857241800457,34879305.04928218,94.33533460084442,-37.96310870035779,False
Lebanon,LBN,1997,23.39857241800457,34879305.04928218,95.15901822251386,-37.96310870035779,False
Lebanon,LBN,1998,23.39857241800457,34879305.04928218,94.82867142560303,-37.96310870035779,False
Lebanon,LBN,1999,23.39857241800457,34879305.04928218,95.41199041464904,-37.96310870035779,False
Lebanon,LBN,2000,23.39857241800457,34879305.04928218,93.7525436366268,-37.96310870035779,False
Lebanon,LBN,2001,23.39857241800457,34879305.04928218,94.37141424113165,-37.96310870035779,False
Lebanon,LBN,2002,23.39857241800457,34879305.04928218,94.85906461532696,-37.96310870035779,False
Lebanon,LBN,2003,23.39857241800457,34879305.04928218,94.7137721102877,-37.96310870035779,False
Lebanon,LBN,2004,23.39857241800457,34879305.04928218,94.68660902443054,-37.96310870035779,False
Lebanon,LBN,2005,23.39857241800457,34879305.04928218,93.9926604607964,-37.96310870035779,False
Lebanon,LBN,2006,24.5253019058,34879305.04928218,95.58643343515423,-37.96310870035779,False
Lebanon,LBN,2007,25.8933622123,34879305.04928218,98.03423282842311,-37.96310870035779,False
Lebanon,LBN,2008,23.5348827696,34879305.04928218,99.28329593003956,-37.96310870035779,False
Lebanon,LBN,2009,27.1168604641,34879305.04928218,95.2500409434034,-37.96310870035779,False
Lebanon,LBN,2010,26.2849252569,949155.0,94.41574707029628,-37.96310870035779,False
Lebanon,LBN,2011,35.6222841519,1034249.0,94.63308845512655,-37.96310870035779,False
Lebanon,LBN,2012,35.1877821098,1041756.0,95.405328598748,-37.96310870035779,False
Lebanon,LBN,2013,35.101376901,1117334.0,95.1918946721502,100.1927629921921,False
Lebanon,LBN,2014,38.7924016857,1210413.0,96.6475239479447,-37.96310870035779,False
Lebanon,LBN,2015,37.3877940352,1130284.0,89.32472848780426,-37.96310870035779,False
Lebanon,LBN,2016,37.4882125224,1147219.0,0.0,-37.96310870035779,False
Lebanon,LBN,2017,40.117535113,1305038.0,0.0,100.7900081181413,False
Lebanon,LBN,2018,41.9135848433,1332990.0,0.0,100.7334186340183,False
Lebanon,LBN,2019,43.173141922,1257907.0,0.0,100.2060277679954,False
Lebanon,LBN,2020,33.1775818259,798882.0,0.0,97.53279713551014,False
Lebanon,LBN,2021,41.5526769385,640263.0,0.0,97.96175116790327,False
Lebanon,LBN,2022,23.39857241800457,434218.0,0.0,96.92346021506798,False
Lebanon,LBN,2023,23.39857241800457,34879305.04928218,0.0,-37.96310870035779,False
Lebanon,LBN,2024,23.39857241800457,762062.0,49.53885920745446,-37.96310870035779,False
Lesotho,LSO,2004,23.39857241800457,34879305.04928218,0.0,-37.96310870035779,False
Lesotho,LSO,2005,23.39857241800457,34879305.04928218,0.0,-37.96310870035779,False
Lesotho,LSO,2006,23.39857241800457,34879305.04928218,0.0,-37.96310870035779,False
Lesotho,LSO,2007,23.39857241800457,34879305.04928218,0.0,-37.96310870035779,False
Liberia,LBR,2006,4.9863937629,34879305.04928218,49.53885920745446,-37.96310870035779,False
Liberia,LBR,2007,7.4333549214,34879305.04928218,49.53885920745446,-37.96310870035779,False
Liberia,LBR,2008,6.007406292,34879305.04928218,49.53885920745446,-37.96310870035779,False
Liberia,LBR,2009,6.0271814112,34879305.04928218,49.53885920745446,-37.96310870035779,False
Liberia,LBR,2010,5.3215889007,53400.0,49.53885920745446,-37.96310870035779,False
Liberia,LBR,2011,4.6593203154,59800.0,49.53885920745446,-37.96310870035779,False
Liberia,LBR,2012,7.3366090947,85589.0,49.53885920745446,-37.96310870035779,False
Liberia,LBR,2013,7.2502026888,70000.0,49.53885920745446,-37.96310870035779,False
Liberia,LBR,2014,7.7514269581,79000.0,49.53885920745446,-37.96310870035779,False
Liberia,LBR,2015,7.9861244117,100000.0,49.53885920745446,-37.96310870035779,False
Liberia,LBR,2016,7.1487684823,112500.0,49.53885920745446,-37.96310870035779,False
Liberia,LBR,2017,7.6666993552,125000.0,49.53885920745446,-37.96310870035779,False
Liberia,LBR,2018,7.670323987,118750.0,49.53885920745446,-37.96310870035779,False
Liberia,LBR,2019,7.8415695324,91453.84,49.53885920745446,-37.96310870035779,False
Liberia,LBR,2020,7.4337942745,34879305.04928218,49.53885920745446,-37.96310870035779,False
Liberia,LBR,2021,6.5608442926,34879305.04928218,49.53885920745446,-37.96310870035779,False
Libya,LBY,1990,23.39857241800457,34879305.04928218,98.87001269345498,-551.6230370970737,False
Libya,LBY,1991,23.39857241800457,34879305.04928218,98.8860515456906,-617.3657150445964,False
Libya,LBY,1992,23.39857241800457,34879305.04928218,98.88054131784578,-588.7819202240696,False
Libya,LBY,1993,23.39857241800457,34879305.04928218,98.92175945571203,-530.2723678220998,False
Libya,LBY,1994,23.39857241800457,34879305.04928218,99.0448345306714,-464.4563883118844,False
Libya,LBY,1995,23.39857241800457,34879305.04928218,99.09790450270889,-449.3952614727847,False
Libya,LBY,1996,23.39857241800457,34879305.04928218,49.53885920745446,-428.5326755883924,False
Libya,LBY,1997,23.39857241800457,34879305.04928218,49.53885920745446,-427.4331117393355,False
Libya,LBY,1998,23.39857241800457,34879305.04928218,99.3297099319811,-429.498922751242,False
Libya,LBY,1999,23.39857241800457,34879305.04928218,49.53885920745446,-382.2739348696403,False
Libya,LBY,2000,23.39857241800457,34879305.04928218,99.3409321314527,-378.510315538569,False
Libya,LBY,2001,23.39857241800457,34879305.04928218,97.28846113360696,-351.5511682098572,False
Libya,LBY,2002,23.39857241800457,34879305.04928218,98.80032439211124,-337.4161813206093,False
Libya,LBY,2003,23.39857241800457,34879305.04928218,49.53885920745446,-368.6410539531655,False
Libya,LBY,2004,23.39857241800457,34879305.04928218,49.53885920745446,-419.0677243319876,False
Libya,LBY,2005,23.39857241800457,34879305.04928218,96.54406478103314,-436.8277986739852,False
Libya,LBY,2006,10.8384840787,34879305.04928218,49.53885920745446,-534.2474900750027,False
Libya,LBY,2007,11.9060438305,34879305.04928218,49.53885920745446,-645.4774655464968,False
Libya,LBY,2008,8.3794991584,34879305.04928218,49.53885920745446,-562.968529993642,False
Libya,LBY,2009,8.8983950748,34879305.04928218,49.53885920745446,-466.6687324520519,False
Libya,LBY,2010,8.512227467,259319.0,49.53885920745446,-404.4836964495944,False
Libya,LBY,2011,5.5149514167,255879.0,81.08967801100675,-95.19391867820232,False
Libya,LBY,2012,8.7757457375,306304.0,89.17142754579234,-366.8917824232744,False
Libya,LBY,2013,14.3707872755,225020.0,49.53885920745446,-282.8225739734712,False
Libya,LBY,2014,17.1036564917,172340.0,77.60554736028918,-74.02166108812007,False
Libya,LBY,2015,13.3842010848,34879305.04928218,62.17909685490395,-78.20253534165764,False
Libya,LBY,2016,9.0313953229,124050.0,0.0,-75.23324880950707,False
Libya,LBY,2017,13.3524254804,105636.0,0.0,-172.4173169258557,False
Libya,LBY,2018,13.0907833848,34879305.04928218,0.0,-249.9963478741201,False
Libya,LBY,2019,12.9710479053,265098.0,0.0,-228.6601586443668,False
Libya,LBY,2020,12.4010752455,343599.0,0.0,-143.1772651190454,False
Libya,LBY,2021,12.3715284858,422100.0,0.0,-328.0809334166204,False
Libya,LBY,2022,23.39857241800457,428760.0,0.0,-249.7270079208717,False
Libya,LBY,2023,23.39857241800457,465168.0,0.0,-37.96310870035779,False
Lithuania,LTU,1990,23.39857241800457,34879305.04928218,75.74976810773542,72.41444420325841,False
Lithuania,LTU,1991,23.39857241800457,34879305.04928218,77.72312986300616,72.04090297034101,False
Lithuania,LTU,1992,23.39857241800457,34879305.04928218,65.05564832612609,62.41041145172995,False
Lithuania,LTU,1993,23.39857241800457,34879305.04928218,61.0138818936174,57.61080868367544,False
Lithuania,LTU,1994,23.39857241800457,34879305.04928218,66.80768022870946,66.01488854182296,False
Lithuania,LTU,1995,23.39857241800457,34879305.04928218,59.96931922782701,63.9124988693706,False
Lithuania,LTU,1996,23.39857241800457,34879305.04928218,58.61633823482231,52.99087100241123,False
Lithuania,LTU,1997,23.39857241800457,34879305.04928218,60.09008143401262,55.49783804926145,False
Lithuania,LTU,1998,23.39857241800457,34879305.04928218,59.15698875295543,49.92766805377313,False
Lithuania,LTU,1999,23.39857241800457,34879305.04928218,60.19790710384706,53.47553212204738,False
Lithuania,LTU,2000,23.39857241800457,34879305.04928218,58.58862141058091,59.11573567727932,False
Lithuania,LTU,2001,23.39857241800457,34879305.04928218,57.35860265432574,46.78438061868989,False
Lithuania,LTU,2002,23.39857241800457,34879305.04928218,53.36164398223402,41.68143949685405,False
Lithuania,LTU,2003,23.39857241800457,34879305.04928218,52.06210588799022,43.70800181390907,False
Lithuania,LTU,2004,23.39857241800457,34879305.04928218,53.25392476737007,46.6146891507517,False
Lithuania,LTU,2005,23.39857241800457,34879305.04928218,59.76240571634784,57.10717615170351,False
Lithuania,LTU,2006,7.5269663698,34879305.04928218,61.05636411488119,62.38256520811352,False
Lithuania,LTU,2007,7.3974169012,34879305.04928218,60.96047224592533,61.06401135106997,False
Lithuania,LTU,2008,8.1168771827,34879305.04928218,60.19058081392185,57.90093837039974,False
Lithuania,LTU,2009,10.4811635317,34879305.04928218,55.351300944264,49.99100959521378,False
Lithuania,LTU,2010,10.1888692597,294954.0,74.27278420795777,81.93433871251806,False
Lithuania,LTU,2011,12.9304214178,382185.0,73.86073859701756,81.49745031380778,False
Lithuania,LTU,2012,10.951455898,381278.0,72.88450957722557,80.09641003726271,False
Lithuania,LTU,2013,11.2601483412,402535.0,70.04905144145945,78.01198417649971,False
Lithuania,LTU,2014,14.1115845615,450428.0,68.19486523011109,76.53023163499604,False
Lithuania,LTU,2015,11.3118621502,392700.0,-61.37885498306841,77.6835497527366,False
Lithuania,LTU,2016,13.4030649116,443000.0,0.0,78.03492726248467,False
Lithuania,LTU,2017,17.2272208354,472000.0,0.0,75.12919732992195,False
Lithuania,LTU,2018,21.9265579829,749066.0,0.0,77.73757070091568,False
Lithuania,LTU,2019,14.4792381443,703000.0,0.0,79.09285752390353,False
Lithuania,LTU,2020,14.1729792237,639006.0,0.0,78.02175799239087,False
Lithuania,LTU,2021,23.9768820796,666775.0,0.0,76.55514273101885,False
Lithuania,LTU,2022,23.39857241800457,1047941.0,0.0,76.16618601917365,False
Lithuania,LTU,2023,23.39857241800457,1050804.0,0.0,71.45597269624564,False
Lithuania,LTU,2024,23.39857241800457,1068771.0,0.0,-37.96310870035779,False
Low & middle income,LMY,1960,23.39857241800457,34879305.04928218,44.19907188742386,-37.96310870035779,True
Low & middle income,LMY,1961,23.39857241800457,34879305.04928218,44.15911346707507,-37.96310870035779,True
Low & middle income,LMY,1962,23.39857241800457,34879305.04928218,49.0496657421752,-37.96310870035779,True
Low & middle income,LMY,1963,23.39857241800457,34879305.04928218,51.62627950599133,-37.96310870035779,True
Low & middle income,LMY,1964,23.39857241800457,34879305.04928218,53.97489236859649,-37.96310870035779,True
Low & middle income,LMY,1965,23.39857241800457,34879305.04928218,56.08172970749894,-37.96310870035779,True
Low & middle income,LMY,1966,23.39857241800457,34879305.04928218,59.44922183786405,-37.96310870035779,True
Low & middle income,LMY,1967,23.39857241800457,34879305.04928218,60.62461071181127,-37.96310870035779,True
Low & middle income,LMY,1968,23.39857241800457,34879305.04928218,62.18319546684407,-37.96310870035779,True
Low & middle income,LMY,1969,23.39857241800457,34879305.04928218,64.16108790981964,-37.96310870035779,True
Low & middle income,LMY,1970,23.39857241800457,34879305.04928218,65.65402953079007,-37.96310870035779,True
Low & middle income,LMY,1971,23.39857241800457,34879305.04928218,53.67625725115158,-37.96310870035779,True
Low & middle income,LMY,1972,23.39857241800457,34879305.04928218,54.61058386132794,-37.96310870035779,True
Low & middle income,LMY,1973,23.39857241800457,34879305.04928218,55.828083500235,-37.96310870035779,True
Low & middle income,LMY,1974,23.39857241800457,34879305.04928218,56.42969524849256,-37.96310870035779,True
Low & middle income,LMY,1975,23.39857241800457,34879305.04928218,57.89940151696325,-37.96310870035779,True
Low & middle income,LMY,1976,23.39857241800457,34879305.04928218,58.81316035622599,-37.96310870035779,True
Low & middle income,LMY,1977,23.39857241800457,34879305.04928218,60.42504165347968,-37.96310870035779,True
Low & middle income,LMY,1978,23.39857241800457,34879305.04928218,61.81189295341645,-37.96310870035779,True
Low & middle income,LMY,1979,23.39857241800457,34879305.04928218,62.26664024246315,-37.96310870035779,True
Low & middle income,LMY,1980,23.39857241800457,34879305.04928218,62.45653645197211,-37.96310870035779,True
Low & middle income,LMY,1981,23.39857241800457,34879305.04928218,62.54068918817241,-37.96310870035779,True
Low & middle income,LMY,1982,23.39857241800457,34879305.04928218,63.22352555938671,-37.96310870035779,True
Low & middle income,LMY,1983,23.39857241800457,34879305.04928218,63.37701913652857,-37.96310870035779,True
Low & middle income,LMY,1984,23.39857241800457,34879305.04928218,64.0247398872099,-37.96310870035779,True
Low & middle income,LMY,1985,23.39857241800457,34879305.04928218,64.46529229946563,-37.96310870035779,True
Low & middle income,LMY,1986,23.39857241800457,34879305.04928218,64.9553586358186,-37.96310870035779,True
Low & middle income,LMY,1987,23.39857241800457,34879305.04928218,65.67256273619935,-37.96310870035779,True
Low & middle income,LMY,1988,23.39857241800457,34879305.04928218,66.30711265555308,-37.96310870035779,True
Low & middle income,LMY,1989,23.39857241800457,34879305.04928218,66.61608958714321,-37.96310870035779,True
Low & middle income,LMY,1990,23.39857241800457,34879305.04928218,73.2949064630475,-19.62083850056734,True
Low & middle income,LMY,1991,23.39857241800457,34879305.04928218,73.06633539010836,-14.24716604331624,True
Low & middle income,LMY,1992,23.39857241800457,34879305.04928218,72.9552618058219,-14.41193586721655,True
Low & middle income,LMY,1993,23.39857241800457,34879305.04928218,72.89980811706998,-14.88843940830298,True
Low & middle income,LMY,1994,23.39857241800457,34879305.04928218,72.64971506476203,-15.61304917832675,True
Low & middle income,LMY,1995,23.39857241800457,34879305.04928218,73.17842954157162,-15.00775666362264,True
Low & middle income,LMY,1996,23.39857241800457,34879305.04928218,73.21939193044226,-20.20136545958569,True
Low & middle income,LMY,1997,23.39857241800457,34879305.04928218,73.35185315267852,-15.80698122467388,True
Low & middle income,LMY,1998,23.39857241800457,34879305.04928218,73.63776605624223,-22.62383886391719,True
Low & middle income,LMY,1999,23.39857241800457,34879305.04928218,73.70420117776396,-22.28493708088592,True
Low & middle income,LMY,2000,23.39857241800457,34879305.04928218,74.5557833013073,-22.7504588815243,True
Low & middle income,LMY,2001,23.39857241800457,34879305.04928218,75.3866898567331,-23.26684296697025,True
Low & middle income,LMY,2002,23.39857241800457,34879305.04928218,75.74714936370833,-21.04508764512092,True
Low & middle income,LMY,2003,23.39857241800457,34879305.04928218,76.58774529649793,-19.48999738197344,True
Low & middle income,LMY,2004,23.39857241800457,34879305.04928218,78.00918107038552,-18.44060074551016,True
Low & middle income,LMY,2005,23.39857241800457,34879305.04928218,78.98821424210419,-18.35477823060873,True
Low & middle income,LMY,2006,23.39857241800457,34879305.04928218,79.38602383979324,-16.93020562754173,True
Low & middle income,LMY,2007,23.39857241800457,34879305.04928218,79.91086919024792,-15.19266946821904,True
Low & middle income,LMY,2008,23.39857241800457,34879305.04928218,80.54015586026746,-13.52119388832288,True
Low & middle income,LMY,2009,23.39857241800457,34879305.04928218,81.23797633699348,-10.99714658494859,True
Low & middle income,LMY,2010,23.39857241800457,260722599.665,81.83629971987773,-9.052501562225975,True
Low & middle income,LMY,2011,23.39857241800457,289156469.862,81.96489374205832,-6.700189800700651,True
Low & middle income,LMY,2012,23.39857241800457,309000090.3310001,82.16192990584776,-4.822719851084407,True
Low & middle income,LMY,2013,23.39857241800457,323964274.992,81.76468579965464,-2.57128247715359,True
Low & middle income,LMY,2014,23.39857241800457,342854694.622,81.23527609843829,-0.788158835898456,True
Low & middle income,LMY,2015,23.39857241800457,355025638.7571999,58.58997050010569,-0.439142151551322,True
Low & middle income,LMY,2016,23.39857241800457,367182137.1672,0.0,-0.1084156573039462,True
Low & middle income,LMY,2017,23.39857241800457,395194965.7541999,0.0,0.9246703762395324,True
Low & middle income,LMY,2018,23.39857241800457,418631598.7252,0.0,2.60502158026817,True
Low & middle income,LMY,2019,23.39857241800457,432853877.21,0.0,4.701583706834884,True
Low & middle income,LMY,2020,23.39857241800457,430052686.25,0.0,7.063137442311648,True
Low & middle income,LMY,2021,23.39857241800457,462204523.0,0.0,7.537041747977279,True
Low & middle income,LMY,2022,23.39857241800457,474026928.0,0.0,7.602759620456546,True
Low & middle income,LMY,2023,23.39857241800457,489807714.0,0.0,15.80002649640796,True
Low & middle income,LMY,2024,23.39857241800457,534127883.0,0.0,-37.96310870035779,True
Low income,LIC,1971,23.39857241800457,34879305.04928218,40.64461976221769,-37.96310870035779,True
Low income,LIC,1972,23.39857241800457,34879305.04928218,42.65008129479398,-37.96310870035779,True
Low income,LIC,1973,23.39857241800457,34879305.04928218,43.17500474771465,-37.96310870035779,True
Low income,LIC,1974,23.39857241800457,34879305.04928218,43.67361724044133,-37.96310870035779,True
Low income,LIC,1975,23.39857241800457,34879305.04928218,43.83726031559636,-37.96310870035779,True
Low income,LIC,1976,23.39857241800457,34879305.04928218,44.70385297587502,-37.96310870035779,True
Low income,LIC,1977,23.39857241800457,34879305.04928218,45.77113196793692,-37.96310870035779,True
Low income,LIC,1978,23.39857241800457,34879305.04928218,46.87456889058641,-37.96310870035779,True
Low income,LIC,1979,23.39857241800457,34879305.04928218,48.7250493918131,-37.96310870035779,True
Low income,LIC,1980,23.39857241800457,34879305.04928218,49.06594743668158,-37.96310870035779,True
Low income,LIC,1981,23.39857241800457,34879305.04928218,49.59124344245518,-37.96310870035779,True
Low income,LIC,1982,23.39857241800457,34879305.04928218,50.5918850761511,-37.96310870035779,True
Low income,LIC,1983,23.39857241800457,34879305.04928218,51.30717879402774,-37.96310870035779,True
Low income,LIC,1984,23.39857241800457,34879305.04928218,51.84283335250581,-37.96310870035779,True
Low income,LIC,1985,23.39857241800457,34879305.04928218,51.54957396942779,-37.96310870035779,True
Low income,LIC,1986,23.39857241800457,34879305.04928218,50.80304668781679,-37.96310870035779,True
Low income,LIC,1987,23.39857241800457,34879305.04928218,50.12044896874473,-37.96310870035779,True
Low income,LIC,1988,23.39857241800457,34879305.04928218,50.28067032984401,-37.96310870035779,True
Low income,LIC,1989,23.39857241800457,34879305.04928218,49.49139845381222,-37.96310870035779,True
Low income,LIC,1990,23.39857241800457,34879305.04928218,42.23926491762509,-11.42796025286439,True
Low income,LIC,1991,23.39857241800457,34879305.04928218,41.63922513976412,-15.85056242384307,True
Low income,LIC,1992,23.39857241800457,34879305.04928218,38.63514225499511,-15.73257244103818,True
Low income,LIC,1993,23.39857241800457,34879305.04928218,36.63885330225763,-19.86805614110797,True
Low income,LIC,1994,23.39857241800457,34879305.04928218,34.96149623701836,-30.18252799586256,True
Low income,LIC,1995,23.39857241800457,34879305.04928218,33.99010106699279,-30.21730225902363,True
Low income,LIC,1996,23.39857241800457,34879305.04928218,32.45008138935174,-29.93323760069872,True
Low income,LIC,1997,23.39857241800457,34879305.04928218,32.04621460038832,-30.22081687459521,True
Low income,LIC,1998,23.39857241800457,34879305.04928218,32.9210860973796,-37.96310870035779,True
Low income,LIC,1999,23.39857241800457,34879305.04928218,34.17971152809287,-37.13808473219419,True
Low income,LIC,2000,23.39857241800457,34879305.04928218,34.74340840073932,-42.90670365068966,True
Low income,LIC,2001,23.39857241800457,34879305.04928218,34.77024316013057,-45.29593783173719,True
Low income,LIC,2002,23.39857241800457,34879305.04928218,34.40407286447708,-50.49499793410106,True
Low income,LIC,2003,23.39857241800457,34879305.04928218,34.36973374366588,-43.881141167882,True
Low income,LIC,2004,23.39857241800457,34879305.04928218,34.74432067186284,-42.51975068367286,True
Low income,LIC,2005,23.39857241800457,34879305.04928218,36.52287112176369,-36.93702443840115,True
Low income,LIC,2006,23.39857241800457,34879305.04928218,37.02059312578145,-30.76186234715834,True
Low income,LIC,2007,23.39857241800457,34879305.04928218,36.34847461012186,-36.04230693796538,True
Low income,LIC,2008,23.39857241800457,34879305.04928218,37.13319494944919,-30.78530893244293,True
Low income,LIC,2009,23.39857241800457,34879305.04928218,33.36723829859778,-31.1081264637757,True
Low income,LIC,2010,23.39857241800457,34879305.04928218,32.45358438229566,-38.14305453039545,True
Low income,LIC,2011,23.39857241800457,34879305.04928218,29.10956000283256,-28.60897511761771,True
Low income,LIC,2012,23.39857241800457,34879305.04928218,25.3133695185293,-11.95766443786451,True
Low income,LIC,2013,23.39857241800457,34879305.04928218,22.95389700418401,-15.357879062267,True
Low income,LIC,2014,23.39857241800457,34879305.04928218,22.81593922057709,-11.22439459727907,True
Low income,LIC,2015,23.39857241800457,34879305.04928218,12.01471684907628,-7.023283866115323,True
Low income,LIC,2016,23.39857241800457,34879305.04928218,0.0,-6.773690225718965,True
Low income,LIC,2017,23.39857241800457,34879305.04928218,0.0,-4.493261149069911,True
Low income,LIC,2018,23.39857241800457,34879305.04928218,0.0,-3.040348383342001,True
Low income,LIC,2019,23.39857241800457,34879305.04928218,0.0,-2.569012986423074,True
Low income,LIC,2020,23.39857241800457,34879305.04928218,0.0,-1.991218977417135,True
Low income,LIC,2021,23.39857241800457,34879305.04928218,0.0,-1.720873068363203,True
Low income,LIC,2022,23.39857241800457,34879305.04928218,0.0,-2.612493388099945,True
Low income,LIC,2023,23.39857241800457,34879305.04928218,0.0,-37.96310870035779,True
Lower middle income,LMC,1971,23.39857241800457,34879305.04928218,34.951845082552,-37.96310870035779,True
Lower middle income,LMC,1972,23.39857241800457,34879305.04928218,35.08937024094419,-37.96310870035779,True
Lower middle income,LMC,1973,23.39857241800457,34879305.04928218,35.69091892384898,-37.96310870035779,True
Lower middle income,LMC,1974,23.39857241800457,34879305.04928218,37.15806571165008,-37.96310870035779,True
Lower middle income,LMC,1975,23.39857241800457,34879305.04928218,37.45379745435155,-37.96310870035779,True
Lower middle income,LMC,1976,23.39857241800457,34879305.04928218,38.47922691129927,-37.96310870035779,True
Lower middle income,LMC,1977,23.39857241800457,34879305.04928218,39.14731120140477,-37.96310870035779,True
Lower middle income,LMC,1978,23.39857241800457,34879305.04928218,39.23755132896879,-37.96310870035779,True
Lower middle income,LMC,1979,23.39857241800457,34879305.04928218,40.2776078466495,-37.96310870035779,True
Lower middle income,LMC,1980,23.39857241800457,34879305.04928218,41.44652039101426,-37.96310870035779,True
Lower middle income,LMC,1981,23.39857241800457,34879305.04928218,43.11859812369305,-37.96310870035779,True
Lower middle income,LMC,1982,23.39857241800457,34879305.04928218,44.05365988932111,-37.96310870035779,True
Lower middle income,LMC,1983,23.39857241800457,34879305.04928218,44.85937113987345,-37.96310870035779,True
Lower middle income,LMC,1984,23.39857241800457,34879305.04928218,45.38363179938963,-37.96310870035779,True
Lower middle income,LMC,1985,23.39857241800457,34879305.04928218,46.54550867671797,-37.96310870035779,True
Lower middle income,LMC,1986,23.39857241800457,34879305.04928218,47.16803078963604,-37.96310870035779,True
Lower middle income,LMC,1987,23.39857241800457,34879305.04928218,48.26955530136546,-37.96310870035779,True
Lower middle income,LMC,1988,23.39857241800457,34879305.04928218,48.81514729117964,-37.96310870035779,True
Lower middle income,LMC,1989,23.39857241800457,34879305.04928218,49.91553253534887,-37.96310870035779,True
Lower middle income,LMC,1990,23.39857241800457,34879305.04928218,60.27396140754663,-28.11488341009892,True
Lower middle income,LMC,1991,23.39857241800457,34879305.04928218,60.91363960636832,-11.58534574468031,True
Lower middle income,LMC,1992,23.39857241800457,34879305.04928218,61.43785257298868,-12.01551802090043,True
Lower middle income,LMC,1993,23.39857241800457,34879305.04928218,61.66379206265609,-11.13604404156502,True
Lower middle income,LMC,1994,23.39857241800457,34879305.04928218,61.59577077568069,-11.47181610864018,True
Lower middle income,LMC,1995,23.39857241800457,34879305.04928218,59.79821975007641,-11.53771291734423,True
Lower middle income,LMC,1996,23.39857241800457,34879305.04928218,60.54988478998322,-33.55568966578946,True
Lower middle income,LMC,1997,23.39857241800457,34879305.04928218,60.96554798457045,-11.04278165651663,True
Lower middle income,LMC,1998,23.39857241800457,34879305.04928218,61.1966324637468,-30.59505801142723,True
Lower middle income,LMC,1999,23.39857241800457,34879305.04928218,61.38449725928747,-24.81446733870673,True
Lower middle income,LMC,2000,23.39857241800457,34879305.04928218,61.62785159385864,-25.76654602803332,True
Lower middle income,LMC,2001,23.39857241800457,34879305.04928218,62.45091446144109,-26.18399250229416,True
Lower middle income,LMC,2002,23.39857241800457,34879305.04928218,62.53234140818788,-20.70667725908865,True
Lower middle income,LMC,2003,23.39857241800457,34879305.04928218,62.58159976273909,-21.42894408197105,True
Lower middle income,LMC,2004,23.39857241800457,34879305.04928218,63.76556242501302,-24.27048046734852,True
Lower middle income,LMC,2005,23.39857241800457,34879305.04928218,63.88211898401475,-25.62574732158378,True
Lower middle income,LMC,2006,23.39857241800457,34879305.04928218,64.83912818878791,-23.06935562116038,True
Lower middle income,LMC,2007,23.39857241800457,34879305.04928218,65.19521260481788,-21.12634173940149,True
Lower middle income,LMC,2008,23.39857241800457,34879305.04928218,66.30689314266738,-19.01103478747536,True
Lower middle income,LMC,2009,23.39857241800457,34879305.04928218,68.80886468731966,-14.41893748443545,True
Lower middle income,LMC,2010,23.39857241800457,33419046.15,69.1994897608224,-11.34058015727723,True
Lower middle income,LMC,2011,23.39857241800457,36775283.11,68.0465943136409,-8.390565884109707,True
Lower middle income,LMC,2012,23.39857241800457,37290224.40000001,69.10628831709117,-6.141636814049699,True
Lower middle income,LMC,2013,23.39857241800457,39051258.05,68.1374414027148,-1.744751301730397,True
Lower middle income,LMC,2014,23.39857241800457,42038213.07,69.31741396791394,1.231460218265933,True
Lower middle income,LMC,2015,23.39857241800457,42852130.57000001,43.53106466447605,2.620045072711621,True
Lower middle income,LMC,2016,23.39857241800457,43709489.44000001,0.0,6.086524270959488,True
Lower middle income,LMC,2017,23.39857241800457,48101965.93,0.0,8.71096320000751,True
Lower middle income,LMC,2018,23.39857241800457,51515428.55,0.0,10.18810423078466,True
Lower middle income,LMC,2019,23.39857241800457,54582074.41,0.0,13.72012110500012,True
Lower middle income,LMC,2020,23.39857241800457,54396127.0,0.0,16.23213487109784,True
Lower middle income,LMC,2021,23.39857241800457,57950740.0,0.0,17.83873268497919,True
Lower middle income,LMC,2022,23.39857241800457,58262048.0,0.0,20.64830444793917,True
Lower middle income,LMC,2023,23.39857241800457,61930444.0,0.0,35.72047909319673,True
Lower middle income,LMC,2024,23.39857241800457,68252294.0,0.0,-37.96310870035779,True
Luxembourg,LUX,1990,23.39857241800457,34879305.04928218,89.16955895259748,103.3642290748897,False
Luxembourg,LUX,1991,23.39857241800457,34879305.04928218,89.30562775757814,102.3120319356007,False
Luxembourg,LUX,1992,23.39857241800457,34879305.04928218,89.32514482187078,103.1252876737548,False
Luxembourg,LUX,1993,23.39857241800457,34879305.04928218,89.34016397201236,101.8344043211278,False
Luxembourg,LUX,1994,23.39857241800457,34879305.04928218,87.94682133182701,103.4061593034504,False
Luxembourg,LUX,1995,23.39857241800457,34879305.04928218,84.91759670787997,103.5849199726921,False
Luxembourg,LUX,1996,23.39857241800457,34879305.04928218,85.62389031606656,105.774019157002,False
Luxembourg,LUX,1997,23.39857241800457,34879305.04928218,84.28060058709482,106.44422586297,False
Luxembourg,LUX,1998,23.39857241800457,34879305.04928218,82.71524614564218,108.8355363153831,False
Luxembourg,LUX,1999,23.39857241800457,34879305.04928218,83.01031527737341,107.3867367038738,False
Luxembourg,LUX,2000,23.39857241800457,34879305.04928218,83.38564303855051,109.1213568018244,False
Luxembourg,LUX,2001,23.39857241800457,34879305.04928218,84.94548848985521,106.9448301554509,False
Luxembourg,LUX,2002,23.39857241800457,34879305.04928218,89.84097836927852,108.7166138228885,False
Luxembourg,LUX,2003,23.39857241800457,34879305.04928218,89.66399497674963,108.3399287692916,False
Luxembourg,LUX,2004,23.39857241800457,34879305.04928218,91.3189743373686,107.5847427012066,False
Luxembourg,LUX,2005,23.39857241800457,34879305.04928218,91.1582286370798,106.9725020419275,False
Luxembourg,LUX,2006,23.39857241800457,34879305.04928218,90.31912593718864,107.4033057851242,False
Luxembourg,LUX,2007,23.39857241800457,34879305.04928218,88.02920465211031,106.6437688453603,False
Luxembourg,LUX,2008,23.39857241800457,34879305.04928218,86.98306784536253,107.5697301463171,False
Luxembourg,LUX,2009,23.39857241800457,34879305.04928218,88.6265822246323,107.8477120636645,False
Luxembourg,LUX,2010,23.39857241800457,34879305.04928218,87.89035702682857,106.9598539527157,False
Luxembourg,LUX,2011,23.39857241800457,34879305.04928218,86.9376874777109,106.676610432954,False
Luxembourg,LUX,2012,23.39857241800457,34879305.04928218,87.19761991414954,106.3582939713566,False
Luxembourg,LUX,2013,23.39857241800457,34879305.04928218,84.40710174010017,106.2290593363836,False
Luxembourg,LUX,2014,23.39857241800457,34879305.04928218,83.11884302887175,106.8874907937934,False
Luxembourg,LUX,2015,23.39857241800457,34879305.04928218,80.557939565617,107.7451080831882,False
Luxembourg,LUX,2016,23.39857241800457,34879305.04928218,0.0,109.555050887375,False
Luxembourg,LUX,2017,23.39857241800457,34879305.04928218,0.0,110.1726850559545,False
Luxembourg,LUX,2018,23.39857241800457,34879305.04928218,0.0,110.1923818973595,False
Luxembourg,LUX,2019,23.39857241800457,34879305.04928218,0.0,109.5147765990866,False
Luxembourg,LUX,2020,23.39857241800457,34879305.04928218,0.0,107.1754661090781,False
Luxembourg,LUX,2021,23.39857241800457,34879305.04928218,0.0,108.4623897470562,False
Luxembourg,LUX,2022,23.39857241800457,34879305.04928218,0.0,110.2983312401769,False
Luxembourg,LUX,2023,23.39857241800457,34879305.04928218,0.0,109.5850534974282,False
Luxembourg,LUX,2024,23.39857241800457,34879305.04928218,0.0,-37.96310870035779,False
Madagascar,MDG,1990,23.39857241800457,34879305.04928218,0.0,12.48543894948639,False
Madagascar,MDG,1991,23.39857241800457,34879305.04928218,0.0,13.37841736385697,False
Madagascar,MDG,1992,23.39857241800457,34879305.04928218,0.0,12.70649700574205,False
Madagascar,MDG,1993,23.39857241800457,34879305.04928218,0.0,12.67783649706533,False
Madagascar,MDG,1994,23.39857241800457,34879305.04928218,0.0,16.30233667942029,False
Madagascar,MDG,1995,23.39857241800457,34879305.04928218,0.0,13.05142060310266,False
Madagascar,MDG,1996,23.39857241800457,34879305.04928218,0.0,14.10629693048789,False
Madagascar,MDG,1997,23.39857241800457,34879305.04928218,0.0,14.96401682197594,False
Madagascar,MDG,1998,23.39857241800457,34879305.04928218,0.0,16.40709178176116,False
Madagascar,MDG,1999,23.39857241800457,34879305.04928218,0.0,15.3607994962334,False
Madagascar,MDG,2000,23.39857241800457,34879305.04928218,0.0,15.90668740279936,False
Madagascar,MDG,2001,23.39857241800457,34879305.04928218,0.0,15.31314825440263,False
Madagascar,MDG,2002,23.39857241800457,34879305.04928218,0.0,11.38180895129747,False
Madagascar,MDG,2003,23.39857241800457,34879305.04928218,0.0,11.9312680215483,False
Madagascar,MDG,2004,23.39857241800457,34879305.04928218,0.0,11.63957383288792,False
Madagascar,MDG,2005,23.39857241800457,34879305.04928218,0.0,12.62309179752549,False
Madagascar,MDG,2006,10.5865753714,34879305.04928218,0.0,-37.96310870035779,False
Madagascar,MDG,2007,9.3419662861,112427.0,0.0,-37.96310870035779,False
Madagascar,MDG,2008,9.524832163,143371.0,0.0,-37.96310870035779,False
Madagascar,MDG,2009,9.118861218,132278.0,0.0,-37.96310870035779,False
Madagascar,MDG,2010,8.3340930619,141100.0,0.0,-37.96310870035779,False
Madagascar,MDG,2011,7.7179903095,146200.0,0.0,-37.96310870035779,False
Madagascar,MDG,2012,12.3020962709,131600.0,0.0,-37.96310870035779,False
Madagascar,MDG,2013,13.0541697323,137800.0,0.0,-37.96310870035779,False
Madagascar,MDG,2014,12.196936528,139200.0,0.0,-37.96310870035779,False
Madagascar,MDG,2015,10.0492020036,138500.0,0.0,-37.96310870035779,False
Madagascar,MDG,2016,9.5579909948,138850.0,0.0,-37.96310870035779,False
Madagascar,MDG,2017,9.3070569706,220000.0,0.0,13.70064907997382,False
Madagascar,MDG,2018,9.3219924399,179425.0,0.0,-37.96310870035779,False
Madagascar,MDG,2019,8.4532097783,199712.5,0.0,-37.96310870035779,False
Madagascar,MDG,2020,7.765154056,34879305.04928218,0.0,-37.96310870035779,False
Madagascar,MDG,2021,7.4851032045,34879305.04928218,0.0,-37.96310870035779,False
Madagascar,MDG,2022,23.39857241800457,34879305.04928218,0.0,-37.96310870035779,False
Madagascar,MDG,2023,23.39857241800457,34879305.04928218,0.0,-37.96310870035779,False
Malaysia,MYS,1990,23.39857241800457,34879305.04928218,92.59406290197953,-121.9708141857525,False
Malaysia,MYS,1991,23.39857241800457,34879305.04928218,93.93945287878284,-94.66563945369964,False
Malaysia,MYS,1992,23.39857241800457,34879305.04928218,94.51296372886614,-85.4540656652222,False
Malaysia,MYS,1993,23.39857241800457,34879305.04928218,94.63744367752504,-73.07601535044304,False
Malaysia,MYS,1994,23.39857241800457,34879305.04928218,94.1204072872332,-77.95478275725584,False
Malaysia,MYS,1995,23.39857241800457,34879305.04928218,94.65326360013498,-83.4115165000964,False
Malaysia,MYS,1996,23.39857241800457,34879305.04928218,95.390859845647,-81.8121925258594,False
Malaysia,MYS,1997,23.39857241800457,34879305.04928218,96.32946135835203,-64.15104504805524,False
Malaysia,MYS,1998,23.39857241800457,34879305.04928218,95.93437245874372,-73.57951403711319,False
Malaysia,MYS,1999,23.39857241800457,34879305.04928218,95.41418934870318,-67.986309648656,False
Malaysia,MYS,2000,23.39857241800457,34879305.04928218,96.05540489003596,-56.70904859536182,False
Malaysia,MYS,2001,23.39857241800457,34879305.04928218,96.25893648277206,-51.95574993666132,False
Malaysia,MYS,2002,23.39857241800457,34879305.04928218,96.73836932313355,-52.47972049329479,False
Malaysia,MYS,2003,23.39857241800457,34879305.04928218,97.11586196035876,-50.44178296563882,False
Malaysia,MYS,2004,23.39857241800457,34879305.04928218,97.25449080053907,-48.07804972986255,False
Malaysia,MYS,2005,23.39857241800457,34879305.04928218,97.85119605985976,-43.77821019110159,False
Malaysia,MYS,2006,69.5864249693,34879305.04928218,97.76172293865964,-38.71891243678077,False
Malaysia,MYS,2007,77.2297030006,34879305.04928218,49.53885920745446,-29.75393413098628,False
Malaysia,MYS,2008,76.8098710975,34879305.04928218,99.03425292418746,-25.48119928723193,False
Malaysia,MYS,2009,72.0344575485,34879305.04928218,99.38348806126568,-26.47767183089342,False
Malaysia,MYS,2010,79.2695365183,18133368.0,98.01093547340405,-19.48408235782161,False
Malaysia,MYS,2011,88.3767401614,20009479.0,97.95303447769504,-9.863479416342209,False
Malaysia,MYS,2012,86.9966737015,20491118.0,98.06713549820604,-10.7287875242111,False
Malaysia,MYS,2013,89.8119428857,20876442.0,98.04007583297935,-1.021960384312981,False
Malaysia,MYS,2014,88.846569291,22366426.0,97.94032378046256,-1.316748967980182,False
Malaysia,MYS,2015,91.9699559937,24012959.0,67.09043698976399,-9.786096437972931,False
Malaysia,MYS,2016,90.9429842287,24569452.0,0.0,-8.093858555371602,False
Malaysia,MYS,2017,92.892826081,23719787.0,0.0,-9.46619716840316,False
Malaysia,MYS,2018,93.9117056901,24955994.0,0.0,-2.316328471003872,False
Malaysia,MYS,2019,98.1785160836,26215322.0,0.0,0.4194417699782994,False
Malaysia,MYS,2020,99.5042950989,26669483.0,0.0,1.459927327210596,False
Malaysia,MYS,2021,98.6806336759,28261849.0,0.0,-0.7397978206853106,False
Malaysia,MYS,2022,23.39857241800457,27293935.0,0.0,-0.5787266860400219,False
Malaysia,MYS,2023,23.39857241800457,28246849.0,0.0,-37.96310870035779,False
Malaysia,MYS,2024,23.39857241800457,30659850.0,49.53885920745446,-37.96310870035779,False
Maldives,MDV,1990,23.39857241800457,34879305.04928218,0.0,-37.96310870035779,False
Maldives,MDV,2004,23.39857241800457,34879305.04928218,0.0,-37.96310870035779,False
Maldives,MDV,2005,23.39857241800457,34879305.04928218,0.0,-37.96310870035779,False
Maldives,MDV,2006,3.2025611964,34879305.04928218,0.0,-37.96310870035779,False
Maldives,MDV,2007,3.7064667277,47703.0,0.0,-37.96310870035779,False
Maldives,MDV,2008,2.8162541055,53650.0,49.53885920745446,-37.96310870035779,False
Maldives,MDV,2009,5.8891523872,56000.0,49.53885920745446,-37.96310870035779,False
Maldives,MDV,2010,5.7339346195,49627.0,49.53885920745446,-37.96310870035779,False
Maldives,MDV,2011,7.742012996,53062.0,49.53885920745446,-37.96310870035779,False
Maldives,MDV,2012,7.9466700817,54820.0,49.53885920745446,-37.96310870035779,False
Maldives,MDV,2013,7.0697483499,79712.0,49.53885920745446,-37.96310870035779,False
Maldives,MDV,2014,1.8304445435,83777.0,49.53885920745446,-37.96310870035779,False
Maldives,MDV,2015,7.4208112011,83778.0,49.53885920745446,-37.96310870035779,False
Maldives,MDV,2016,7.2503269496,81744.0,49.53885920745446,-37.96310870035779,False
Maldives,MDV,2017,7.0843511845,82761.0,49.53885920745446,-37.96310870035779,False
Maldives,MDV,2018,6.9125847988,82252.5,49.53885920745446,-37.96310870035779,False
Maldives,MDV,2019,7.0671868982,107728.2,49.53885920745446,-37.96310870035779,False
Maldives,MDV,2020,7.2153847386,34879305.04928218,49.53885920745446,-37.96310870035779,False
Maldives,MDV,2021,7.3078393345,34879305.04928218,49.53885920745446,-37.96310870035779,False
Malta,MLT,2002,23.39857241800457,34879305.04928218,99.97002686557268,-37.96310870035779,False
Malta,MLT,2003,23.39857241800457,34879305.04928218,99.96469471187056,-37.96310870035779,False
Malta,MLT,2004,23.39857241800457,34879305.04928218,99.95163473602184,-37.96310870035779,False
Malta,MLT,2006,28.647064125,34879305.04928218,98.0389962310835,-37.96310870035779,False
Malta,MLT,2007,28.896409621,34879305.04928218,49.53885920745446,-37.96310870035779,False
Malta,MLT,2008,36.5476929613,34879305.04928218,94.77933006094923,-37.96310870035779,False
Malta,MLT,2009,37.3112214684,34879305.04928218,96.49385661182586,251.6229435304573,False
Malta,MLT,2010,39.6895745091,2414479.0,99.16131000769,282.2436828761075,False
Malta,MLT,2011,36.875025599,2406652.0,98.7958101788154,276.2350985786339,False
Malta,MLT,2012,42.0582697356,2589983.0,98.45484547445685,247.8298493739688,False
Malta,MLT,2013,42.8302723403,2793692.0,97.99925765242985,276.5798568254747,False
Malta,MLT,2014,44.0638249691,2924283.0,97.38233356273646,264.1636966941134,False
Malta,MLT,2015,49.7161711445,3120668.0,82.3987161613524,347.1518165287424,False
Malta,MLT,2016,49.0109869469,3151939.0,0.0,419.0584935897443,False
Malta,MLT,2017,47.8162485117,3245812.0,0.0,450.1814594270819,False
Malta,MLT,2018,48.7460692691,3414328.0,0.0,437.4964936886399,False
Malta,MLT,2019,51.4435981549,2813023.0,0.0,424.2078246849393,False
Malta,MLT,2020,46.2849983359,2539087.0,0.0,417.4627383015595,False
Malta,MLT,2021,57.3662807948,3075918.0,0.0,376.5708488332761,False
Malta,MLT,2022,23.39857241800457,2993799.0,0.0,389.5528379964177,False
Malta,MLT,2023,23.39857241800457,2907257.0,0.0,403.5916298334005,False
Malta,MLT,2024,23.39857241800457,2967924.0,49.53885920745446,-37.96310870035779,False
Marshall Islands,MHL,2004,23.39857241800457,34879305.04928218,0.0,-37.96310870035779,False
Marshall Islands,MHL,2005,23.39857241800457,34879305.04928218,0.0,-37.96310870035779,False
Marshall Islands,MHL,2006,4.6696087485,34879305.04928218,0.0,-37.96310870035779,False
Marshall Islands,MHL,2007,3.9776478102,34879305.04928218,0.0,-37.96310870035779,False
Marshall Islands,MHL,2008,4.4299386332,34879305.04928218,49.53885920745446,-37.96310870035779,False
Marshall Islands,MHL,2009,3.5994190843,34879305.04928218,49.53885920745446,-37.96310870035779,False
Marshall Islands,MHL,2010,3.5503784762,19699.68,49.53885920745446,-37.96310870035779,False
Marshall Islands,MHL,2011,3.7500523289,21988.51,49.53885920745446,-37.96310870035779,False
Marshall Islands,MHL,2012,5.6531738469,28796.52,49.53885920745446,-37.96310870035779,False
Marshall Islands,MHL,2013,5.5364783478,47899.47,49.53885920745446,-37.96310870035779,False
Marshall Islands,MHL,2014,5.173252307,26168.14,49.53885920745446,-37.96310870035779,False
Marshall Islands,MHL,2015,4.8740214253,41855.44,49.53885920745446,-37.96310870035779,False
Marshall Islands,MHL,2016,6.3746238152,51613.32,49.53885920745446,-37.96310870035779,False
Marshall Islands,MHL,2017,6.8703897686,74193.53,49.53885920745446,-37.96310870035779,False
Marshall Islands,MHL,2018,4.0399916518,70146.41,49.53885920745446,-37.96310870035779,False
Marshall Islands,MHL,2019,6.5845321799,30711.22,49.53885920745446,-37.96310870035779,False
Marshall Islands,MHL,2020,6.7351654245,34879305.04928218,49.53885920745446,-37.96310870035779,False
Marshall Islands,MHL,2021,7.2124081079,34879305.04928218,49.53885920745446,-37.96310870035779,False
Mauritania,MRT,2006,8.6137906628,34879305.04928218,49.53885920745446,-37.96310870035779,False
Mauritania,MRT,2007,4.6637631704,34879305.04928218,49.53885920745446,-37.96310870035779,False
Mauritania,MRT,2008,5.899139465,57478.0,49.53885920745446,-37.96310870035779,False
Mauritania,MRT,2009,7.0143100333,62269.0,49.53885920745446,-37.96310870035779,False
Mauritania,MRT,2010,7.1177081256,65705.0,49.53885920745446,-37.96310870035779,False
Mauritania,MRT,2011,6.9623513394,69500.0,49.53885920745446,-37.96310870035779,False
Mauritania,MRT,2012,6.1977899793,72228.0,49.53885920745446,-37.96310870035779,False
Mauritania,MRT,2013,7.0593239134,72700.0,49.53885920745446,-37.96310870035779,False
Mauritania,MRT,2014,6.6965728574,72464.0,49.53885920745446,-37.96310870035779,False
Mauritania,MRT,2015,7.4295323796,72582.0,49.53885920745446,-37.96310870035779,False
Mauritania,MRT,2016,7.8635012954,72523.0,49.53885920745446,-37.96310870035779,False
Mauritania,MRT,2017,12.6053893325,88400.0,49.53885920745446,-37.96310870035779,False
Mauritania,MRT,2018,7.1935137614,80461.5,49.53885920745446,-37.96310870035779,False
Mauritania,MRT,2019,7.5391936644,84457.99,49.53885920745446,-37.96310870035779,False
Mauritania,MRT,2020,6.1667139652,34879305.04928218,49.53885920745446,-37.96310870035779,False
Mauritania,MRT,2021,6.0457500488,34879305.04928218,49.53885920745446,-37.96310870035779,False
Mauritius,MUS,1990,23.39857241800457,34879305.04928218,55.45476771557496,-37.96310870035779,False
Mauritius,MUS,1991,23.39857241800457,34879305.04928218,58.45232272951012,-37.96310870035779,False
Mauritius,MUS,1992,23.39857241800457,34879305.04928218,59.04555711654906,-37.96310870035779,False
Mauritius,MUS,1993,23.39857241800457,34879305.04928218,62.67488321631136,-37.96310870035779,False
Mauritius,MUS,1994,23.39857241800457,34879305.04928218,65.8693413354209,-37.96310870035779,False
Mauritius,MUS,1995,23.39857241800457,34879305.04928218,63.29306101291217,-37.96310870035779,False
Mauritius,MUS,1996,23.39857241800457,34879305.04928218,65.39140683822099,-37.96310870035779,False
Mauritius,MUS,1997,23.39857241800457,34879305.04928218,63.78368605954358,-37.96310870035779,False
Mauritius,MUS,1998,23.39857241800457,34879305.04928218,65.48790419614826,-37.96310870035779,False
Mauritius,MUS,1999,23.39857241800457,34879305.04928218,75.7488401047656,-37.96310870035779,False
Mauritius,MUS,2000,23.39857241800457,34879305.04928218,73.86118970212677,-37.96310870035779,False
Mauritius,MUS,2001,23.39857241800457,34879305.04928218,73.52558478025838,-37.96310870035779,False
Mauritius,MUS,2002,23.39857241800457,34879305.04928218,75.41839385118304,-37.96310870035779,False
Mauritius,MUS,2003,23.39857241800457,34879305.04928218,75.83916377021743,-37.96310870035779,False
Mauritius,MUS,2004,23.39857241800457,34879305.04928218,75.46051908215023,-37.96310870035779,False
Mauritius,MUS,2005,23.39857241800457,34879305.04928218,77.39566882286263,-37.96310870035779,False
Mauritius,MUS,2006,15.3472076873,34879305.04928218,79.54170861166583,-37.96310870035779,False
Mauritius,MUS,2007,19.0519465397,34879305.04928218,80.3241122707703,-37.96310870035779,False
Mauritius,MUS,2008,17.9093189567,34879305.04928218,79.4250364846658,-37.96310870035779,False
Mauritius,MUS,2009,19.1565674759,34879305.04928218,81.04460029117492,-37.96310870035779,False
Mauritius,MUS,2010,19.3190924277,332662.0,81.865719929465,-37.96310870035779,False
Mauritius,MUS,2011,21.2004403028,350624.0,82.43594266888579,-37.96310870035779,False
Mauritius,MUS,2012,24.1884138867,417467.0,83.27225206456642,-37.96310870035779,False
Mauritius,MUS,2013,28.7371637682,385326.0,84.47094738019358,-37.96310870035779,False
Mauritius,MUS,2014,24.8886238968,403001.0,85.0556234220937,-37.96310870035779,False
Mauritius,MUS,2015,26.9743027439,361109.0,83.34124636358959,-37.96310870035779,False
Mauritius,MUS,2016,32.2927806347,388514.0,0.0,-37.96310870035779,False
Mauritius,MUS,2017,30.8191403748,379371.0,0.0,-37.96310870035779,False
Mauritius,MUS,2018,31.9069025848,451446.0,0.0,-37.96310870035779,False
Mauritius,MUS,2019,33.6760826268,469011.0,0.0,-37.96310870035779,False
Mauritius,MUS,2020,33.7342968696,438078.0,0.0,-37.96310870035779,False
Mauritius,MUS,2021,24.5745773713,436398.0,0.0,-37.96310870035779,False
Mauritius,MUS,2022,23.39857241800457,407825.0,0.0,-37.96310870035779,False
Mauritius,MUS,2023,23.39857241800457,448527.0,0.0,-37.96310870035779,False
Mauritius,MUS,2024,23.39857241800457,468254.0,49.53885920745446,-37.96310870035779,False
Mexico,MEX,1990,23.39857241800457,34879305.04928218,86.81312656234125,-56.18449156346637,False
Mexico,MEX,1991,23.39857241800457,34879305.04928218,86.86919976548779,-55.67468374956194,False
Mexico,MEX,1992,23.39857241800457,34879305.04928218,86.3617564464722,-53.57981609820168,False
Mexico,MEX,1993,23.39857241800457,34879305.04928218,86.35770063342906,-53.69618739241755,False
Mexico,MEX,1994,23.39857241800457,34879305.04928218,87.53248788430471,-48.44172316269079,False
Mexico,MEX,1995,23.39857241800457,34879305.04928218,85.55435913499024,-52.17060881471095,False
Mexico,MEX,1996,23.39857241800457,34879305.04928218,85.6256642507194,-55.94078258972625,False
Mexico,MEX,1997,23.39857241800457,34879305.04928218,86.03873436072568,-56.45139026113628,False
Mexico,MEX,1998,23.39857241800457,34879305.04928218,86.4875815070503,-52.51559250882799,False
Mexico,MEX,1999,23.39857241800457,34879305.04928218,86.40428423627024,-46.80284530192406,False
Mexico,MEX,2000,23.39857241800457,34879305.04928218,86.09083838501313,-47.58739668301526,False
Mexico,MEX,2001,23.39857241800457,34879305.04928218,87.61628161427761,-47.57963152417057,False
Mexico,MEX,2002,23.39857241800457,34879305.04928218,87.39775972472123,-49.19681542772021,False
Mexico,MEX,2003,23.39857241800457,34879305.04928218,86.78694439470792,-51.58882818243817,False
Mexico,MEX,2004,23.39857241800457,34879305.04928218,86.02093505110918,-51.31126087927767,False
Mexico,MEX,2005,23.39857241800457,34879305.04928218,87.06760897080949,-43.77185516748627,False
Mexico,MEX,2006,31.3788611969,34879305.04928218,88.05906069029288,-40.35707438476893,False
Mexico,MEX,2007,30.944133504,34879305.04928218,87.58195978997372,-34.27833006730307,False
Mexico,MEX,2008,34.6497459388,34879305.04928218,86.99676901402478,-25.82320088784972,False
Mexico,MEX,2009,32.4996176217,34879305.04928218,89.98294295749129,-23.08671820632291,False
Mexico,MEX,2010,36.8622121965,3704765.0,87.99242428776587,-22.45161242311029,False
Mexico,MEX,2011,38.5225012776,4226288.0,88.29007121462776,-17.62941629463522,False
Mexico,MEX,2012,38.4062703422,4810170.0,90.44603248376636,-11.71105403916699,False
Mexico,MEX,2013,39.3915348429,4892881.0,90.02831193499789,-10.4334471850256,False
Mexico,MEX,2014,40.0565760249,5071720.0,89.51699981729095,-7.87572561111971,False
Mexico,MEX,2015,46.7216813463,5421307.0,90.90222946645302,-0.8382234400332561,False
Mexico,MEX,2016,44.422770130399996,5678854.0,0.0,4.93383715309556,False
Mexico,MEX,2017,45.0349544405,6375338.0,0.0,11.43404192645688,False
Mexico,MEX,2018,45.184283328,6983149.0,0.0,16.79131791575958,False
Mexico,MEX,2019,49.0962441615,7113878.0,0.0,18.2994397147,False
Mexico,MEX,2020,48.4002409425,6487264.0,0.0,10.88954966281231,False
Mexico,MEX,2021,47.2803765363,7852417.0,0.0,15.31175582344241,False
Mexico,MEX,2022,23.39857241800457,8307884.0,0.0,21.10507648794573,False
Mexico,MEX,2023,23.39857241800457,8319202.0,0.0,21.58435595203991,False
Mexico,MEX,2024,23.39857241800457,9284170.0,0.0,-37.96310870035779,False
"Micronesia, Fed. Sts.",FSM,2006,2.7551293957,34879305.04928218,49.53885920745446,-37.96310870035779,False
"Micronesia, Fed. Sts.",FSM,2007,3.8281953349,34879305.04928218,49.53885920745446,-37.96310870035779,False
"Micronesia, Fed. Sts.",FSM,2008,3.9796198639,34879305.04928218,49.53885920745446,-37.96310870035779,False
"Micronesia, Fed. Sts.",FSM,2009,3.8187176141,34879305.04928218,49.53885920745446,-37.96310870035779,False
"Micronesia, Fed. Sts.",FSM,2010,1.7749560854,6570.016,49.53885920745446,-37.96310870035779,False
"Micronesia, Fed. Sts.",FSM,2011,1.6135219587,5900.462,49.53885920745446,-37.96310870035779,False
"Micronesia, Fed. Sts.",FSM,2012,2.4653585735,13192.05,49.53885920745446,-37.96310870035779,False
"Micronesia, Fed. Sts.",FSM,2013,2.2231172507,9269.688,49.53885920745446,-37.96310870035779,False
"Micronesia, Fed. Sts.",FSM,2014,2.3944347199,9269.688,49.53885920745446,-37.96310870035779,False
"Micronesia, Fed. Sts.",FSM,2015,2.3944347199,9814.813,49.53885920745446,-37.96310870035779,False
"Micronesia, Fed. Sts.",FSM,2016,2.3944347199,9814.813,49.53885920745446,-37.96310870035779,False
"Micronesia, Fed. Sts.",FSM,2017,2.77080559,11433.5,49.53885920745446,-37.96310870035779,False
"Micronesia, Fed. Sts.",FSM,2018,4.0399916518,32194.52,49.53885920745446,-37.96310870035779,False
"Micronesia, Fed. Sts.",FSM,2019,4.0399916518,25234.09,49.53885920745446,-37.96310870035779,False
"Micronesia, Fed. Sts.",FSM,2020,4.4141730866,34879305.04928218,49.53885920745446,-37.96310870035779,False
"Micronesia, Fed. Sts.",FSM,2021,4.4141730866,34879305.04928218,49.53885920745446,-37.96310870035779,False
"Middle East, North Africa, Afghanistan & Pakistan",MEA,1971,23.39857241800457,34879305.04928218,82.32248982191139,-37.96310870035779,True
"Middle East, North Africa, Afghanistan & Pakistan",MEA,1972,23.39857241800457,34879305.04928218,82.48091436418875,-37.96310870035779,True
"Middle East, North Africa, Afghanistan & Pakistan",MEA,1973,23.39857241800457,34879305.04928218,83.03506828791151,-37.96310870035779,True
"Middle East, North Africa, Afghanistan & Pakistan",MEA,1974,23.39857241800457,34879305.04928218,84.21204397752378,-37.96310870035779,True
"Middle East, North Africa, Afghanistan & Pakistan",MEA,1975,23.39857241800457,34879305.04928218,84.61518627736274,-37.96310870035779,True
"Middle East, North Africa, Afghanistan & Pakistan",MEA,1976,23.39857241800457,34879305.04928218,85.59136999353412,-37.96310870035779,True
"Middle East, North Africa, Afghanistan & Pakistan",MEA,1977,23.39857241800457,34879305.04928218,86.43192251524313,-37.96310870035779,True
"Middle East, North Africa, Afghanistan & Pakistan",MEA,1978,23.39857241800457,34879305.04928218,86.95683408990786,-37.96310870035779,True
"Middle East, North Africa, Afghanistan & Pakistan",MEA,1979,23.39857241800457,34879305.04928218,88.52183333336711,-37.96310870035779,True
"Middle East, North Africa, Afghanistan & Pakistan",MEA,1980,23.39857241800457,34879305.04928218,89.38851427611922,-37.96310870035779,True
"Middle East, North Africa, Afghanistan & Pakistan",MEA,1981,23.39857241800457,34879305.04928218,89.76222085025566,-37.96310870035779,True
"Middle East, North Africa, Afghanistan & Pakistan",MEA,1982,23.39857241800457,34879305.04928218,90.5904348677516,-37.96310870035779,True
"Middle East, North Africa, Afghanistan & Pakistan",MEA,1983,23.39857241800457,34879305.04928218,91.16641064934412,-37.96310870035779,True
"Middle East, North Africa, Afghanistan & Pakistan",MEA,1984,23.39857241800457,34879305.04928218,91.3774900650837,-37.96310870035779,True
"Middle East, North Africa, Afghanistan & Pakistan",MEA,1985,23.39857241800457,34879305.04928218,91.22079052477092,-37.96310870035779,True
"Middle East, North Africa, Afghanistan & Pakistan",MEA,1986,23.39857241800457,34879305.04928218,91.53900048806553,-37.96310870035779,True
"Middle East, North Africa, Afghanistan & Pakistan",MEA,1987,23.39857241800457,34879305.04928218,91.75709694208184,-37.96310870035779,True
"Middle East, North Africa, Afghanistan & Pakistan",MEA,1988,23.39857241800457,34879305.04928218,92.3246464906403,-37.96310870035779,True
"Middle East, North Africa, Afghanistan & Pakistan",MEA,1989,23.39857241800457,34879305.04928218,92.63398255371374,-37.96310870035779,True
"Middle East, North Africa, Afghanistan & Pakistan",MEA,1990,23.39857241800457,34879305.04928218,91.06069432140968,-249.9656424874393,True
"Middle East, North Africa, Afghanistan & Pakistan",MEA,1991,23.39857241800457,34879305.04928218,90.71764299944644,-233.9080963343735,True
"Middle East, North Africa, Afghanistan & Pakistan",MEA,1992,23.39857241800457,34879305.04928218,91.74122699940806,-230.2820786450136,True
"Middle East, North Africa, Afghanistan & Pakistan",MEA,1993,23.39857241800457,34879305.04928218,91.5743744103562,-224.0850271886823,True
"Middle East, North Africa, Afghanistan & Pakistan",MEA,1994,23.39857241800457,34879305.04928218,91.05386035176652,-211.1224133630805,True
"Middle East, North Africa, Afghanistan & Pakistan",MEA,1995,23.39857241800457,34879305.04928218,49.53885920745446,-207.8188700547898,True
"Middle East, North Africa, Afghanistan & Pakistan",MEA,1996,23.39857241800457,34879305.04928218,89.93792638493694,-202.4941233059426,True
"Middle East, North Africa, Afghanistan & Pakistan",MEA,1997,23.39857241800457,34879305.04928218,91.54540218436344,-199.6186796362933,True
"Middle East, North Africa, Afghanistan & Pakistan",MEA,1998,23.39857241800457,34879305.04928218,92.28224590700118,-208.409395942271,True
"Middle East, North Africa, Afghanistan & Pakistan",MEA,1999,23.39857241800457,34879305.04928218,92.43820331483452,-195.6196130429898,True
"Middle East, North Africa, Afghanistan & Pakistan",MEA,2000,23.39857241800457,34879305.04928218,91.10433097663332,-201.8048623918532,True
"Middle East, North Africa, Afghanistan & Pakistan",MEA,2001,23.39857241800457,34879305.04928218,91.16479374102236,-178.732778474337,True
"Middle East, North Africa, Afghanistan & Pakistan",MEA,2002,23.39857241800457,34879305.04928218,91.02493305955014,-161.4476450122778,True
"Middle East, North Africa, Afghanistan & Pakistan",MEA,2003,23.39857241800457,34879305.04928218,90.1083530982818,-167.1559744353045,True
"Middle East, North Africa, Afghanistan & Pakistan",MEA,2004,23.39857241800457,34879305.04928218,92.14901151659812,-177.5312137238067,True
"Middle East, North Africa, Afghanistan & Pakistan",MEA,2005,23.39857241800457,34879305.04928218,92.37372784910124,-159.4659533293213,True
"Middle East, North Africa, Afghanistan & Pakistan",MEA,2006,23.39857241800457,34879305.04928218,92.72300750857852,-149.2961380270287,True
"Middle East, North Africa, Afghanistan & Pakistan",MEA,2007,23.39857241800457,34879305.04928218,92.68192069293548,-138.4997340414845,True
"Middle East, North Africa, Afghanistan & Pakistan",MEA,2008,23.39857241800457,34879305.04928218,93.65025003327638,-133.2580432306895,True
"Middle East, North Africa, Afghanistan & Pakistan",MEA,2009,23.39857241800457,34879305.04928218,93.36535026655336,-125.5986269299939,True
"Middle East, North Africa, Afghanistan & Pakistan",MEA,2010,23.39857241800457,50332346.56,92.6463616059792,-125.6090951429025,True
"Middle East, North Africa, Afghanistan & Pakistan",MEA,2011,23.39857241800457,53561646.41,90.8240120812898,-129.5494271168357,True
"Middle East, North Africa, Afghanistan & Pakistan",MEA,2012,23.39857241800457,55352093.53,93.07561013112924,-127.1348353661284,True
"Middle East, North Africa, Afghanistan & Pakistan",MEA,2013,23.39857241800457,56280950.94,92.1105190568304,-120.9120475413226,True
"Middle East, North Africa, Afghanistan & Pakistan",MEA,2014,23.39857241800457,59316307.3,90.7198389307124,-108.6368790069818,True
"Middle East, North Africa, Afghanistan & Pakistan",MEA,2015,23.39857241800457,60564826.0,36.44236658365041,-111.3164733653223,True
"Middle East, North Africa, Afghanistan & Pakistan",MEA,2016,23.39857241800457,61684143.7,0.0,-120.8000248817282,True
"Middle East, North Africa, Afghanistan & Pakistan",MEA,2017,23.39857241800457,64221822.2,0.0,-112.0395434189269,True
"Middle East, North Africa, Afghanistan & Pakistan",MEA,2018,23.39857241800457,64532486.85,0.0,-115.692298551111,True
"Middle East, North Africa, Afghanistan & Pakistan",MEA,2019,23.39857241800457,64908320.225,0.0,-107.5541281908711,True
"Middle East, North Africa, Afghanistan & Pakistan",MEA,2020,23.39857241800457,64802117.0,0.0,-96.9713170669738,True
"Middle East, North Africa, Afghanistan & Pakistan",MEA,2021,23.39857241800457,65139478.0,0.0,-96.21549232577308,True
"Middle East, North Africa, Afghanistan & Pakistan",MEA,2022,23.39857241800457,68545391.0,0.0,-102.8762888085332,True
"Middle East, North Africa, Afghanistan & Pakistan",MEA,2023,23.39857241800457,70748568.0,0.0,-37.96310870035779,True
"Middle East, North Africa, Afghanistan & Pakistan",MEA,2024,23.39857241800457,75809537.0,0.0,-37.96310870035779,True
"Middle East, North Africa, Afghanistan & Pakistan (IDA & IBRD)",TMN,1971,23.39857241800457,34879305.04928218,75.89053354255014,-37.96310870035779,True
"Middle East, North Africa, Afghanistan & Pakistan (IDA & IBRD)",TMN,1972,23.39857241800457,34879305.04928218,76.93270181523684,-37.96310870035779,True
"Middle East, North Africa, Afghanistan & Pakistan (IDA & IBRD)",TMN,1973,23.39857241800457,34879305.04928218,78.81220511635352,-37.96310870035779,True
"Middle East, North Africa, Afghanistan & Pakistan (IDA & IBRD)",TMN,1974,23.39857241800457,34879305.04928218,80.22600916360474,-37.96310870035779,True
"Middle East, North Africa, Afghanistan & Pakistan (IDA & IBRD)",TMN,1975,23.39857241800457,34879305.04928218,81.05787150366892,-37.96310870035779,True
"Middle East, North Africa, Afghanistan & Pakistan (IDA & IBRD)",TMN,1976,23.39857241800457,34879305.04928218,82.0643063663361,-37.96310870035779,True
"Middle East, North Africa, Afghanistan & Pakistan (IDA & IBRD)",TMN,1977,23.39857241800457,34879305.04928218,82.89072821775528,-37.96310870035779,True
"Middle East, North Africa, Afghanistan & Pakistan (IDA & IBRD)",TMN,1978,23.39857241800457,34879305.04928218,82.97107212911301,-37.96310870035779,True
"Middle East, North Africa, Afghanistan & Pakistan (IDA & IBRD)",TMN,1979,23.39857241800457,34879305.04928218,84.45790005053584,-37.96310870035779,True
"Middle East, North Africa, Afghanistan & Pakistan (IDA & IBRD)",TMN,1980,23.39857241800457,34879305.04928218,84.58007410296341,-37.96310870035779,True
"Middle East, North Africa, Afghanistan & Pakistan (IDA & IBRD)",TMN,1981,23.39857241800457,34879305.04928218,85.47482600419829,-37.96310870035779,True
"Middle East, North Africa, Afghanistan & Pakistan (IDA & IBRD)",TMN,1982,23.39857241800457,34879305.04928218,86.66609178111672,-37.96310870035779,True
"Middle East, North Africa, Afghanistan & Pakistan (IDA & IBRD)",TMN,1983,23.39857241800457,34879305.04928218,86.49674645311184,-37.96310870035779,True
"Middle East, North Africa, Afghanistan & Pakistan (IDA & IBRD)",TMN,1984,23.39857241800457,34879305.04928218,87.15398129846994,-37.96310870035779,True
"Middle East, North Africa, Afghanistan & Pakistan (IDA & IBRD)",TMN,1985,23.39857241800457,34879305.04928218,87.70533336455958,-37.96310870035779,True
"Middle East, North Africa, Afghanistan & Pakistan (IDA & IBRD)",TMN,1986,23.39857241800457,34879305.04928218,87.49991368941265,-37.96310870035779,True
"Middle East, North Africa, Afghanistan & Pakistan (IDA & IBRD)",TMN,1987,23.39857241800457,34879305.04928218,87.56470787235793,-37.96310870035779,True
"Middle East, North Africa, Afghanistan & Pakistan (IDA & IBRD)",TMN,1988,23.39857241800457,34879305.04928218,87.94314523813745,-37.96310870035779,True
"Middle East, North Africa, Afghanistan & Pakistan (IDA & IBRD)",TMN,1989,23.39857241800457,34879305.04928218,88.62972982340679,-37.96310870035779,True
"Middle East, North Africa, Afghanistan & Pakistan (IDA & IBRD)",TMN,1990,23.39857241800457,34879305.04928218,88.15446419247984,-164.4122425472826,True
"Middle East, North Africa, Afghanistan & Pakistan (IDA & IBRD)",TMN,1991,23.39857241800457,34879305.04928218,87.0294498846762,-126.8552753449701,True
"Middle East, North Africa, Afghanistan & Pakistan (IDA & IBRD)",TMN,1992,23.39857241800457,34879305.04928218,87.5453280589634,-121.2801046268294,True
"Middle East, North Africa, Afghanistan & Pakistan (IDA & IBRD)",TMN,1993,23.39857241800457,34879305.04928218,86.59756721153639,-115.8289840044879,True
"Middle East, North Africa, Afghanistan & Pakistan (IDA & IBRD)",TMN,1994,23.39857241800457,34879305.04928218,86.98886737486065,-110.4384083129388,True
"Middle East, North Africa, Afghanistan & Pakistan (IDA & IBRD)",TMN,1995,23.39857241800457,34879305.04928218,88.51378326409251,-109.2661649925945,True
"Middle East, North Africa, Afghanistan & Pakistan (IDA & IBRD)",TMN,1996,23.39857241800457,34879305.04928218,87.83106190707457,-106.7177747640803,True
"Middle East, North Africa, Afghanistan & Pakistan (IDA & IBRD)",TMN,1997,23.39857241800457,34879305.04928218,88.4110126342439,-107.5197756759788,True
"Middle East, North Africa, Afghanistan & Pakistan (IDA & IBRD)",TMN,1998,23.39857241800457,34879305.04928218,89.90462879738324,-121.9643437267662,True
"Middle East, North Africa, Afghanistan & Pakistan (IDA & IBRD)",TMN,1999,23.39857241800457,34879305.04928218,89.81255469946848,-122.0271230881901,True
"Middle East, North Africa, Afghanistan & Pakistan (IDA & IBRD)",TMN,2000,23.39857241800457,34879305.04928218,90.10795435185152,-124.2824750473196,True
"Middle East, North Africa, Afghanistan & Pakistan (IDA & IBRD)",TMN,2001,23.39857241800457,34879305.04928218,90.08960502407682,-109.5975967156441,True
"Middle East, North Africa, Afghanistan & Pakistan (IDA & IBRD)",TMN,2002,23.39857241800457,34879305.04928218,90.19865497363044,-107.6668330509115,True
"Middle East, North Africa, Afghanistan & Pakistan (IDA & IBRD)",TMN,2003,23.39857241800457,34879305.04928218,89.09293847455125,-101.5776303896905,True
"Middle East, North Africa, Afghanistan & Pakistan (IDA & IBRD)",TMN,2004,23.39857241800457,34879305.04928218,89.8683210356553,-102.0329188333988,True
"Middle East, North Africa, Afghanistan & Pakistan (IDA & IBRD)",TMN,2005,23.39857241800457,34879305.04928218,90.53310535179932,-93.58333883615748,True
"Middle East, North Africa, Afghanistan & Pakistan (IDA & IBRD)",TMN,2006,23.39857241800457,34879305.04928218,90.27688927562224,-89.6593854237052,True
"Middle East, North Africa, Afghanistan & Pakistan (IDA & IBRD)",TMN,2007,23.39857241800457,34879305.04928218,90.76222496923953,-87.16280816634207,True
"Middle East, North Africa, Afghanistan & Pakistan (IDA & IBRD)",TMN,2008,23.39857241800457,34879305.04928218,91.46682038087152,-81.95770701640582,True
"Middle East, North Africa, Afghanistan & Pakistan (IDA & IBRD)",TMN,2009,23.39857241800457,34879305.04928218,91.05614183292404,-75.39488520506688,True
"Middle East, North Africa, Afghanistan & Pakistan (IDA & IBRD)",TMN,2010,23.39857241800457,19759949.56,90.40737332797532,-75.65087286678312,True
"Middle East, North Africa, Afghanistan & Pakistan (IDA & IBRD)",TMN,2011,23.39857241800457,20902586.41,89.93115297163078,-62.87157999052126,True
"Middle East, North Africa, Afghanistan & Pakistan (IDA & IBRD)",TMN,2012,23.39857241800457,19609461.53,89.90176536232002,-58.83851899071557,True
"Middle East, North Africa, Afghanistan & Pakistan (IDA & IBRD)",TMN,2013,23.39857241800457,19952334.94,90.0603617213339,-49.06245810547998,True
"Middle East, North Africa, Afghanistan & Pakistan (IDA & IBRD)",TMN,2014,23.39857241800457,21725476.3,89.61898754801234,-40.28704271532661,True
"Middle East, North Africa, Afghanistan & Pakistan (IDA & IBRD)",TMN,2015,23.39857241800457,20851923.0,53.99483511768013,-44.02425453461522,True
"Middle East, North Africa, Afghanistan & Pakistan (IDA & IBRD)",TMN,2016,23.39857241800457,21644970.7,0.0,-57.96656994692842,True
"Middle East, North Africa, Afghanistan & Pakistan (IDA & IBRD)",TMN,2017,23.39857241800457,24013232.7,0.0,-56.45040494633521,True
"Middle East, North Africa, Afghanistan & Pakistan (IDA & IBRD)",TMN,2018,23.39857241800457,23855289.1,0.0,-57.51544904461885,True
"Middle East, North Africa, Afghanistan & Pakistan (IDA & IBRD)",TMN,2019,23.39857241800457,23851400.6,0.0,-48.80157458813711,True
"Middle East, North Africa, Afghanistan & Pakistan (IDA & IBRD)",TMN,2020,23.39857241800457,23277269.0,0.0,-35.02026519624675,True
"Middle East, North Africa, Afghanistan & Pakistan (IDA & IBRD)",TMN,2021,23.39857241800457,34879305.04928218,0.0,-40.41146525709284,True
"Middle East, North Africa, Afghanistan & Pakistan (IDA & IBRD)",TMN,2022,23.39857241800457,24551982.0,0.0,-40.96559732073654,True
"Middle East, North Africa, Afghanistan & Pakistan (IDA & IBRD)",TMN,2023,23.39857241800457,34879305.04928218,0.0,-37.96310870035779,True
"Middle East, North Africa, Afghanistan & Pakistan (IDA & IBRD)",TMN,2024,23.39857241800457,32208832.0,49.53885920745446,-37.96310870035779,True
"Middle East, North Africa, Afghanistan & Pakistan (excluding high income)",MNA,1971,23.39857241800457,34879305.04928218,75.89053354255014,-37.96310870035779,True
"Middle East, North Africa, Afghanistan & Pakistan (excluding high income)",MNA,1972,23.39857241800457,34879305.04928218,76.93270181523683,-37.96310870035779,True
"Middle East, North Africa, Afghanistan & Pakistan (excluding high income)",MNA,1973,23.39857241800457,34879305.04928218,78.81220511635354,-37.96310870035779,True
"Middle East, North Africa, Afghanistan & Pakistan (excluding high income)",MNA,1974,23.39857241800457,34879305.04928218,80.22600916360474,-37.96310870035779,True
"Middle East, North Africa, Afghanistan & Pakistan (excluding high income)",MNA,1975,23.39857241800457,34879305.04928218,81.05787150366892,-37.96310870035779,True
"Middle East, North Africa, Afghanistan & Pakistan (excluding high income)",MNA,1976,23.39857241800457,34879305.04928218,82.0643063663361,-37.96310870035779,True
"Middle East, North Africa, Afghanistan & Pakistan (excluding high income)",MNA,1977,23.39857241800457,34879305.04928218,82.89072821775528,-37.96310870035779,True
"Middle East, North Africa, Afghanistan & Pakistan (excluding high income)",MNA,1978,23.39857241800457,34879305.04928218,82.971072129113,-37.96310870035779,True
"Middle East, North Africa, Afghanistan & Pakistan (excluding high income)",MNA,1979,23.39857241800457,34879305.04928218,84.45790005053584,-37.96310870035779,True
"Middle East, North Africa, Afghanistan & Pakistan (excluding high income)",MNA,1980,23.39857241800457,34879305.04928218,84.58007410296341,-37.96310870035779,True
"Middle East, North Africa, Afghanistan & Pakistan (excluding high income)",MNA,1981,23.39857241800457,34879305.04928218,85.47482600419828,-37.96310870035779,True
"Middle East, North Africa, Afghanistan & Pakistan (excluding high income)",MNA,1982,23.39857241800457,34879305.04928218,86.66609178111672,-37.96310870035779,True
"Middle East, North Africa, Afghanistan & Pakistan (excluding high income)",MNA,1983,23.39857241800457,34879305.04928218,86.49674645311184,-37.96310870035779,True
"Middle East, North Africa, Afghanistan & Pakistan (excluding high income)",MNA,1984,23.39857241800457,34879305.04928218,87.15398129846996,-37.96310870035779,True
"Middle East, North Africa, Afghanistan & Pakistan (excluding high income)",MNA,1985,23.39857241800457,34879305.04928218,87.70533336455956,-37.96310870035779,True
"Middle East, North Africa, Afghanistan & Pakistan (excluding high income)",MNA,1986,23.39857241800457,34879305.04928218,87.49991368941264,-37.96310870035779,True
"Middle East, North Africa, Afghanistan & Pakistan (excluding high income)",MNA,1987,23.39857241800457,34879305.04928218,87.56470787235794,-37.96310870035779,True
"Middle East, North Africa, Afghanistan & Pakistan (excluding high income)",MNA,1988,23.39857241800457,34879305.04928218,87.94314523813745,-37.96310870035779,True
"Middle East, North Africa, Afghanistan & Pakistan (excluding high income)",MNA,1989,23.39857241800457,34879305.04928218,88.62972982340676,-37.96310870035779,True
"Middle East, North Africa, Afghanistan & Pakistan (excluding high income)",MNA,1990,23.39857241800457,34879305.04928218,88.15446419247985,-164.4122425472826,True
"Middle East, North Africa, Afghanistan & Pakistan (excluding high income)",MNA,1991,23.39857241800457,34879305.04928218,87.02944988467621,-126.8552753449701,True
"Middle East, North Africa, Afghanistan & Pakistan (excluding high income)",MNA,1992,23.39857241800457,34879305.04928218,87.5453280589634,-121.2801046268294,True
"Middle East, North Africa, Afghanistan & Pakistan (excluding high income)",MNA,1993,23.39857241800457,34879305.04928218,86.59756721153636,-115.8289840044879,True
"Middle East, North Africa, Afghanistan & Pakistan (excluding high income)",MNA,1994,23.39857241800457,34879305.04928218,86.98886737486065,-110.4384083129388,True
"Middle East, North Africa, Afghanistan & Pakistan (excluding high income)",MNA,1995,23.39857241800457,34879305.04928218,88.51378326409251,-109.2661649925945,True
"Middle East, North Africa, Afghanistan & Pakistan (excluding high income)",MNA,1996,23.39857241800457,34879305.04928218,87.83106190707456,-106.7177747640803,True
"Middle East, North Africa, Afghanistan & Pakistan (excluding high income)",MNA,1997,23.39857241800457,34879305.04928218,88.4110126342439,-107.5197756759788,True
"Middle East, North Africa, Afghanistan & Pakistan (excluding high income)",MNA,1998,23.39857241800457,34879305.04928218,89.90462879738327,-121.9643437267662,True
"Middle East, North Africa, Afghanistan & Pakistan (excluding high income)",MNA,1999,23.39857241800457,34879305.04928218,89.81255469946848,-122.0271230881902,True
"Middle East, North Africa, Afghanistan & Pakistan (excluding high income)",MNA,2000,23.39857241800457,34879305.04928218,90.10795435185152,-124.2824750473196,True
"Middle East, North Africa, Afghanistan & Pakistan (excluding high income)",MNA,2001,23.39857241800457,34879305.04928218,90.08960502407685,-109.5975967156441,True
"Middle East, North Africa, Afghanistan & Pakistan (excluding high income)",MNA,2002,23.39857241800457,34879305.04928218,90.19865497363044,-107.6668330509115,True
"Middle East, North Africa, Afghanistan & Pakistan (excluding high income)",MNA,2003,23.39857241800457,34879305.04928218,89.09293847455127,-101.5776303896905,True
"Middle East, North Africa, Afghanistan & Pakistan (excluding high income)",MNA,2004,23.39857241800457,34879305.04928218,89.86832103565531,-102.0329188333988,True
"Middle East, North Africa, Afghanistan & Pakistan (excluding high income)",MNA,2005,23.39857241800457,34879305.04928218,90.53310535179934,-93.5833388361575,True
"Middle East, North Africa, Afghanistan & Pakistan (excluding high income)",MNA,2006,23.39857241800457,34879305.04928218,90.27688927562222,-89.6593854237052,True
"Middle East, North Africa, Afghanistan & Pakistan (excluding high income)",MNA,2007,23.39857241800457,34879305.04928218,90.76222496923953,-87.16280816634209,True
"Middle East, North Africa, Afghanistan & Pakistan (excluding high income)",MNA,2008,23.39857241800457,34879305.04928218,91.46682038087154,-81.95770701640579,True
"Middle East, North Africa, Afghanistan & Pakistan (excluding high income)",MNA,2009,23.39857241800457,34879305.04928218,91.056141832924,-75.39488520506688,True
"Middle East, North Africa, Afghanistan & Pakistan (excluding high income)",MNA,2010,23.39857241800457,19759949.56,90.40737332797532,-75.65087286678313,True
"Middle East, North Africa, Afghanistan & Pakistan (excluding high income)",MNA,2011,23.39857241800457,20902586.41,89.93115297163077,-62.87157999052125,True
"Middle East, North Africa, Afghanistan & Pakistan (excluding high income)",MNA,2012,23.39857241800457,19609461.53,89.90176536232002,-58.83851899071557,True
"Middle East, North Africa, Afghanistan & Pakistan (excluding high income)",MNA,2013,23.39857241800457,19952334.94,90.0603617213339,-49.06245810547997,True
"Middle East, North Africa, Afghanistan & Pakistan (excluding high income)",MNA,2014,23.39857241800457,21725476.3,89.61898754801234,-40.28704271532661,True
"Middle East, North Africa, Afghanistan & Pakistan (excluding high income)",MNA,2015,23.39857241800457,20851923.0,53.99483511768011,-44.02425453461522,True
"Middle East, North Africa, Afghanistan & Pakistan (excluding high income)",MNA,2016,23.39857241800457,21644970.7,0.0,-57.96656994692842,True
"Middle East, North Africa, Afghanistan & Pakistan (excluding high income)",MNA,2017,23.39857241800457,24013232.7,0.0,-56.45040494633521,True
"Middle East, North Africa, Afghanistan & Pakistan (excluding high income)",MNA,2018,23.39857241800457,23855289.1,0.0,-57.51544904461885,True
"Middle East, North Africa, Afghanistan & Pakistan (excluding high income)",MNA,2019,23.39857241800457,23851400.6,0.0,-48.8015745881371,True
"Middle East, North Africa, Afghanistan & Pakistan (excluding high income)",MNA,2020,23.39857241800457,23277269.0,0.0,-35.02026519624674,True
"Middle East, North Africa, Afghanistan & Pakistan (excluding high income)",MNA,2021,23.39857241800457,34879305.04928218,0.0,-40.41146525709283,True
"Middle East, North Africa, Afghanistan & Pakistan (excluding high income)",MNA,2022,23.39857241800457,24551982.0,0.0,-40.96559732073654,True
"Middle East, North Africa, Afghanistan & Pakistan (excluding high income)",MNA,2023,23.39857241800457,34879305.04928218,0.0,-37.96310870035779,True
"Middle East, North Africa, Afghanistan & Pakistan (excluding high income)",MNA,2024,23.39857241800457,32208832.0,49.53885920745446,-37.96310870035779,True
Middle income,MIC,1960,23.39857241800457,34879305.04928218,44.19907188742386,-37.96310870035779,True
Middle income,MIC,1961,23.39857241800457,34879305.04928218,44.15911346707507,-37.96310870035779,True
Middle income,MIC,1962,23.39857241800457,34879305.04928218,49.0496657421752,-37.96310870035779,True
Middle income,MIC,1963,23.39857241800457,34879305.04928218,51.62627950599133,-37.96310870035779,True
Middle income,MIC,1964,23.39857241800457,34879305.04928218,53.97489236859649,-37.96310870035779,True
Middle income,MIC,1965,23.39857241800457,34879305.04928218,56.08172970749894,-37.96310870035779,True
Middle income,MIC,1966,23.39857241800457,34879305.04928218,59.44922183786405,-37.96310870035779,True
Middle income,MIC,1967,23.39857241800457,34879305.04928218,60.62461071181127,-37.96310870035779,True
Middle income,MIC,1968,23.39857241800457,34879305.04928218,62.18319546684407,-37.96310870035779,True
Middle income,MIC,1969,23.39857241800457,34879305.04928218,64.16108790981964,-37.96310870035779,True
Middle income,MIC,1970,23.39857241800457,34879305.04928218,65.65402953079007,-37.96310870035779,True
Middle income,MIC,1971,23.39857241800457,34879305.04928218,54.34904255525542,-37.96310870035779,True
Middle income,MIC,1972,23.39857241800457,34879305.04928218,55.23558572615501,-37.96310870035779,True
Middle income,MIC,1973,23.39857241800457,34879305.04928218,56.47597554600632,-37.96310870035779,True
Middle income,MIC,1974,23.39857241800457,34879305.04928218,57.07746508583553,-37.96310870035779,True
Middle income,MIC,1975,23.39857241800457,34879305.04928218,58.58565589281766,-37.96310870035779,True
Middle income,MIC,1976,23.39857241800457,34879305.04928218,59.49581354691181,-37.96310870035779,True
Middle income,MIC,1977,23.39857241800457,34879305.04928218,61.11690768445444,-37.96310870035779,True
Middle income,MIC,1978,23.39857241800457,34879305.04928218,62.50355820304315,-37.96310870035779,True
Middle income,MIC,1979,23.39857241800457,34879305.04928218,62.90337287555905,-37.96310870035779,True
Middle income,MIC,1980,23.39857241800457,34879305.04928218,63.08709708629537,-37.96310870035779,True
Middle income,MIC,1981,23.39857241800457,34879305.04928218,63.15633877576506,-37.96310870035779,True
Middle income,MIC,1982,23.39857241800457,34879305.04928218,63.82679883774929,-37.96310870035779,True
Middle income,MIC,1983,23.39857241800457,34879305.04928218,63.96430928247077,-37.96310870035779,True
Middle income,MIC,1984,23.39857241800457,34879305.04928218,64.60866314056295,-37.96310870035779,True
Middle income,MIC,1985,23.39857241800457,34879305.04928218,65.07555767606185,-37.96310870035779,True
Middle income,MIC,1986,23.39857241800457,34879305.04928218,65.60646757945864,-37.96310870035779,True
Middle income,MIC,1987,23.39857241800457,34879305.04928218,66.3641596284661,-37.96310870035779,True
Middle income,MIC,1988,23.39857241800457,34879305.04928218,67.01051723599672,-37.96310870035779,True
Middle income,MIC,1989,23.39857241800457,34879305.04928218,67.35129222147845,-37.96310870035779,True
Middle income,MIC,1990,23.39857241800457,34879305.04928218,74.5624374208171,-19.91063523225612,True
Middle income,MIC,1991,23.39857241800457,34879305.04928218,74.35761012060878,-14.18963681023524,True
Middle income,MIC,1992,23.39857241800457,34879305.04928218,74.31749990357828,-14.36625987508907,True
Middle income,MIC,1993,23.39857241800457,34879305.04928218,74.30533263388882,-14.72229973049161,True
Middle income,MIC,1994,23.39857241800457,34879305.04928218,74.09956586248612,-15.13654340497821,True
Middle income,MIC,1995,23.39857241800457,34879305.04928218,74.66725137476651,-14.51609836362754,True
Middle income,MIC,1996,23.39857241800457,34879305.04928218,74.74558897392156,-19.89853674881498,True
Middle income,MIC,1997,23.39857241800457,34879305.04928218,74.91189678748604,-15.34872364168098,True
Middle income,MIC,1998,23.39857241800457,34879305.04928218,75.11866372772484,-22.18817651481714,True
Middle income,MIC,1999,23.39857241800457,34879305.04928218,75.16341705139237,-21.87604788093354,True
Middle income,MIC,2000,23.39857241800457,34879305.04928218,76.00458739963807,-22.18865275256332,True
Middle income,MIC,2001,23.39857241800457,34879305.04928218,76.88838141518379,-22.64320579108404,True
Middle income,MIC,2002,23.39857241800457,34879305.04928218,77.2406577302116,-20.23209226934314,True
Middle income,MIC,2003,23.39857241800457,34879305.04928218,78.06583125467228,-18.84801525606157,True
Middle income,MIC,2004,23.39857241800457,34879305.04928218,79.43858798486464,-17.82394997566302,True
Middle income,MIC,2005,23.39857241800457,34879305.04928218,80.37295153252856,-17.88237932491541,True
Middle income,MIC,2006,23.39857241800457,34879305.04928218,80.76313029747347,-16.60095390332467,True
Middle income,MIC,2007,23.39857241800457,34879305.04928218,81.2324962995628,-14.73724078346612,True
Middle income,MIC,2008,23.39857241800457,34879305.04928218,81.84700899329273,-13.14105177797568,True
Middle income,MIC,2009,23.39857241800457,34879305.04928218,82.66713356575515,-10.56056158995479,True
Middle income,MIC,2010,23.39857241800457,258884111.055,83.21254473433729,-8.47025648456078,True
Middle income,MIC,2011,23.39857241800457,287456128.132,83.37932785800072,-6.165527367252222,True
Middle income,MIC,2012,23.39857241800457,307175050.5510001,83.63930154165749,-4.652457504117398,True
Middle income,MIC,2013,23.39857241800457,322271801.4619999,83.2799663857469,-2.279058883404984,True
Middle income,MIC,2014,23.39857241800457,341007034.2320001,82.75586032339457,-0.5474296182483843,True
Middle income,MIC,2015,23.39857241800457,353239154.5272,59.76381287780013,-0.2912968111250749,True
Middle income,MIC,2016,23.39857241800457,365591878.4571999,0.0,0.041818509502817,True
Middle income,MIC,2017,23.39857241800457,393336628.7242,0.0,1.063303399240848,True
Middle income,MIC,2018,23.39857241800457,416377460.1852,0.0,2.74172312224634,True
Middle income,MIC,2019,23.39857241800457,430597671.37,0.0,4.876610726209913,True
Middle income,MIC,2020,23.39857241800457,428572219.25,0.0,7.287634318857473,True
Middle income,MIC,2021,23.39857241800457,461024956.0,0.0,7.756389951519119,True
Middle income,MIC,2022,23.39857241800457,473237930.0,0.0,7.850928425003271,True
Middle income,MIC,2023,23.39857241800457,489318714.0,0.0,15.80002649640796,True
Middle income,MIC,2024,23.39857241800457,533747883.0,0.0,-37.96310870035779,True
Moldova,MDA,1990,23.39857241800457,34879305.04928218,49.53885920745446,99.96330452416616,False
Moldova,MDA,1991,23.39857241800457,34879305.04928218,49.53885920745446,99.40026339783203,False
Moldova,MDA,1992,23.39857241800457,34879305.04928218,99.71644544880364,98.16054503402972,False
Moldova,MDA,1993,23.39857241800457,34879305.04928218,98.31899308794031,93.72211537331606,False
Moldova,MDA,1994,23.39857241800457,34879305.04928218,97.25575754481773,-37.96310870035779,False
Moldova,MDA,1995,23.39857241800457,34879305.04928218,94.6740571182711,99.4832185211243,False
Moldova,MDA,1996,23.39857241800457,34879305.04928218,94.2797579999984,94.55830388692584,False
Moldova,MDA,1997,23.39857241800457,34879305.04928218,93.2232403415454,100.5015855780264,False
Moldova,MDA,1998,23.39857241800457,34879305.04928218,92.81822406351552,-37.96310870035779,False
Moldova,MDA,1999,23.39857241800457,34879305.04928218,92.16672000367728,-37.96310870035779,False
Moldova,MDA,2000,23.39857241800457,34879305.04928218,91.46628789914276,-37.96310870035779,False
Moldova,MDA,2001,23.39857241800457,34879305.04928218,90.95231631575102,-37.96310870035779,False
Moldova,MDA,2002,23.39857241800457,34879305.04928218,89.46724993249934,96.8718902114465,False
Moldova,MDA,2003,23.39857241800457,34879305.04928218,87.78955225721923,98.15641346372502,False
Moldova,MDA,2004,23.39857241800457,34879305.04928218,89.27814192809106,96.68184775536768,False
Moldova,MDA,2005,23.39857241800457,34879305.04928218,88.75325210070201,97.0851805154484,False
Moldova,MDA,2006,23.39857241800457,34879305.04928218,87.99411289398121,96.52215439558162,False
Moldova,MDA,2007,23.39857241800457,34879305.04928218,89.14645913870972,98.06737626321645,False
Moldova,MDA,2008,23.39857241800457,34879305.04928218,88.89267093242702,97.11711840126571,False
Moldova,MDA,2009,23.39857241800457,34879305.04928218,92.4278642525504,96.9593555693894,False
Moldova,MDA,2010,23.39857241800457,34879305.04928218,84.99734803103047,84.37253758880686,False
Moldova,MDA,2011,23.39857241800457,34879305.04928218,83.16975755080777,85.63897289550287,False
Moldova,MDA,2012,0.9128458598,1419.987,82.13281809614867,84.01620891490332,False
Moldova,MDA,2013,0.6031832108,472.614,78.22686154692022,82.42634462046064,False
Moldova,MDA,2014,0.6031832108,472.614,80.22457428588122,81.78468827505878,False
Moldova,MDA,2015,0.7280656831,735.0142,81.5491493364742,82.57386981913247,False
Moldova,MDA,2016,0.7280656831,735.0142,0.0,81.9081303162418,False
Moldova,MDA,2017,0.7280656831,735.0142,0.0,80.88314652739437,False
Moldova,MDA,2018,0.7275360832,735.0142,0.0,81.97751244720256,False
Moldova,MDA,2019,0.7275360832,818.0,0.0,84.15758742073714,False
Moldova,MDA,2020,0.6354334777,34879305.04928218,0.0,84.09585651292161,False
Moldova,MDA,2021,23.39857241800457,34879305.04928218,0.0,83.7504210844852,False
Moldova,MDA,2022,23.39857241800457,34879305.04928218,0.0,86.56366606026,False
Moldova,MDA,2023,23.39857241800457,34879305.04928218,0.0,81.16588231767624,False
Mongolia,MNG,1990,23.39857241800457,34879305.04928218,94.79024646851173,20.53846690381528,False
Mongolia,MNG,1991,23.39857241800457,34879305.04928218,97.57762999206624,14.41580062556755,False
Mongolia,MNG,1992,23.39857241800457,34879305.04928218,97.25973583692196,12.90865367255713,False
Mongolia,MNG,1993,23.39857241800457,34879305.04928218,96.80581262051888,-37.96310870035779,False
Mongolia,MNG,1994,23.39857241800457,34879305.04928218,96.44050381395172,-37.96310870035779,False
Mongolia,MNG,1995,23.39857241800457,34879305.04928218,96.22797799401022,18.03382073389371,False
Mongolia,MNG,1996,23.39857241800457,34879305.04928218,95.50929117671804,19.47749584249776,False
Mongolia,MNG,1997,23.39857241800457,34879305.04928218,95.72494110309697,20.46811218891281,False
Mongolia,MNG,1998,23.39857241800457,34879305.04928218,95.73979992481112,20.63564625850334,False
Mongolia,MNG,1999,23.39857241800457,34879305.04928218,96.37476580892044,19.37349188061136,False
Mongolia,MNG,2000,23.39857241800457,34879305.04928218,94.0201216987046,20.20956096365359,False
Mongolia,MNG,2001,23.39857241800457,34879305.04928218,93.2177937675132,20.0128137330676,False
Mongolia,MNG,2002,23.39857241800457,34879305.04928218,93.1040158224263,19.52571575274088,False
Mongolia,MNG,2003,23.39857241800457,34879305.04928218,92.89495951819389,21.5573762506454,False
Mongolia,MNG,2004,23.39857241800457,34879305.04928218,93.10360261524312,22.82068248416676,False
Mongolia,MNG,2005,23.39857241800457,34879305.04928218,94.01126610103042,-29.70220140438638,False
Mongolia,MNG,2006,23.39857241800457,34879305.04928218,94.31389096249718,-30.65393828881973,False
Mongolia,MNG,2007,23.39857241800457,34879305.04928218,94.58525061504209,-42.20132024489509,False
Mongolia,MNG,2008,23.39857241800457,34879305.04928218,94.59928487144272,-58.498678149955,False
Mongolia,MNG,2009,23.39857241800457,34879305.04928218,94.84230630137888,-117.2955088937659,False
Mongolia,MNG,2010,23.39857241800457,34879305.04928218,94.84662944070008,-277.8614588095747,False
Mongolia,MNG,2011,23.39857241800457,34879305.04928218,95.217059061471,-247.8711953428359,False
Mongolia,MNG,2012,23.39857241800457,34879305.04928218,95.92483339703946,-300.9508032182696,False
Mongolia,MNG,2013,23.39857241800457,34879305.04928218,94.98170754797604,-231.9954824592361,False
Mongolia,MNG,2014,23.39857241800457,34879305.04928218,94.79293667796446,-248.6561830205145,False
Mongolia,MNG,2015,23.39857241800457,34879305.04928218,98.55606067987182,-210.649757498803,False
Mongolia,MNG,2016,23.39857241800457,34879305.04928218,0.0,-327.3247294448686,False
Mongolia,MNG,2017,23.39857241800457,34879305.04928218,0.0,-374.491359496041,False
Mongolia,MNG,2018,23.39857241800457,34879305.04928218,0.0,-364.0472280209505,False
Mongolia,MNG,2019,23.39857241800457,34879305.04928218,0.0,-269.0859640672593,False
Mongolia,MNG,2020,23.39857241800457,34879305.04928218,0.0,-224.965558599004,False
Mongolia,MNG,2021,23.39857241800457,34879305.04928218,0.0,-115.0400880653152,False
Mongolia,MNG,2022,23.39857241800457,34879305.04928218,0.0,-226.427034086937,False
Mongolia,MNG,2023,23.39857241800457,34879305.04928218,0.0,-37.96310870035779,False
Montenegro,MNE,2005,23.39857241800457,34879305.04928218,55.20556814142649,42.69245159479937,False
Montenegro,MNE,2006,23.39857241800457,34879305.04928218,59.6336704636982,45.40412879826262,False
Montenegro,MNE,2007,23.39857241800457,34879305.04928218,56.89872477994283,54.5824760854351,False
Montenegro,MNE,2008,3.3819078579,34879305.04928218,63.91756726814174,46.49357812623119,False
Montenegro,MNE,2009,3.5526469381,34879305.04928218,55.45580623043583,43.09882247726939,False
Montenegro,MNE,2010,3.4628926147,27600.0,64.73790282131567,26.49114631873262,False
Montenegro,MNE,2011,3.8942501171,33100.0,63.36956140470142,36.5566940181117,False
Montenegro,MNE,2012,4.1090841527,33593.0,61.49066942260652,34.65934761001167,False
Montenegro,MNE,2013,4.5579123703,33029.0,63.96491499159311,23.69953463440785,False
Montenegro,MNE,2014,3.9560375928,39186.0,64.7132992578143,30.41457380613244,False
Montenegro,MNE,2015,3.7626010182,24026.0,65.70165474016243,30.54214275469716,False
Montenegro,MNE,2016,5.219392813,30211.0,0.0,35.35100022145121,False
Montenegro,MNE,2017,3.1785110022,43732.0,0.0,41.33843481526668,False
Montenegro,MNE,2018,3.0720506427,15998.0,0.0,31.82220607931721,False
Montenegro,MNE,2019,5.4343356051,15744.0,0.0,33.68935871567681,False
Montenegro,MNE,2020,5.4365316794,34879305.04928218,0.0,27.65338897615629,False
Montenegro,MNE,2021,4.4277308052,38352.0,0.0,31.52781151323782,False
Montenegro,MNE,2022,23.39857241800457,34879305.04928218,0.0,29.62318973209179,False
Montenegro,MNE,2023,23.39857241800457,35085.0,0.0,24.35275800711747,False
Montenegro,MNE,2024,23.39857241800457,17263.0,49.53885920745446,-37.96310870035779,False
Morocco,MAR,1990,23.39857241800457,34879305.04928218,85.48409535107399,85.34659238753892,False
Morocco,MAR,1991,23.39857241800457,34879305.04928218,84.59386901865884,81.28936024223988,False
Morocco,MAR,1992,23.39857241800457,34879305.04928218,85.26663473467949,88.06127363312994,False
Morocco,MAR,1993,23.39857241800457,34879305.04928218,86.03122250374372,86.29583794698105,False
Morocco,MAR,1994,23.39857241800457,34879305.04928218,86.66823160647485,87.4604988735686,False
Morocco,MAR,1995,23.39857241800457,34879305.04928218,87.00851904851883,88.34463002276387,False
Morocco,MAR,1996,23.39857241800457,34879305.04928218,86.36583702971642,84.64968106362419,False
Morocco,MAR,1997,23.39857241800457,34879305.04928218,86.51451092999467,89.25038366190496,False
Morocco,MAR,1998,23.39857241800457,34879305.04928218,86.38484409273576,89.33750625474916,False
Morocco,MAR,1999,23.39857241800457,34879305.04928218,86.9494310784941,88.02080382783392,False
Morocco,MAR,2000,23.39857241800457,34879305.04928218,86.528576405942,90.13709913405351,False
Morocco,MAR,2001,23.39857241800457,34879305.04928218,87.5459073565303,94.80127264027912,False
Morocco,MAR,2002,23.39857241800457,34879305.04928218,87.79542677298893,88.1574659322708,False
Morocco,MAR,2003,23.39857241800457,34879305.04928218,87.14549869309973,91.41625177809414,False
Morocco,MAR,2004,23.39857241800457,34879305.04928218,82.24495834556505,83.34307392420911,False
Morocco,MAR,2005,23.39857241800457,34879305.04928218,84.95150000502966,86.81926987398482,False
Morocco,MAR,2006,11.3005861812,34879305.04928218,85.51828760237092,87.45848474503835,False
Morocco,MAR,2007,26.8469968445,34879305.04928218,85.98582295620038,91.89761107976696,False
Morocco,MAR,2008,39.0799171656,34879305.04928218,86.97609471414842,89.6185838640902,False
Morocco,MAR,2009,45.3905371255,34879305.04928218,86.96760323108384,93.60503243492292,False
Morocco,MAR,2010,50.2978959198,2946000.0,87.09740193444219,95.9270968941792,False
Morocco,MAR,2011,44.9489728503,3032679.0,88.62996278522925,95.43553283686651,False
Morocco,MAR,2012,50.9618131151,2790692.0,89.09182771395893,103.8037539823688,False
Morocco,MAR,2013,56.473471084,3526437.0,88.31820404155137,99.66103596997525,False
Morocco,MAR,2014,57.8327386808,4076488.0,88.36457319186327,102.7875181925809,False
Morocco,MAR,2015,58.2901760135,3987251.0,72.8609624298786,96.03665293957054,False
Morocco,MAR,2016,61.1905494817,4106683.0,0.0,94.9250966307845,False
Morocco,MAR,2017,66.3883495341,4509580.0,0.0,95.12793231696791,False
Morocco,MAR,2018,62.5369528895,4715747.0,0.0,96.28682833783031,False
Morocco,MAR,2019,62.0447837254,6068803.0,0.0,92.42728367577828,False
Morocco,MAR,2020,68.0522500059,7000928.0,0.0,90.73217033736591,False
Morocco,MAR,2021,69.3039477287,8448850.0,0.0,91.3557010365519,False
Morocco,MAR,2022,23.39857241800457,8840340.0,0.0,94.00201185039306,False
Morocco,MAR,2023,23.39857241800457,9964417.0,0.0,93.64488050738878,False
Morocco,MAR,2024,23.39857241800457,11789130.0,49.53885920745446,-37.96310870035779,False
Mozambique,MOZ,1990,23.39857241800457,34879305.04928218,5.566007290900255,6.347275365058749,False
Mozambique,MOZ,1991,23.39857241800457,34879305.04928218,5.022505856438439,5.857265066763643,False
Mozambique,MOZ,1992,23.39857241800457,34879305.04928218,5.619168613389003,6.329434443101256,False
Mozambique,MOZ,1993,23.39857241800457,34879305.04928218,6.271633545814072,6.698351938754257,False
Mozambique,MOZ,1994,23.39857241800457,34879305.04928218,5.461977332827739,6.353964267096357,False
Mozambique,MOZ,1995,23.39857241800457,34879305.04928218,5.743769573483696,6.336548305404392,False
Mozambique,MOZ,1996,23.39857241800457,34879305.04928218,5.605018025822099,6.048028684634731,False
Mozambique,MOZ,1997,23.39857241800457,34879305.04928218,6.527707484168626,6.250843058122705,False
Mozambique,MOZ,1998,23.39857241800457,34879305.04928218,5.33145376184836,1.304093083777558,False
Mozambique,MOZ,1999,23.39857241800457,34879305.04928218,5.58207669951974,-2.127734254345314,False
Mozambique,MOZ,2000,23.39857241800457,34879305.04928218,6.731142508133452,-0.2694556994870432,False
Mozambique,MOZ,2001,23.39857241800457,34879305.04928218,6.5583099597785,0.928478074436415,False
Mozambique,MOZ,2002,23.39857241800457,34879305.04928218,5.911134901724187,-0.953834414345669,False
Mozambique,MOZ,2003,23.39857241800457,34879305.04928218,6.758663790410674,5.28359937530337,False
Mozambique,MOZ,2004,23.39857241800457,34879305.04928218,6.638649431083341,-7.391115302302211,False
Mozambique,MOZ,2005,23.39857241800457,34879305.04928218,5.91919415182953,-18.02917988721546,False
Mozambique,MOZ,2006,7.6762473016,34879305.04928218,6.139507351707359,-20.99051989160999,False
Mozambique,MOZ,2007,6.5033423206,34879305.04928218,9.291569067674248,-25.03174050685365,False
Mozambique,MOZ,2008,8.7973291296,34879305.04928218,8.816052304330528,-27.67103893669151,False
Mozambique,MOZ,2009,10.6298629741,34879305.04928218,9.176629257926011,-25.20916988904704,False
Mozambique,MOZ,2010,12.9403194854,34879305.04928218,10.84549685264178,-28.80613398323411,False
Mozambique,MOZ,2011,12.653732025,220000.0,10.66843701067209,-21.51367190159386,False
Mozambique,MOZ,2012,12.1190684957,246000.0,9.830294478038956,-32.04017732251616,False
Mozambique,MOZ,2013,17.1590063966,244500.0,10.41226589241454,-38.85484670998897,False
Mozambique,MOZ,2014,13.3641654336,277200.0,14.85477311697513,-44.25434548345165,False
Mozambique,MOZ,2015,11.609112324,335200.0,23.68365751340191,-44.35536618639168,False
Mozambique,MOZ,2016,11.4523192496,34879305.04928218,0.0,-73.74722095394962,False
Mozambique,MOZ,2017,10.8702151016,34879305.04928218,0.0,-123.0593935412349,False
Mozambique,MOZ,2018,11.3208663435,372218.0,0.0,-110.8129609902777,False
Mozambique,MOZ,2019,12.0822481088,411938.0,0.0,-82.45679514266105,False
Mozambique,MOZ,2020,14.5453869944,417459.0,0.0,-63.54099265620813,False
Mozambique,MOZ,2021,14.1337350129,440582.0,0.0,-74.3114353674017,False
Mozambique,MOZ,2022,23.39857241800457,420500.0,0.0,-106.3524272557453,False
Mozambique,MOZ,2023,23.39857241800457,489000.0,0.0,-37.96310870035779,False
Myanmar,MMR,1990,23.39857241800457,34879305.04928218,14.46315787874729,0.0845248051233657,False
Myanmar,MMR,1991,23.39857241800457,34879305.04928218,14.65364878852566,0.8211409106000119,False
Myanmar,MMR,1992,23.39857241800457,34879305.04928218,13.67960335397136,1.662773848199932,False
Myanmar,MMR,1993,23.39857241800457,34879305.04928218,17.72486535447825,2.64762840708732,False
Myanmar,MMR,1994,23.39857241800457,34879305.04928218,19.6438063971182,3.347012537178587,False
Myanmar,MMR,1995,23.39857241800457,34879305.04928218,21.07058523308505,5.572115559618062,False
Myanmar,MMR,1996,23.39857241800457,34879305.04928218,22.11923269550297,5.718137982120995,False
Myanmar,MMR,1997,23.39857241800457,34879305.04928218,22.05284221475097,7.839644797292498,False
Myanmar,MMR,1998,23.39857241800457,34879305.04928218,23.31331971727293,2.28553061841168,False
Myanmar,MMR,1999,23.39857241800457,34879305.04928218,24.63149475441803,-9.34770724034414,False
Myanmar,MMR,2000,23.39857241800457,34879305.04928218,25.6581672535108,-20.45674364621154,False
Myanmar,MMR,2001,23.39857241800457,34879305.04928218,22.10538609029143,-26.11085095123333,False
Myanmar,MMR,2002,23.39857241800457,34879305.04928218,23.33083033273409,-28.80726037841479,False
Myanmar,MMR,2003,23.39857241800457,34879305.04928218,26.42784390548879,-30.9475535993861,False
Myanmar,MMR,2004,23.39857241800457,34879305.04928218,29.42040945822788,-36.29351721825142,False
Myanmar,MMR,2005,23.39857241800457,34879305.04928218,28.15206245970646,-49.47192365952625,False
Myanmar,MMR,2006,3.804156672,34879305.04928218,28.50217795014201,-49.46423772930306,False
Myanmar,MMR,2007,3.4098823179,34879305.04928218,30.32979072495075,-50.24182683602744,False
Myanmar,MMR,2008,4.5824672784,34879305.04928218,27.23014311467968,-49.93281607562909,False
Myanmar,MMR,2009,4.9114304194,34879305.04928218,22.28302227375266,-54.23606559592402,False
Myanmar,MMR,2010,4.8959374104,335346.0,20.57704881614548,-63.34774895819126,False
Myanmar,MMR,2011,5.7779942019,380675.0,20.41072677531107,-60.70903966016922,False
Myanmar,MMR,2012,7.5008265236,474300.0,26.42397209151888,-48.01647261451492,False
Myanmar,MMR,2013,6.7920366151,567156.0,30.4422409824502,-41.59519391324947,False
Myanmar,MMR,2014,7.2424185467,716926.0,46.62739690506898,-43.45112982197378,False
Myanmar,MMR,2015,9.4971720549,827249.0,44.63430816674108,-49.93888371502355,False
Myanmar,MMR,2016,9.1644163565,1026216.0,0.0,-45.85343296833389,False
Myanmar,MMR,2017,9.9648031032,1043469.0,0.0,-26.82571919996916,False
Myanmar,MMR,2018,8.2760997322,1104101.0,0.0,-21.4529603217206,False
Myanmar,MMR,2019,8.6391839296,1128353.0,0.0,-23.66323273654033,False
Myanmar,MMR,2020,8.6087891835,1095247.0,0.0,-21.88531222703894,False
Myanmar,MMR,2021,8.5424085055,694016.0,0.0,-26.92513676681466,False
Myanmar,MMR,2022,23.39857241800457,846426.0,0.0,-19.02595423922202,False
Myanmar,MMR,2023,23.39857241800457,761557.0,0.0,-37.96310870035779,False
Myanmar,MMR,2024,23.39857241800457,782951.0,49.53885920745446,-37.96310870035779,False
Namibia,NAM,1991,23.39857241800457,34879305.04928218,55.11848210460112,59.92463626530827,False
Namibia,NAM,1992,23.39857241800457,34879305.04928218,56.42678316010955,64.24483620576233,False
Namibia,NAM,1993,23.39857241800457,34879305.04928218,59.87620873554675,68.73126567565909,False
Namibia,NAM,1994,23.39857241800457,34879305.04928218,64.05753950019817,74.84772584960442,False
Namibia,NAM,1995,23.39857241800457,34879305.04928218,64.71576328039467,71.04660244727938,False
Namibia,NAM,1996,23.39857241800457,34879305.04928218,65.37989824654896,75.75970703077633,False
Namibia,NAM,1997,23.39857241800457,34879305.04928218,65.79038126307694,77.46338215712412,False
Namibia,NAM,1998,23.39857241800457,34879305.04928218,64.84351099605884,74.89691193988837,False
Namibia,NAM,1999,23.39857241800457,34879305.04928218,64.00112781663199,73.33056344205144,False
Namibia,NAM,2000,23.39857241800457,34879305.04928218,60.46028063251823,68.65702243991349,False
Namibia,NAM,2001,23.39857241800457,34879305.04928218,65.49537933839358,72.80261807478571,False
Namibia,NAM,2002,23.39857241800457,34879305.04928218,61.9798912734746,68.9350976685569,False
Namibia,NAM,2003,23.39857241800457,34879305.04928218,62.52053091187224,70.74039777759877,False
Namibia,NAM,2004,23.39857241800457,34879305.04928218,60.39985299936437,69.03021260723635,False
Namibia,NAM,2005,23.39857241800457,34879305.04928218,60.60275780035536,69.12596178784453,False
Namibia,NAM,2006,9.0053629109,34879305.04928218,60.09788892355581,70.02335842200841,False
Namibia,NAM,2007,8.536042726,34879305.04928218,61.19490733648391,69.3046784817,False
Namibia,NAM,2008,11.0391854945,34879305.04928218,62.60793645015417,70.10123699920017,False
Namibia,NAM,2009,13.723934734,34879305.04928218,61.76843432649335,70.9659730867271,False
Namibia,NAM,2010,13.7328050316,247743.0,74.95486302210516,75.53256027594334,False
Namibia,NAM,2011,14.5325655077,220178.0,74.80103619247444,75.64612494287682,False
Namibia,NAM,2012,15.3299175835,334410.0,74.29708638365776,73.55420409893512,False
Namibia,NAM,2013,14.9853670844,301817.0,76.72027035345688,76.67550588755248,False
Namibia,NAM,2014,19.2028831304,253052.0,75.50164666367169,74.66403575646127,False
Namibia,NAM,2015,17.068693564,237546.0,75.64009261720332,77.54128491855278,False
Namibia,NAM,2016,17.2752862633,203071.0,0.0,76.78571428571405,False
Namibia,NAM,2017,16.1343177118,205991.0,0.0,73.8929385269388,False
Namibia,NAM,2018,14.1867017714,182655.0,0.0,77.54212116232935,False
Namibia,NAM,2019,15.6923700807,149464.0,0.0,71.53411941796276,False
Namibia,NAM,2020,14.5947789863,148642.0,0.0,63.89713282923432,False
Namibia,NAM,2021,22.1821681964,155980.0,0.0,65.49141965678629,False
Namibia,NAM,2022,23.39857241800457,168278.0,0.0,60.49989854017184,False
Namibia,NAM,2023,23.39857241800457,160883.0,0.0,-37.96310870035779,False
Namibia,NAM,2024,23.39857241800457,171151.0,49.53885920745446,-37.96310870035779,False
Naoero,NRU,2010,1.0926546335,34879305.04928218,49.53885920745446,-37.96310870035779,False
Naoero,NRU,2011,1.0926546335,2596.997,49.53885920745446,-37.96310870035779,False
Naoero,NRU,2012,23.39857241800457,2596.997,49.53885920745446,-37.96310870035779,False
Naoero,NRU,2013,1.2086454889,5563.455,49.53885920745446,-37.96310870035779,False
Naoero,NRU,2014,2.0865640586,8529.913,49.53885920745446,-37.96310870035779,False
Naoero,NRU,2015,2.0865640586,9438.25,49.53885920745446,-37.96310870035779,False
Naoero,NRU,2016,1.7198498418,7032.956,49.53885920745446,-37.96310870035779,False
Naoero,NRU,2017,1.7007007539,5536.052,49.53885920745446,-37.96310870035779,False
Naoero,NRU,2018,1.8513339985,7606.643,49.53885920745446,-37.96310870035779,False
Naoero,NRU,2019,1.7007007539,5327.06,49.53885920745446,-37.96310870035779,False
Nepal,NPL,1990,23.39857241800457,34879305.04928218,5.050242010691921,5.268867768867765,False
Nepal,NPL,1991,23.39857241800457,34879305.04928218,6.008783611627104,6.319049046049345,False
Nepal,NPL,1992,23.39857241800457,34879305.04928218,6.286160799151129,6.754637791958573,False
Nepal,NPL,1993,23.39857241800457,34879305.04928218,6.700636559106979,7.196902041111041,False
Nepal,NPL,1994,23.39857241800457,34879305.04928218,7.852606731626617,8.464629782548853,False
Nepal,NPL,1995,23.39857241800457,34879305.04928218,8.55724817454344,9.06981957139756,False
Nepal,NPL,1996,23.39857241800457,34879305.04928218,8.667246680634019,9.349885862597322,False
Nepal,NPL,1997,23.39857241800457,34879305.04928218,9.654316975187976,10.45483918738809,False
Nepal,NPL,1998,23.39857241800457,34879305.04928218,9.928833704901518,10.79997638058747,False
Nepal,NPL,1999,23.39857241800457,34879305.04928218,12.50422554429933,13.32437827652468,False
Nepal,NPL,2000,23.39857241800457,34879305.04928218,11.97178308729082,12.65301554013454,False
Nepal,NPL,2001,23.39857241800457,34879305.04928218,12.35048871944156,12.86803181220646,False
Nepal,NPL,2002,23.39857241800457,34879305.04928218,10.15595111922075,10.58641705468769,False
Nepal,NPL,2003,23.39857241800457,34879305.04928218,10.6082013104519,10.98250993535505,False
Nepal,NPL,2004,23.39857241800457,34879305.04928218,9.703645763509073,10.42427093641343,False
Nepal,NPL,2005,23.39857241800457,34879305.04928218,10.64508878509543,11.43222519770706,False
Nepal,NPL,2006,23.39857241800457,34879305.04928218,8.82874408100488,9.544769795687786,False
Nepal,NPL,2007,23.39857241800457,34879305.04928218,8.61367092596663,9.50668089735433,False
Nepal,NPL,2008,23.39857241800457,34879305.04928218,9.885269634459084,10.6916477234698,False
Nepal,NPL,2009,23.39857241800457,34879305.04928218,11.0396266206227,12.10406422623662,False
Nepal,NPL,2010,23.39857241800457,34879305.04928218,12.5967441070587,13.85196222681216,False
Nepal,NPL,2011,23.39857241800457,34879305.04928218,12.98571427060573,14.39116975845626,False
Nepal,NPL,2012,23.39857241800457,34879305.04928218,15.10883516390472,17.19808716832253,False
Nepal,NPL,2013,23.39857241800457,34879305.04928218,13.45296125433675,16.92627467217038,False
Nepal,NPL,2014,23.39857241800457,34879305.04928218,15.17631985804217,18.53976683367173,False
Nepal,NPL,2015,23.39857241800457,34879305.04928218,14.43028122745623,16.84234900882948,False
Nepal,NPL,2016,23.39857241800457,34879305.04928218,0.0,23.06347087469153,False
Nepal,NPL,2017,23.39857241800457,34879305.04928218,0.0,25.90752507889984,False
Nepal,NPL,2018,23.39857241800457,34879305.04928218,0.0,28.05656926616724,False
Nepal,NPL,2019,23.39857241800457,34879305.04928218,0.0,26.82844864812157,False
Nepal,NPL,2020,23.39857241800457,34879305.04928218,0.0,29.15963295830704,False
Nepal,NPL,2021,23.39857241800457,34879305.04928218,0.0,29.26122534133845,False
Nepal,NPL,2022,23.39857241800457,34879305.04928218,0.0,27.4137248718471,False
Nepal,NPL,2023,23.39857241800457,34879305.04928218,0.0,-37.96310870035779,False
Netherlands,NLD,1990,23.39857241800457,34879305.04928218,95.98834542282462,27.67814118620088,False
Netherlands,NLD,1991,23.39857241800457,34879305.04928218,96.19205653557268,22.16757706984489,False
Netherlands,NLD,1992,23.39857241800457,34879305.04928218,95.89487113489234,22.51655720733908,False
Netherlands,NLD,1993,23.39857241800457,34879305.04928218,95.35658854575487,20.92264091955497,False
Netherlands,NLD,1994,23.39857241800457,34879305.04928218,95.80145206910689,26.40931285825433,False
Netherlands,NLD,1995,23.39857241800457,34879305.04928218,96.43429899344063,24.39500423452993,False
Netherlands,NLD,1996,23.39857241800457,34879305.04928218,96.41794269468764,20.8406957151794,False
Netherlands,NLD,1997,23.39857241800457,34879305.04928218,96.43591117496634,31.22410672494322,False
Netherlands,NLD,1998,23.39857241800457,34879305.04928218,95.96423651327518,34.67053090822301,False
Netherlands,NLD,1999,23.39857241800457,34879305.04928218,95.05872313539578,37.58795599693418,False
Netherlands,NLD,2000,23.39857241800457,34879305.04928218,94.72018543642552,46.48204938849669,False
Netherlands,NLD,2001,23.39857241800457,34879305.04928218,95.30722566437116,42.00929085645951,False
Netherlands,NLD,2002,23.39857241800457,34879305.04928218,95.32862732785895,42.74943997005429,False
Netherlands,NLD,2003,23.39857241800457,34879305.04928218,95.49304173681053,46.51887509576073,False
Netherlands,NLD,2004,23.39857241800457,34879305.04928218,95.90730962759932,39.06126697945641,False
Netherlands,NLD,2005,23.39857241800457,34879305.04928218,94.87667431080308,46.54274145722682,False
Netherlands,NLD,2006,75.0490606897,34879305.04928218,94.3671499627051,48.12532957995809,False
Netherlands,NLD,2007,80.3726162187,34879305.04928218,94.58581178221958,47.04138668402164,False
Netherlands,NLD,2008,77.0966128851,34879305.04928218,94.12828421608026,41.97899753580643,False
Netherlands,NLD,2009,79.8499203413,34879305.04928218,94.0069143661391,41.8431645060824,False
Netherlands,NLD,2010,80.5287929187,11334566.0,94.54845841261177,34.04178409137169,False
Netherlands,NLD,2011,79.5092929677,12024928.0,92.68107417712108,36.3083964132339,False
Netherlands,NLD,2012,79.0659809313,12034495.0,92.1672502420073,37.26481002551586,False
Netherlands,NLD,2013,82.1849599548,11751977.0,93.8302506850123,28.84392144742992,False
Netherlands,NLD,2014,79.7034750222,12456588.0,93.2981887679315,38.13503745030209,False
Netherlands,NLD,2015,82.7395084202,12400607.0,92.03582274194048,58.81999660843205,False
Netherlands,NLD,2016,82.1084528016,12612142.0,0.0,55.4882960774675,False
Netherlands,NLD,2017,86.8417647145,13992474.0,0.0,62.32486179939863,False
Netherlands,NLD,2018,88.0620238044,14802257.0,0.0,71.68489282756482,False
Netherlands,NLD,2019,91.9299234884,15198050.0,0.0,78.25449011040207,False
Netherlands,NLD,2020,90.7878926955,14757227.0,0.0,81.76038233775321,False
Netherlands,NLD,2021,90.7426763023,15781756.0,0.0,69.94622181294886,False
Netherlands,NLD,2022,23.39857241800457,14929333.0,0.0,99.35876527354428,False
Netherlands,NLD,2023,23.39857241800457,14111298.0,0.0,87.01737489466053,False
Netherlands,NLD,2024,23.39857241800457,14517179.0,0.0,-37.96310870035779,False
New Caledonia,NCL,2006,11.6646991454,34879305.04928218,49.53885920745446,-37.96310870035779,False
New Caledonia,NCL,2007,12.6678246567,34879305.04928218,49.53885920745446,-37.96310870035779,False
New Caledonia,NCL,2008,12.940030528,34879305.04928218,49.53885920745446,-37.96310870035779,False
New Caledonia,NCL,2009,11.7930013398,34879305.04928218,49.53885920745446,-37.96310870035779,False
New Caledonia,NCL,2010,12.2360767377,90574.0,49.53885920745446,-37.96310870035779,False
New Caledonia,NCL,2011,11.882793015,95277.0,49.53885920745446,-37.96310870035779,False
New Caledonia,NCL,2012,12.1703507128,96000.0,49.53885920745446,-37.96310870035779,False
New Caledonia,NCL,2013,13.4531739165,95000.0,49.53885920745446,-37.96310870035779,False
New Caledonia,NCL,2014,12.1010366074,113000.0,49.53885920745446,-37.96310870035779,False
New Caledonia,NCL,2015,12.2008769014,104000.0,49.53885920745446,-37.96310870035779,False
New Caledonia,NCL,2016,12.4318540437,108500.0,49.53885920745446,-37.96310870035779,False
New Caledonia,NCL,2017,12.0624554524,113000.0,49.53885920745446,-37.96310870035779,False
New Caledonia,NCL,2018,10.2145152609,110750.0,49.53885920745446,-37.96310870035779,False
New Caledonia,NCL,2019,10.7067864683,111875.0,49.53885920745446,-37.96310870035779,False
New Caledonia,NCL,2020,10.5296889564,34879305.04928218,49.53885920745446,-37.96310870035779,False
New Caledonia,NCL,2021,10.6059227794,107834.0,49.53885920745446,-37.96310870035779,False
New Zealand,NZL,1990,23.39857241800457,34879305.04928218,66.05039061006461,16.31341769074804,False
New Zealand,NZL,1991,23.39857241800457,34879305.04928218,66.41328395161959,14.34341981026029,False
New Zealand,NZL,1992,23.39857241800457,34879305.04928218,68.3734006444453,14.8519919092428,False
New Zealand,NZL,1993,23.39857241800457,34879305.04928218,67.61195230999276,14.21122947825607,False
New Zealand,NZL,1994,23.39857241800457,34879305.04928218,67.81364829038988,18.7242204688873,False
New Zealand,NZL,1995,23.39857241800457,34879305.04928218,67.26412620568532,20.32138929677017,False
New Zealand,NZL,1996,23.39857241800457,34879305.04928218,69.10417415269656,18.04603288764441,False
New Zealand,NZL,1997,23.39857241800457,34879305.04928218,71.27668324933293,16.11021854435809,False
New Zealand,NZL,1998,23.39857241800457,34879305.04928218,68.90530885018103,21.45377768380681,False
New Zealand,NZL,1999,23.39857241800457,34879305.04928218,70.4522975229278,19.84720198706449,False
New Zealand,NZL,2000,23.39857241800457,34879305.04928218,68.88818452429327,19.54795306561996,False
New Zealand,NZL,2001,23.39857241800457,34879305.04928218,71.94212127758298,19.14823064567586,False
New Zealand,NZL,2002,23.39857241800457,34879305.04928218,69.95392874258981,21.60647545487716,False
New Zealand,NZL,2003,23.39857241800457,34879305.04928218,70.3017045464529,26.11164623653937,False
New Zealand,NZL,2004,23.39857241800457,34879305.04928218,68.49680449223003,30.55726903320212,False
New Zealand,NZL,2005,23.39857241800457,34879305.04928218,68.53246526194464,29.20529932808241,False
New Zealand,NZL,2006,20.5107860009,34879305.04928218,67.83993292563271,28.43301602930013,False
New Zealand,NZL,2007,21.7231492078,34879305.04928218,67.53485208250456,25.30534079838096,False
New Zealand,NZL,2008,20.639482963,34879305.04928218,66.55700317241427,16.85323510631464,False
New Zealand,NZL,2009,19.3410329288,34879305.04928218,64.13457448624831,19.51583842381716,False
New Zealand,NZL,2010,19.9892405978,2317619.0,62.19889702787484,16.10331814156539,False
New Zealand,NZL,2011,18.5756796848,2466067.0,60.75902300399473,19.08220600502082,False
New Zealand,NZL,2012,20.6624350588,2594088.0,63.35966127790024,19.90711557010375,False
New Zealand,NZL,2013,21.2215469283,2665079.0,61.70424430538117,24.35824151357807,False
New Zealand,NZL,2014,20.7696747595,2751167.0,60.86576511771208,22.42950800307129,False
New Zealand,NZL,2015,20.8578397533,2930886.0,59.86767533194448,23.87827478621117,False
New Zealand,NZL,2016,30.2208473271,3000696.0,0.0,28.76095053493716,False
New Zealand,NZL,2017,30.3153567819,3198925.0,0.0,28.82597797763743,False
New Zealand,NZL,2018,29.128876166,3382305.0,0.0,33.51788529075827,False
New Zealand,NZL,2019,29.0626833816,3430977.0,0.0,31.84427315566925,False
New Zealand,NZL,2020,28.8712002497,3445621.0,0.0,30.64578655178209,False
New Zealand,NZL,2021,30.5023208602,3249262.0,0.0,29.39324508215248,False
New Zealand,NZL,2022,23.39857241800457,3426030.0,0.0,28.82142085726884,False
New Zealand,NZL,2023,23.39857241800457,3184218.0,0.0,31.63296163059016,False
New Zealand,NZL,2024,23.39857241800457,3371175.0,0.0,-37.96310870035779,False
Nicaragua,NIC,1990,23.39857241800457,34879305.04928218,29.36023111195228,31.65644752728386,False
Nicaragua,NIC,1991,23.39857241800457,34879305.04928218,28.67540552886991,29.79857355592132,False
Nicaragua,NIC,1992,23.39857241800457,34879305.04928218,32.42145228289429,34.39236543648519,False
Nicaragua,NIC,1993,23.39857241800457,34879305.04928218,32.91291663604001,34.0368173765694,False
Nicaragua,NIC,1994,23.39857241800457,34879305.04928218,36.55623133635289,31.38493170803349,False
Nicaragua,NIC,1995,23.39857241800457,34879305.04928218,37.35702263927316,38.64968368491203,False
Nicaragua,NIC,1996,23.39857241800457,34879305.04928218,37.79593425579586,40.8106872766558,False
Nicaragua,NIC,1997,23.39857241800457,34879305.04928218,38.93030445544981,40.58539199825314,False
Nicaragua,NIC,1998,23.39857241800457,34879305.04928218,43.86585490745415,46.72639014957191,False
Nicaragua,NIC,1999,23.39857241800457,34879305.04928218,46.87292252518788,45.41834996349469,False
Nicaragua,NIC,2000,23.39857241800457,34879305.04928218,46.08416485749241,46.0536194558223,False
Nicaragua,NIC,2001,23.39857241800457,34879305.04928218,48.35441328611979,50.26557173262011,False
Nicaragua,NIC,2002,23.39857241800457,34879305.04928218,48.42106194560218,48.44148630710863,False
Nicaragua,NIC,2003,23.39857241800457,34879305.04928218,49.22930929586584,51.52934342609223,False
Nicaragua,NIC,2004,23.39857241800457,34879305.04928218,48.21795658570498,47.83831918023896,False
Nicaragua,NIC,2005,23.39857241800457,34879305.04928218,48.58216145657713,47.79946648600607,False
Nicaragua,NIC,2006,7.9129600473,34879305.04928218,46.64888338472287,49.54812009781865,False
Nicaragua,NIC,2007,8.4908860632,34879305.04928218,47.7108944922913,50.35905848672736,False
Nicaragua,NIC,2008,8.7136440598,34879305.04928218,45.53744206041558,45.01384041400884,False
Nicaragua,NIC,2009,8.6816139911,34879305.04928218,46.85930301470563,47.61735735202753,False
Nicaragua,NIC,2010,8.7340618142,68224.0,45.68173871069202,43.56133337530294,False
Nicaragua,NIC,2011,6.7032744855,84420.0,48.07046782792655,51.18070092772102,False
Nicaragua,NIC,2012,7.5713940766,94443.0,42.53383653773303,43.83099959299383,False
Nicaragua,NIC,2013,7.5516753069,97731.0,41.32752086411561,42.73567595637872,False
Nicaragua,NIC,2014,7.9719890693,116312.0,41.86873035217008,39.83106000120763,False
Nicaragua,NIC,2015,8.1037815521,144718.0,25.87948740859191,46.19071196424957,False
Nicaragua,NIC,2016,8.3109902414,156900.0,0.0,43.17138333058211,False
Nicaragua,NIC,2017,8.9309888808,190756.0,0.0,44.45733421036884,False
Nicaragua,NIC,2018,7.7262948209,174403.0,0.0,41.01427957457881,False
Nicaragua,NIC,2019,7.9049228058,175370.0,0.0,44.58833306428962,False
Nicaragua,NIC,2020,9.4057006173,172798.0,0.0,40.6058795336708,False
Nicaragua,NIC,2021,8.0183502598,172544.0,0.0,41.80965372005647,False
Nicaragua,NIC,2022,23.39857241800457,153390.0,0.0,46.49101824355476,False
Nicaragua,NIC,2023,23.39857241800457,155815.0,0.0,-37.96310870035779,False
Nicaragua,NIC,2024,23.39857241800457,167682.0,49.53885920745446,-37.96310870035779,False
Niger,NER,1990,23.39857241800457,34879305.04928218,0.0,-37.96310870035779,False
Niger,NER,1991,23.39857241800457,34879305.04928218,0.0,-37.96310870035779,False
Niger,NER,1992,23.39857241800457,34879305.04928218,0.0,-37.96310870035779,False
Niger,NER,1993,23.39857241800457,34879305.04928218,0.0,-37.96310870035779,False
Niger,NER,1994,23.39857241800457,34879305.04928218,0.0,-37.96310870035779,False
Niger,NER,1995,23.39857241800457,34879305.04928218,0.0,-37.96310870035779,False
Niger,NER,1996,23.39857241800457,34879305.04928218,0.0,-37.96310870035779,False
Niger,NER,1997,23.39857241800457,34879305.04928218,0.0,-37.96310870035779,False
Niger,NER,1998,23.39857241800457,34879305.04928218,0.0,-37.96310870035779,False
Niger,NER,1999,23.39857241800457,34879305.04928218,0.0,-37.96310870035779,False
Niger,NER,2000,23.39857241800457,34879305.04928218,14.34574318270332,-37.96310870035779,False
Niger,NER,2001,23.39857241800457,34879305.04928218,13.7827958946221,-37.96310870035779,False
Niger,NER,2002,23.39857241800457,34879305.04928218,14.27333220071091,-37.96310870035779,False
Niger,NER,2003,23.39857241800457,34879305.04928218,15.0704938577725,-37.96310870035779,False
Niger,NER,2004,23.39857241800457,34879305.04928218,16.11406419271713,14.12100536099702,False
Niger,NER,2005,23.39857241800457,34879305.04928218,14.02356221361931,13.25443950018602,False
Niger,NER,2006,23.39857241800457,34879305.04928218,13.68343736363856,13.09737596826503,False
Niger,NER,2007,23.39857241800457,34879305.04928218,14.24087291231372,15.84398272171447,False
Niger,NER,2008,23.39857241800457,34879305.04928218,15.26689916182296,15.24380544509028,False
Niger,NER,2009,23.39857241800457,34879305.04928218,17.28549595290288,17.7432760013852,False
Niger,NER,2010,23.39857241800457,34879305.04928218,21.09284197470003,20.02335022118447,False
Niger,NER,2011,23.39857241800457,34879305.04928218,24.15120734699876,-37.96310870035779,False
Niger,NER,2012,23.39857241800457,34879305.04928218,29.51366428541566,-0.1397871896515964,False
Niger,NER,2013,23.39857241800457,34879305.04928218,26.73650579140241,-4.097800733088963,False
Niger,NER,2014,23.39857241800457,34879305.04928218,23.82343917079728,-3.838748002785871,False
Niger,NER,2015,23.39857241800457,34879305.04928218,-2.14899995974588,-0.3349139770229691,False
Niger,NER,2016,23.39857241800457,34879305.04928218,0.0,-2.752458811000427,False
Niger,NER,2017,23.39857241800457,34879305.04928218,0.0,-8.3574134471619,False
Niger,NER,2018,23.39857241800457,34879305.04928218,0.0,-4.311691373670096,False
Niger,NER,2019,23.39857241800457,34879305.04928218,0.0,-2.624496707960614,False
Niger,NER,2020,23.39857241800457,34879305.04928218,0.0,-3.411816001744055,False
Niger,NER,2021,23.39857241800457,34879305.04928218,0.0,-2.665638455112138,False
Niger,NER,2022,23.39857241800457,34879305.04928218,0.0,5.405578524427872,False
Niger,NER,2023,23.39857241800457,34879305.04928218,0.0,-37.96310870035779,False
Nigeria,NGA,1990,23.39857241800457,34879305.04928218,48.81072828975149,-284.4462808220589,False
Nigeria,NGA,1991,23.39857241800457,34879305.04928218,51.24291488210525,-276.5519415007511,False
Nigeria,NGA,1992,23.39857241800457,34879305.04928218,52.51176151382416,-270.6103064810823,False
Nigeria,NGA,1993,23.39857241800457,34879305.04928218,51.45891590790097,-274.48214471211,False
Nigeria,NGA,1994,23.39857241800457,34879305.04928218,45.05833485798721,-314.2865315771988,False
Nigeria,NGA,1995,23.39857241800457,34879305.04928218,45.94832872691074,-318.8152973962411,False
Nigeria,NGA,1996,23.39857241800457,34879305.04928218,47.43930187836217,-328.6464517665199,False
Nigeria,NGA,1997,23.39857241800457,34879305.04928218,46.89092303061036,-333.399616259321,False
Nigeria,NGA,1998,23.39857241800457,34879305.04928218,43.00985172939539,-302.1415375418321,False
Nigeria,NGA,1999,23.39857241800457,34879305.04928218,43.96350503892369,-297.5126996590374,False
Nigeria,NGA,2000,23.39857241800457,34879305.04928218,45.8267365814128,-317.8900427518765,False
Nigeria,NGA,2001,23.39857241800457,34879305.04928218,48.88896217547509,-314.4016628080618,False
Nigeria,NGA,2002,23.39857241800457,34879305.04928218,48.64251993953569,-261.4851613188122,False
Nigeria,NGA,2003,23.39857241800457,34879305.04928218,52.23840042504195,-284.289425148183,False
Nigeria,NGA,2004,23.39857241800457,34879305.04928218,53.37570131666693,-323.2238580328524,False
Nigeria,NGA,2005,23.39857241800457,34879305.04928218,51.49424707126429,-288.2809597076592,False
Nigeria,NGA,2006,16.439423772,34879305.04928218,48.72059605526837,-294.1859436421458,False
Nigeria,NGA,2007,16.9476706639,34879305.04928218,44.75566117400744,-295.5747135974156,False
Nigeria,NGA,2008,20.0503273157,34879305.04928218,46.03594257838466,-257.7478097635242,False
Nigeria,NGA,2009,19.7328342088,34879305.04928218,41.79132977636235,-270.908246882827,False
Nigeria,NGA,2010,21.3151244576,1162000.0,38.82087241336619,-225.738129183367,False
Nigeria,NGA,2011,20.8302408098,1456000.0,37.49348463522769,-184.4250825111862,False
Nigeria,NGA,2012,21.0442369412,1583460.0,39.81161765837368,-200.6992969791111,False
Nigeria,NGA,2013,21.9824319457,1696000.0,39.11817503918592,-169.4894682913596,False
Nigeria,NGA,2014,22.5798111768,1867409.0,39.1677770531867,-167.997066876759,False
Nigeria,NGA,2015,23.6589031674,1544183.0,41.68556094385838,-184.4491872547759,False
Nigeria,NGA,2016,23.0003181718,1272000.0,0.0,-139.5765457267125,False
Nigeria,NGA,2017,21.2323584328,1408000.0,0.0,-151.9270447352091,False
Nigeria,NGA,2018,21.2874108943,1560000.0,0.0,-170.3382390449651,False
Nigeria,NGA,2019,21.5339669626,1627142.0,0.0,-145.3426255202863,False
Nigeria,NGA,2020,21.2509510936,1548622.0,0.0,-111.8780182244542,False
Nigeria,NGA,2021,20.7664411287,1566109.0,0.0,-82.29707576182605,False
Nigeria,NGA,2022,23.39857241800457,1566109.0,0.0,-66.28810118560406,False
Nigeria,NGA,2023,23.39857241800457,1566109.0,0.0,-37.96310870035779,False
North America,NAC,1960,23.39857241800457,34879305.04928218,94.66844186778162,-37.96310870035779,True
North America,NAC,1961,23.39857241800457,34879305.04928218,94.7218399639619,-37.96310870035779,True
North America,NAC,1962,23.39857241800457,34879305.04928218,94.800337603894,-37.96310870035779,True
North America,NAC,1963,23.39857241800457,34879305.04928218,95.00987242519328,-37.96310870035779,True
North America,NAC,1964,23.39857241800457,34879305.04928218,95.02844148731128,-37.96310870035779,True
North America,NAC,1965,23.39857241800457,34879305.04928218,95.1230156346565,-37.96310870035779,True
North America,NAC,1966,23.39857241800457,34879305.04928218,95.1875986991345,-37.96310870035779,True
North America,NAC,1967,23.39857241800457,34879305.04928218,95.19445704043522,-37.96310870035779,True
North America,NAC,1968,23.39857241800457,34879305.04928218,95.11948011729716,-37.96310870035779,True
North America,NAC,1969,23.39857241800457,34879305.04928218,95.0177460051259,-37.96310870035779,True
North America,NAC,1970,23.39857241800457,34879305.04928218,94.99900158080185,-37.96310870035779,True
North America,NAC,1971,23.39857241800457,34879305.04928218,94.7043858999984,-37.96310870035779,True
North America,NAC,1972,23.39857241800457,34879305.04928218,94.41601433653769,-37.96310870035779,True
North America,NAC,1973,23.39857241800457,34879305.04928218,93.9495822215232,-37.96310870035779,True
North America,NAC,1974,23.39857241800457,34879305.04928218,93.11362845744478,-37.96310870035779,True
North America,NAC,1975,23.39857241800457,34879305.04928218,92.27313951318033,-37.96310870035779,True
North America,NAC,1976,23.39857241800457,34879305.04928218,92.1491037983508,-37.96310870035779,True
North America,NAC,1977,23.39857241800457,34879305.04928218,91.54944918991175,-37.96310870035779,True
North America,NAC,1978,23.39857241800457,34879305.04928218,90.81850213861648,-37.96310870035779,True
North America,NAC,1979,23.39857241800457,34879305.04928218,90.84675366728104,-37.96310870035779,True
North America,NAC,1980,23.39857241800457,34879305.04928218,90.38192495094582,-37.96310870035779,True
North America,NAC,1981,23.39857241800457,34879305.04928218,89.73927308978534,-37.96310870035779,True
North America,NAC,1982,23.39857241800457,34879305.04928218,88.9808758803444,-37.96310870035779,True
North America,NAC,1983,23.39857241800457,34879305.04928218,88.25559693919081,-37.96310870035779,True
North America,NAC,1984,23.39857241800457,34879305.04928218,87.7312266179829,-37.96310870035779,True
North America,NAC,1985,23.39857241800457,34879305.04928218,87.03648334140799,-37.96310870035779,True
North America,NAC,1986,23.39857241800457,34879305.04928218,86.25047547734472,-37.96310870035779,True
North America,NAC,1987,23.39857241800457,34879305.04928218,86.03335706144897,-37.96310870035779,True
North America,NAC,1988,23.39857241800457,34879305.04928218,85.78279114912581,-37.96310870035779,True
North America,NAC,1989,23.39857241800457,34879305.04928218,85.88501205807718,-37.96310870035779,True
North America,NAC,1990,23.39857241800457,34879305.04928218,85.17324532421368,13.29103130757623,True
North America,NAC,1991,23.39857241800457,34879305.04928218,84.37866785753417,11.48241762845644,True
North America,NAC,1992,23.39857241800457,34879305.04928218,84.37745038534787,12.49472341882302,True
North America,NAC,1993,23.39857241800457,34879305.04928218,84.762867137585,14.56385403321375,True
North America,NAC,1994,23.39857241800457,34879305.04928218,84.48046471889073,15.06975970759096,True
North America,NAC,1995,23.39857241800457,34879305.04928218,84.16497766917277,13.63434692163562,True
North America,NAC,1996,23.39857241800457,34879305.04928218,84.27476952146576,14.70224668200286,True
North America,NAC,1997,23.39857241800457,34879305.04928218,85.28626155089916,16.15661541489456,True
North America,NAC,1998,23.39857241800457,34879305.04928218,85.08037754106562,17.39184738830181,True
North America,NAC,1999,23.39857241800457,34879305.04928218,84.78676631891872,18.27771410893244,True
North America,NAC,2000,23.39857241800457,34879305.04928218,84.95734092891959,18.9566170429909,True
North America,NAC,2001,23.39857241800457,34879305.04928218,85.39685397688969,20.81721574430461,True
North America,NAC,2002,23.39857241800457,34879305.04928218,85.22261153045767,19.67404424985721,True
North America,NAC,2003,23.39857241800457,34879305.04928218,85.3308777875564,21.08999173383794,True
North America,NAC,2004,23.39857241800457,34879305.04928218,85.09852659978415,22.48891686733805,True
North America,NAC,2005,23.39857241800457,34879305.04928218,85.02707138236013,23.44296716799833,True
North America,NAC,2006,23.39857241800457,34879305.04928218,84.30009738800835,22.99524441395144,True
North America,NAC,2007,23.39857241800457,34879305.04928218,84.3564210978671,21.58957764606753,True
North America,NAC,2008,23.39857241800457,34879305.04928218,84.04941390398885,19.38073646627232,True
North America,NAC,2009,23.39857241800457,34879305.04928218,83.32451452892404,17.49060244658041,True
North America,NAC,2010,23.39857241800457,44941496.461,83.33625238116869,15.75069011826029,True
North America,NAC,2011,23.39857241800457,45553546.461,83.09788852253963,12.35811700040361,True
North America,NAC,2012,23.39857241800457,47010660.461,83.00127413213707,9.01432418514698,True
North America,NAC,2013,23.39857241800457,48107682.461,81.97611349294094,5.636051266155659,True
North America,NAC,2014,23.39857241800457,50087043.324,82.39244972843709,2.993899784175875,True
North America,NAC,2015,23.39857241800457,52329947.324,81.34239582083664,2.789982242270299,True
North America,NAC,2016,23.39857241800457,52672486.324,0.0,2.759279484769283,True
North America,NAC,2017,23.39857241800457,56577838.324,0.0,-1.6291623237132,True
North America,NAC,2018,23.39857241800457,59761861.324,0.0,-5.858828156344944,True
North America,NAC,2019,23.39857241800457,61240655.0,0.0,-9.985815077131871,True
North America,NAC,2020,23.39857241800457,59357037.0,0.0,-13.26479316413109,True
North America,NAC,2021,23.39857241800457,68044278.0,0.0,-14.07133076033083,True
North America,NAC,2022,23.39857241800457,68267335.0,0.0,-16.40879367485406,True
North America,NAC,2023,23.39857241800457,60721504.0,0.0,-18.72779611802088,True
North America,NAC,2024,23.39857241800457,66101528.0,0.0,-37.96310870035779,True
North Macedonia,MKD,1990,23.39857241800457,34879305.04928218,98.00661285097016,48.87766121567431,False
North Macedonia,MKD,1991,23.39857241800457,34879305.04928218,96.75600218426374,50.09642252745099,False
North Macedonia,MKD,1992,23.39857241800457,34879305.04928218,89.48967992076741,44.64527310831474,False
North Macedonia,MKD,1993,23.39857241800457,34879305.04928218,89.19431352133877,46.96355926360072,False
North Macedonia,MKD,1994,23.39857241800457,34879305.04928218,89.2979787552142,34.96078658630821,False
North Macedonia,MKD,1995,23.39857241800457,34879305.04928218,88.76023998089543,41.83962939968481,False
North Macedonia,MKD,1996,23.39857241800457,34879305.04928218,90.88137181383696,44.00682301392908,False
North Macedonia,MKD,1997,23.39857241800457,34879305.04928218,89.48618762534525,41.83735153971962,False
North Macedonia,MKD,1998,23.39857241800457,34879305.04928218,90.86521432551363,42.88808604568502,False
North Macedonia,MKD,1999,23.39857241800457,34879305.04928218,88.69709195706055,36.84451730033666,False
North Macedonia,MKD,2000,23.39857241800457,34879305.04928218,87.31730654561895,41.16014432417443,False
North Macedonia,MKD,2001,23.39857241800457,34879305.04928218,89.80503593993174,39.07304412309994,False
North Macedonia,MKD,2002,23.39857241800457,34879305.04928218,88.40623624094954,46.72160583665681,False
North Macedonia,MKD,2003,23.39857241800457,34879305.04928218,86.21743840819059,39.11796434870453,False
North Macedonia,MKD,2004,23.39857241800457,34879305.04928218,85.01377376920736,42.08562707088635,False
North Macedonia,MKD,2005,23.39857241800457,34879305.04928218,81.3094503183498,42.90654320481811,False
North Macedonia,MKD,2006,23.39857241800457,34879305.04928218,82.96705167652073,44.67396033063162,False
North Macedonia,MKD,2007,23.39857241800457,34879305.04928218,83.70256180738845,47.5574132198016,False
North Macedonia,MKD,2008,23.39857241800457,34879305.04928218,83.31848214951133,46.31564876192265,False
North Macedonia,MKD,2009,23.39857241800457,34879305.04928218,84.36726705394334,45.17669208002227,False
North Macedonia,MKD,2010,23.39857241800457,34879305.04928218,81.35001089390444,44.19451977307137,False
North Macedonia,MKD,2011,23.39857241800457,34879305.04928218,81.66826819700451,45.41240762023654,False
North Macedonia,MKD,2012,23.39857241800457,34879305.04928218,81.33437035096283,48.39214683940647,False
North Macedonia,MKD,2013,23.39857241800457,34879305.04928218,79.05223417399642,46.87874270845022,False
North Macedonia,MKD,2014,23.39857241800457,34879305.04928218,77.33296888731147,51.76522741377774,False
North Macedonia,MKD,2015,23.39857241800457,34879305.04928218,76.88077663382245,52.52440725244058,False
North Macedonia,MKD,2016,23.39857241800457,34879305.04928218,0.0,59.1787890920414,False
North Macedonia,MKD,2017,23.39857241800457,34879305.04928218,0.0,56.80979449059904,False
North Macedonia,MKD,2018,23.39857241800457,34879305.04928218,0.0,58.43914953305524,False
North Macedonia,MKD,2019,23.39857241800457,34879305.04928218,0.0,58.95571040310229,False
North Macedonia,MKD,2020,23.39857241800457,34879305.04928218,0.0,63.933757772897,False
North Macedonia,MKD,2021,23.39857241800457,34879305.04928218,0.0,68.12187276626156,False
North Macedonia,MKD,2022,23.39857241800457,34879305.04928218,0.0,63.87968729296426,False
North Macedonia,MKD,2023,23.39857241800457,34879305.04928218,0.0,63.80986708718165,False
Northern Mariana Islands,MNP,2006,1.5550970316,34879305.04928218,49.53885920745446,-37.96310870035779,False
Northern Mariana Islands,MNP,2007,3.8281953349,34879305.04928218,49.53885920745446,-37.96310870035779,False
Northern Mariana Islands,MNP,2008,3.9796198639,34879305.04928218,49.53885920745446,-37.96310870035779,False
Northern Mariana Islands,MNP,2009,3.8187176141,34879305.04928218,49.53885920745446,-37.96310870035779,False
Northern Mariana Islands,MNP,2010,4.0642019216,24446.48,49.53885920745446,-37.96310870035779,False
Northern Mariana Islands,MNP,2011,4.0547732839,33191.55,49.53885920745446,-37.96310870035779,False
Northern Mariana Islands,MNP,2012,4.0547732839,30479.68,49.53885920745446,-37.96310870035779,False
Northern Mariana Islands,MNP,2013,4.6366569999,41462.1,49.53885920745446,-37.96310870035779,False
Northern Mariana Islands,MNP,2014,4.8082992904,42008.53,49.53885920745446,-37.96310870035779,False
Northern Mariana Islands,MNP,2015,2.7843241772,41919.52,49.53885920745446,-37.96310870035779,False
Northern Mariana Islands,MNP,2016,7.4296210614,44989.51,49.53885920745446,-37.96310870035779,False
Northern Mariana Islands,MNP,2017,5.5457067654,94910.77,49.53885920745446,-37.96310870035779,False
Northern Mariana Islands,MNP,2018,5.3860134345,42095.68,49.53885920745446,-37.96310870035779,False
Northern Mariana Islands,MNP,2019,5.3658850369,44951.82,49.53885920745446,-37.96310870035779,False
Northern Mariana Islands,MNP,2020,5.1993809631,34879305.04928218,49.53885920745446,-37.96310870035779,False
Northern Mariana Islands,MNP,2021,5.1585695659,34879305.04928218,49.53885920745446,-37.96310870035779,False
Norway,NOR,1990,23.39857241800457,34879305.04928218,52.05193440545726,-454.2451723203567,False
Norway,NOR,1991,23.39857241800457,34879305.04928218,52.94504909824559,-501.8732187789525,False
Norway,NOR,1992,23.39857241800457,34879305.04928218,53.59272746005128,-558.6574308066489,False
Norway,NOR,1993,23.39857241800457,34879305.04928218,54.74897474926799,-552.2769438952658,False
Norway,NOR,1994,23.39857241800457,34879305.04928218,53.37272822373651,-633.7289909435691,False
Norway,NOR,1995,23.39857241800457,34879305.04928218,53.0394774576711,-680.4996036504829,False
Norway,NOR,1996,23.39857241800457,34879305.04928218,52.45819950578068,-799.9198309848541,False
Norway,NOR,1997,23.39857241800457,34879305.04928218,54.56703361988703,-779.5019473902565,False
Norway,NOR,1998,23.39857241800457,34879305.04928218,54.03490602771425,-716.2823021670023,False
Norway,NOR,1999,23.39857241800457,34879305.04928218,55.19602750256097,-691.6421042340343,False
Norway,NOR,2000,23.39857241800457,34879305.04928218,54.34360326689847,-765.5473936829127,False
Norway,NOR,2001,23.39857241800457,34879305.04928218,55.64902665868014,-747.3889058712292,False
Norway,NOR,2002,23.39857241800457,34879305.04928218,53.52061127148219,-837.8854562342124,False
Norway,NOR,2003,23.39857241800457,34879305.04928218,58.87464105650718,-761.1918072837279,False
Norway,NOR,2004,23.39857241800457,34879305.04928218,51.74257623568912,-726.1806870119409,False
Norway,NOR,2005,23.39857241800457,34879305.04928218,50.4825403147943,-689.3075894991957,False
Norway,NOR,2006,8.8441322738,34879305.04928218,52.33167080206578,-652.141918144607,False
Norway,NOR,2007,10.4895558112,34879305.04928218,56.16885462341917,-679.3467863437984,False
Norway,NOR,2008,10.7950849447,34879305.04928218,64.94429052918599,-615.6529048153574,False
Norway,NOR,2009,10.496836968,34879305.04928218,65.99682014502692,-626.3589804953928,False
Norway,NOR,2010,9.8646879078,636086.0,67.72368189922263,-557.9152490041055,False
Norway,NOR,2011,11.332944415,670407.0,58.8607482371614,-620.2578851559134,False
Norway,NOR,2012,10.2577789151,687821.0,58.80961113203286,-598.4242079435601,False
Norway,NOR,2013,10.36175216,707041.0,65.61167161691725,-535.3411462464097,False
Norway,NOR,2014,10.287879848,728372.0,58.71354720178418,-596.9992561877775,False
Norway,NOR,2015,11.0139898985,735753.0,67.19909358787886,-719.2085379163673,False
Norway,NOR,2016,9.5864649854,716916.0,0.0,-647.7632884033338,False
Norway,NOR,2017,8.4665853397,764093.0,0.0,-626.8607551917337,False
Norway,NOR,2018,10.1833826808,802364.0,0.0,-597.2652267369734,False
Norway,NOR,2019,10.8401757189,837457.0,0.0,-596.9587883744455,False
Norway,NOR,2020,10.45123753,835398.0,0.0,-648.6590563953903,False
Norway,NOR,2021,10.8676079537,881238.0,0.0,-647.6325452930103,False
Norway,NOR,2022,23.39857241800457,933300.0,0.0,-746.7193655806016,False
Norway,NOR,2023,23.39857241800457,882560.0,0.0,-703.9593057815779,False
Norway,NOR,2024,23.39857241800457,862983.0,0.0,-37.96310870035779,False
OECD members,OED,1960,23.39857241800457,34879305.04928218,94.13454680133336,-37.96310870035779,True
OECD members,OED,1961,23.39857241800457,34879305.04928218,94.09571954319732,-37.96310870035779,True
OECD members,OED,1962,23.39857241800457,34879305.04928218,94.21763356720116,-37.96310870035779,True
OECD members,OED,1963,23.39857241800457,34879305.04928218,94.42413857295968,-37.96310870035779,True
OECD members,OED,1964,23.39857241800457,34879305.04928218,94.5373993024794,-37.96310870035779,True
OECD members,OED,1965,23.39857241800457,34879305.04928218,94.52379554232208,-37.96310870035779,True
OECD members,OED,1966,23.39857241800457,34879305.04928218,94.43048498457716,-37.96310870035779,True
OECD members,OED,1967,23.39857241800457,34879305.04928218,94.5663452541218,-37.96310870035779,True
OECD members,OED,1968,23.39857241800457,34879305.04928218,94.56557653806485,-37.96310870035779,True
OECD members,OED,1969,23.39857241800457,34879305.04928218,94.63801786260352,-37.96310870035779,True
OECD members,OED,1970,23.39857241800457,34879305.04928218,94.54807463236833,-37.96310870035779,True
OECD members,OED,1971,23.39857241800457,34879305.04928218,94.10380572113876,-37.96310870035779,True
OECD members,OED,1972,23.39857241800457,34879305.04928218,93.81867404796564,-37.96310870035779,True
OECD members,OED,1973,23.39857241800457,34879305.04928218,93.84281226142556,-37.96310870035779,True
OECD members,OED,1974,23.39857241800457,34879305.04928218,93.17677008009402,-37.96310870035779,True
OECD members,OED,1975,23.39857241800457,34879305.04928218,92.3805112808542,-37.96310870035779,True
OECD members,OED,1976,23.39857241800457,34879305.04928218,92.42109056011743,-37.96310870035779,True
OECD members,OED,1977,23.39857241800457,34879305.04928218,91.76886536293618,-37.96310870035779,True
OECD members,OED,1978,23.39857241800457,34879305.04928218,91.15522835068587,-37.96310870035779,True
OECD members,OED,1979,23.39857241800457,34879305.04928218,91.1087401389574,-37.96310870035779,True
OECD members,OED,1980,23.39857241800457,34879305.04928218,90.5200389299574,-37.96310870035779,True
OECD members,OED,1981,23.39857241800457,34879305.04928218,89.46395414757853,-37.96310870035779,True
OECD members,OED,1982,23.39857241800457,34879305.04928218,88.63824589379857,-37.96310870035779,True
OECD members,OED,1983,23.39857241800457,34879305.04928218,87.66297739083629,-37.96310870035779,True
OECD members,OED,1984,23.39857241800457,34879305.04928218,86.7177986258281,-37.96310870035779,True
OECD members,OED,1985,23.39857241800457,34879305.04928218,85.68500776308059,-37.96310870035779,True
OECD members,OED,1986,23.39857241800457,34879305.04928218,84.98240712000509,-37.96310870035779,True
OECD members,OED,1987,23.39857241800457,34879305.04928218,84.62463670138332,-37.96310870035779,True
OECD members,OED,1988,23.39857241800457,34879305.04928218,84.31593958890416,-37.96310870035779,True
OECD members,OED,1989,23.39857241800457,34879305.04928218,84.20775310537257,-37.96310870035779,True
OECD members,OED,1990,23.39857241800457,34879305.04928218,83.59371944421554,27.24628523592292,True
OECD members,OED,1991,23.39857241800457,34879305.04928218,83.05546275149652,26.01595925674435,True
OECD members,OED,1992,23.39857241800457,34879305.04928218,82.8654809137672,26.74355221360856,True
OECD members,OED,1993,23.39857241800457,34879305.04928218,82.66310660622663,26.82503249349365,True
OECD members,OED,1994,23.39857241800457,34879305.04928218,82.61528962361585,27.02416871910459,True
OECD members,OED,1995,23.39857241800457,34879305.04928218,82.31220611581314,26.19463938614026,True
OECD members,OED,1996,23.39857241800457,34879305.04928218,82.34991576510168,26.62672566050766,True
OECD members,OED,1997,23.39857241800457,34879305.04928218,82.74767829063472,27.18889381745833,True
OECD members,OED,1998,23.39857241800457,34879305.04928218,82.47628723080285,27.73352685699554,True
OECD members,OED,1999,23.39857241800457,34879305.04928218,82.39716849378298,27.96593500405769,True
OECD members,OED,2000,23.39857241800457,34879305.04928218,82.37146780807046,28.68054114582245,True
OECD members,OED,2001,23.39857241800457,34879305.04928218,82.71097701407263,29.50905335908317,True
OECD members,OED,2002,23.39857241800457,34879305.04928218,82.62169497405407,29.06932107060002,True
OECD members,OED,2003,23.39857241800457,34879305.04928218,82.72539022351509,30.39242054878832,True
OECD members,OED,2004,23.39857241800457,34879305.04928218,82.33553810266048,31.4403652669119,True
OECD members,OED,2005,23.39857241800457,34879305.04928218,82.0754628135582,32.50162152209685,True
OECD members,OED,2006,23.39857241800457,34879305.04928218,81.67194610727483,33.1620972906094,True
OECD members,OED,2007,23.39857241800457,34879305.04928218,81.9366053572361,32.37038367060727,True
OECD members,OED,2008,23.39857241800457,34879305.04928218,81.54870254357837,31.92825529657155,True
OECD members,OED,2009,23.39857241800457,34879305.04928218,80.78272142505325,29.97366054159821,True
OECD members,OED,2010,23.39857241800457,190238575.0,80.65083847899038,29.36366230873768,True
OECD members,OED,2011,23.39857241800457,202496869.0,81.0283662057737,28.80143245197644,True
OECD members,OED,2012,23.39857241800457,210019366.0,81.2642168028437,27.44697853755259,True
OECD members,OED,2013,23.39857241800457,215028610.0,80.37381151083478,25.41065132855231,True
OECD members,OED,2014,23.39857241800457,224216439.0,80.26382662261152,23.0374518275976,True
OECD members,OED,2015,23.39857241800457,226938624.0,79.17260439800702,23.29415849529191,True
OECD members,OED,2016,23.39857241800457,232620257.0,0.0,23.3965445676104,True
OECD members,OED,2017,23.39857241800457,247401531.0,0.0,21.868359334401,True
OECD members,OED,2018,23.39857241800457,259908757.0,0.0,19.93607809450794,True
OECD members,OED,2019,23.39857241800457,264872470.0,0.0,17.88336214024824,True
OECD members,OED,2020,23.39857241800457,256566186.0,0.0,13.57067109893297,True
OECD members,OED,2021,23.39857241800457,276808687.0,0.0,14.27716197968999,True
OECD members,OED,2022,23.39857241800457,272540668.0,0.0,14.31591935898333,True
OECD members,OED,2023,23.39857241800457,260237616.0,0.0,11.67088468869954,True
OECD members,OED,2024,23.39857241800457,276685362.0,0.0,-37.96310870035779,True
Oman,OMN,1990,23.39857241800457,34879305.04928218,49.53885920745446,-798.272404925628,False
Oman,OMN,1991,23.39857241800457,34879305.04928218,49.53885920745446,-589.9934674955218,False
Oman,OMN,1992,23.39857241800457,34879305.04928218,49.53885920745446,-676.0358492757771,False
Oman,OMN,1993,23.39857241800457,34879305.04928218,99.12459963049544,-631.7648748837827,False
Oman,OMN,1994,23.39857241800457,34879305.04928218,49.53885920745446,-663.403227341965,False
Oman,OMN,1995,23.39857241800457,34879305.04928218,99.98424931770504,-693.1390970085573,False
Oman,OMN,1996,23.39857241800457,34879305.04928218,49.53885920745446,-699.9257714602743,False
Oman,OMN,1997,23.39857241800457,34879305.04928218,49.53885920745446,-664.7881761480689,False
Oman,OMN,1998,23.39857241800457,34879305.04928218,49.53885920745446,-662.6256450130768,False
Oman,OMN,1999,23.39857241800457,34879305.04928218,99.96585078797531,-662.029579236881,False
Oman,OMN,2000,23.39857241800457,34879305.04928218,49.53885920745446,-700.1519122794168,False
Oman,OMN,2001,23.39857241800457,34879305.04928218,49.53885920745446,-744.4886004493487,False
Oman,OMN,2002,23.39857241800457,34879305.04928218,99.56171650804428,-665.296666460475,False
Oman,OMN,2003,23.39857241800457,34879305.04928218,49.53885920745446,-604.8588182279365,False
Oman,OMN,2004,23.39857241800457,34879305.04928218,99.12017159005906,-557.4076235825574,False
Oman,OMN,2005,23.39857241800457,34879305.04928218,99.92129283693684,-498.3955995239083,False
Oman,OMN,2006,28.1235691425,34879305.04928218,99.98600988878913,-290.3412712656349,False
Oman,OMN,2007,29.8851900639,34879305.04928218,99.9426351014091,-233.6664018484217,False
Oman,OMN,2008,33.3138140725,34879305.04928218,49.53885920745446,-270.0222896861499,False
Oman,OMN,2009,31.9030946737,34879305.04928218,99.64960504105645,-286.9817303018763,False
Oman,OMN,2010,40.385610712,3893198.0,49.53885920745446,-253.0194171511745,False
Oman,OMN,2011,40.1604498772,3609140.0,99.9907878576013,-211.2326175303384,False
Oman,OMN,2012,42.3606178118,4177556.0,99.5673514319969,-199.3538678523142,False
Oman,OMN,2013,42.9087713896,3921037.0,49.53885920745446,-205.4403130731388,False
Oman,OMN,2014,45.1201029227,3364663.0,99.98517250012846,-199.8252816216691,False
Oman,OMN,2015,42.6593306154,3105377.0,71.47228435212755,-200.5049768579893,False
Oman,OMN,2016,51.8923475117,3943846.0,0.0,-217.0440497200089,False
Oman,OMN,2017,55.7289775396,4785012.0,0.0,-191.6700982357021,False
Oman,OMN,2018,55.4614900067,4210679.0,0.0,-209.9202355450348,False
Oman,OMN,2019,52.6211088499,4900767.0,0.0,-240.7002402285483,False
Oman,OMN,2020,60.7216445811,5146009.0,0.0,-204.88040965846,False
Oman,OMN,2021,59.2965321439,5238968.0,0.0,-202.8982927595007,False
Oman,OMN,2022,23.39857241800457,5228483.0,0.0,-213.6294163308934,False
Oman,OMN,2023,23.39857241800457,4608110.0,0.0,-37.96310870035779,False
Oman,OMN,2024,23.39857241800457,4246786.0,49.53885920745446,-37.96310870035779,False
Other small states,OSS,1960,23.39857241800457,34879305.04928218,72.12772797481357,-37.96310870035779,True
Other small states,OSS,1961,23.39857241800457,34879305.04928218,69.75669076459042,-37.96310870035779,True
Other small states,OSS,1962,23.39857241800457,34879305.04928218,69.21717560361763,-37.96310870035779,True
Other small states,OSS,1963,23.39857241800457,34879305.04928218,69.71001924883554,-37.96310870035779,True
Other small states,OSS,1964,23.39857241800457,34879305.04928218,68.1674166149277,-37.96310870035779,True
Other small states,OSS,1965,23.39857241800457,34879305.04928218,69.59110062973795,-37.96310870035779,True
Other small states,OSS,1966,23.39857241800457,34879305.04928218,68.76136156104687,-37.96310870035779,True
Other small states,OSS,1967,23.39857241800457,34879305.04928218,66.24079800331194,-37.96310870035779,True
Other small states,OSS,1968,23.39857241800457,34879305.04928218,65.51641274571057,-37.96310870035779,True
Other small states,OSS,1969,23.39857241800457,34879305.04928218,57.04383900191928,-37.96310870035779,True
Other small states,OSS,1970,23.39857241800457,34879305.04928218,54.34603203957558,-37.96310870035779,True
Other small states,OSS,1971,23.39857241800457,34879305.04928218,64.2033328557904,-37.96310870035779,True
Other small states,OSS,1972,23.39857241800457,34879305.04928218,69.34390254138795,-37.96310870035779,True
Other small states,OSS,1973,23.39857241800457,34879305.04928218,68.08280668281033,-37.96310870035779,True
Other small states,OSS,1974,23.39857241800457,34879305.04928218,69.68126975525716,-37.96310870035779,True
Other small states,OSS,1975,23.39857241800457,34879305.04928218,71.48218157834354,-37.96310870035779,True
Other small states,OSS,1976,23.39857241800457,34879305.04928218,73.74798445439833,-37.96310870035779,True
Other small states,OSS,1977,23.39857241800457,34879305.04928218,74.30878478828281,-37.96310870035779,True
Other small states,OSS,1978,23.39857241800457,34879305.04928218,73.98871811489346,-37.96310870035779,True
Other small states,OSS,1979,23.39857241800457,34879305.04928218,72.52630663450013,-37.96310870035779,True
Other small states,OSS,1980,23.39857241800457,34879305.04928218,73.8604052634706,-37.96310870035779,True
Other small states,OSS,1981,23.39857241800457,34879305.04928218,70.57389843973215,-37.96310870035779,True
Other small states,OSS,1982,23.39857241800457,34879305.04928218,67.28613777950973,-37.96310870035779,True
Other small states,OSS,1983,23.39857241800457,34879305.04928218,67.35818906295066,-37.96310870035779,True
Other small states,OSS,1984,23.39857241800457,34879305.04928218,71.65609372759418,-37.96310870035779,True
Other small states,OSS,1985,23.39857241800457,34879305.04928218,71.19566219800501,-37.96310870035779,True
Other small states,OSS,1986,23.39857241800457,34879305.04928218,71.9073441067813,-37.96310870035779,True
Other small states,OSS,1987,23.39857241800457,34879305.04928218,69.4648310239264,-37.96310870035779,True
Other small states,OSS,1988,23.39857241800457,34879305.04928218,71.3673737958625,-37.96310870035779,True
Other small states,OSS,1989,23.39857241800457,34879305.04928218,72.36935955968623,-37.96310870035779,True
Other small states,OSS,1990,23.39857241800457,34879305.04928218,46.1999192221239,-37.96310870035779,True
Other small states,OSS,1991,23.39857241800457,34879305.04928218,48.39763662018788,-88.03287377494209,True
Other small states,OSS,1992,23.39857241800457,34879305.04928218,48.94948441922939,-37.96310870035779,True
Other small states,OSS,1993,23.39857241800457,34879305.04928218,50.36834812881641,-37.96310870035779,True
Other small states,OSS,1994,23.39857241800457,34879305.04928218,48.26577526615856,-37.96310870035779,True
Other small states,OSS,1995,23.39857241800457,34879305.04928218,47.87789703578729,-37.96310870035779,True
Other small states,OSS,1996,23.39857241800457,34879305.04928218,49.18718695624179,-113.0027865493664,True
Other small states,OSS,1997,23.39857241800457,34879305.04928218,49.1154470429546,-37.96310870035779,True
Other small states,OSS,1998,23.39857241800457,34879305.04928218,51.02917426523357,-37.96310870035779,True
Other small states,OSS,1999,23.39857241800457,34879305.04928218,51.40522246232239,-37.96310870035779,True
Other small states,OSS,2000,23.39857241800457,34879305.04928218,50.47746384623836,-37.96310870035779,True
Other small states,OSS,2001,23.39857241800457,34879305.04928218,50.68299855406285,-37.96310870035779,True
Other small states,OSS,2002,23.39857241800457,34879305.04928218,52.91446114591236,-37.96310870035779,True
Other small states,OSS,2003,23.39857241800457,34879305.04928218,54.04858671236963,-37.96310870035779,True
Other small states,OSS,2004,23.39857241800457,34879305.04928218,49.45518576063557,-37.96310870035779,True
Other small states,OSS,2005,23.39857241800457,34879305.04928218,47.25572766529572,-37.96310870035779,True
Other small states,OSS,2006,23.39857241800457,34879305.04928218,50.74158384861244,-37.96310870035779,True
Other small states,OSS,2007,23.39857241800457,34879305.04928218,45.25813672136693,-37.96310870035779,True
Other small states,OSS,2008,23.39857241800457,34879305.04928218,50.46010484254119,-37.96310870035779,True
Other small states,OSS,2009,23.39857241800457,34879305.04928218,48.05528081986712,-65.51782936770937,True
Other small states,OSS,2010,23.39857241800457,4085404.37,47.06402786363203,-37.96310870035779,True
Other small states,OSS,2011,23.39857241800457,4715739.24,46.86883602495224,-37.96310870035779,True
Other small states,OSS,2012,23.39857241800457,5098121.55,47.75866756116907,-37.96310870035779,True
Other small states,OSS,2013,23.39857241800457,5341699.51,43.01345435274306,-37.96310870035779,True
Other small states,OSS,2014,23.39857241800457,5652568.38,44.53380499951027,-37.96310870035779,True
Other small states,OSS,2015,23.39857241800457,5788474.67,40.47864886333493,-37.96310870035779,True
Other small states,OSS,2016,23.39857241800457,5996428.579999999,0.0,-41.84128967910733,True
Other small states,OSS,2017,23.39857241800457,6063476.800000001,0.0,-37.96310870035779,True
Other small states,OSS,2018,23.39857241800457,6286203.060000001,0.0,-37.96310870035779,True
Other small states,OSS,2019,23.39857241800457,5805329.000000001,0.0,-37.96310870035779,True
Other small states,OSS,2020,23.39857241800457,34879305.04928218,0.0,-37.96310870035779,True
Other small states,OSS,2021,23.39857241800457,34879305.04928218,0.0,-37.96310870035779,True
Other small states,OSS,2022,23.39857241800457,34879305.04928218,0.0,-37.96310870035779,True
Other small states,OSS,2023,23.39857241800457,34879305.04928218,0.0,-37.96310870035779,True
Other small states,OSS,2024,23.39857241800457,34879305.04928218,0.0,-37.96310870035779,True
Pacific island small states,PSS,1990,23.39857241800457,34879305.04928218,0.0,-37.96310870035779,True
Pacific island small states,PSS,2004,23.39857241800457,34879305.04928218,0.0,-37.96310870035779,True
Pacific island small states,PSS,2005,23.39857241800457,34879305.04928218,0.0,-37.96310870035779,True
Pacific island small states,PSS,2006,23.39857241800457,34879305.04928218,0.0,-37.96310870035779,True
Pacific island small states,PSS,2007,23.39857241800457,34879305.04928218,0.0,-37.96310870035779,True
Pacific island small states,PSS,2010,23.39857241800457,491658.155,49.53885920745446,-37.96310870035779,True
Pacific island small states,PSS,2011,23.39857241800457,629416.219,49.53885920745446,-37.96310870035779,True
Pacific island small states,PSS,2012,23.39857241800457,617020.391,49.53885920745446,-37.96310870035779,True
Pacific island small states,PSS,2013,23.39857241800457,853454.873,49.53885920745446,-37.96310870035779,True
Pacific island small states,PSS,2014,23.39857241800457,877275.811,49.53885920745446,-37.96310870035779,True
Pacific island small states,PSS,2015,23.39857241800457,787938.723,49.53885920745446,-37.96310870035779,True
Pacific island small states,PSS,2016,23.39857241800457,817138.7490000001,49.53885920745446,-37.96310870035779,True
Pacific island small states,PSS,2017,23.39857241800457,885807.372,49.53885920745446,-37.96310870035779,True
Pacific island small states,PSS,2018,23.39857241800457,891804.8140000001,49.53885920745446,-37.96310870035779,True
Pacific island small states,PSS,2019,23.39857241800457,605131.14,49.53885920745446,-37.96310870035779,True
Pakistan,PAK,1990,23.39857241800457,34879305.04928218,52.4801024174396,21.46751307773876,False
Pakistan,PAK,1991,23.39857241800457,34879305.04928218,52.20205587818749,19.80582061301381,False
Pakistan,PAK,1992,23.39857241800457,34879305.04928218,53.50396144163653,20.92364703881048,False
Pakistan,PAK,1993,23.39857241800457,34879305.04928218,54.92647288634653,22.43091332849056,False
Pakistan,PAK,1994,23.39857241800457,34879305.04928218,54.93556858283495,24.81723086316746,False
Pakistan,PAK,1995,23.39857241800457,34879305.04928218,55.86688784278135,24.39364749553388,False
Pakistan,PAK,1996,23.39857241800457,34879305.04928218,57.38797549861808,25.92486078178964,False
Pakistan,PAK,1997,23.39857241800457,34879305.04928218,57.5569126420797,27.38379353492962,False
Pakistan,PAK,1998,23.39857241800457,34879305.04928218,57.51498041209536,26.99843511355321,False
Pakistan,PAK,1999,23.39857241800457,34879305.04928218,59.19405894078543,27.17921203855097,False
Pakistan,PAK,2000,23.39857241800457,34879305.04928218,58.87059023931894,27.07524396449703,False
Pakistan,PAK,2001,23.39857241800457,34879305.04928218,58.24285054572959,25.15558545344934,False
Pakistan,PAK,2002,23.39857241800457,34879305.04928218,57.50847254254123,24.39105518824203,False
Pakistan,PAK,2003,23.39857241800457,34879305.04928218,57.88584725897119,20.79735719274088,False
Pakistan,PAK,2004,23.39857241800457,34879305.04928218,59.70433908852149,21.05516501692816,False
Pakistan,PAK,2005,23.39857241800457,34879305.04928218,60.08330179067697,20.48938466625098,False
Pakistan,PAK,2006,24.8042074378,34879305.04928218,60.88648037227419,23.10573946470074,False
Pakistan,PAK,2007,25.4704940511,34879305.04928218,62.19883201929884,24.28700194629716,False
Pakistan,PAK,2008,27.1612413812,34879305.04928218,61.33622190132665,24.51986913216573,False
Pakistan,PAK,2009,28.3677640905,34879305.04928218,60.73747269757056,23.89825153146279,False
Pakistan,PAK,2010,30.8974613316,2224000.0,59.90719289897172,24.1654977748004,False
Pakistan,PAK,2011,27.6396873063,2300000.0,59.34613523380473,23.03353621343223,False
Pakistan,PAK,2012,26.8242990959,2231250.0,59.16198317523204,23.09016716143582,False
Pakistan,PAK,2013,28.005252695,2252000.0,59.12609418891751,23.74263015540153,False
Pakistan,PAK,2014,28.4684041996,2447600.0,59.60529824619598,26.34543711708705,False
Pakistan,PAK,2015,33.7454606614,2706324.0,45.09017912267807,29.00459255559891,False
Pakistan,PAK,2016,33.6725952362,3074000.0,0.0,33.38209887709748,False
Pakistan,PAK,2017,33.9301487108,3284000.0,0.0,39.14784091266318,False
Pakistan,PAK,2018,33.9856262663,3249000.0,0.0,35.52570596930094,False
Pakistan,PAK,2019,33.9377934075,3150000.0,0.0,33.51624330215452,False
Pakistan,PAK,2020,40.782383784,3161000.0,0.0,38.95372369357551,False
Pakistan,PAK,2021,34.1095612091,3548000.0,0.0,41.58482030833447,False
Pakistan,PAK,2022,23.39857241800457,3383580.0,0.0,39.79255093886764,False
Pakistan,PAK,2023,23.39857241800457,2909000.0,0.0,-37.96310870035779,False
Pakistan,PAK,2024,23.39857241800457,3338000.0,49.53885920745446,-37.96310870035779,False
Palau,PLW,1990,23.39857241800457,34879305.04928218,0.0,-37.96310870035779,False
Palau,PLW,2006,2.5355426128,34879305.04928218,49.53885920745446,-37.96310870035779,False
Palau,PLW,2007,3.7733989804,34879305.04928218,49.53885920745446,-37.96310870035779,False
Palau,PLW,2008,3.9248235095,34879305.04928218,49.53885920745446,-37.96310870035779,False
Palau,PLW,2009,3.8187176141,34879305.04928218,49.53885920745446,-37.96310870035779,False
Palau,PLW,2010,3.8176795983,24446.48,49.53885920745446,-37.96310870035779,False
Palau,PLW,2011,3.2848843396,17628.87,49.53885920745446,-37.96310870035779,False
Palau,PLW,2012,3.2848843396,18799.61,49.53885920745446,-37.96310870035779,False
Palau,PLW,2013,3.7156245619,23547.92,49.53885920745446,-37.96310870035779,False
Palau,PLW,2014,3.7159493832,23960.16,49.53885920745446,-37.96310870035779,False
Palau,PLW,2015,23.39857241800457,23890.53,49.53885920745446,-37.96310870035779,False
Palau,PLW,2016,3.786645487,22490.03,49.53885920745446,-37.96310870035779,False
Palau,PLW,2017,3.4351044963,20009.41,49.53885920745446,-37.96310870035779,False
Palau,PLW,2018,3.405003246,20059.46,49.53885920745446,-37.96310870035779,False
Palau,PLW,2019,3.2304838022,16399.0,49.53885920745446,-37.96310870035779,False
Palau,PLW,2020,2.613364713,34879305.04928218,49.53885920745446,-37.96310870035779,False
Palau,PLW,2021,2.4627314684,34879305.04928218,49.53885920745446,-37.96310870035779,False
Panama,PAN,1990,23.39857241800457,34879305.04928218,58.90524165562599,166.5401143817248,False
Panama,PAN,1991,23.39857241800457,34879305.04928218,62.47251826345857,175.2044083699451,False
Panama,PAN,1992,23.39857241800457,34879305.04928218,65.95255483685534,171.5638015903066,False
Panama,PAN,1993,23.39857241800457,34879305.04928218,64.61320285747276,173.1024185555601,False
Panama,PAN,1994,23.39857241800457,34879305.04928218,67.02512642885816,177.9741173882752,False
Panama,PAN,1995,23.39857241800457,34879305.04928218,69.57544663279688,172.6470517419884,False
Panama,PAN,1996,23.39857241800457,34879305.04928218,67.50821184607653,172.2649033479028,False
Panama,PAN,1997,23.39857241800457,34879305.04928218,67.73415029417704,184.7753302055455,False
Panama,PAN,1998,23.39857241800457,34879305.04928218,74.92132421583142,176.679424943988,False
Panama,PAN,1999,23.39857241800457,34879305.04928218,71.82511039460347,173.9992801257885,False
Panama,PAN,2000,23.39857241800457,34879305.04928218,75.74602690046606,188.8038440703807,False
Panama,PAN,2001,23.39857241800457,34879305.04928218,80.68614019840747,185.4570333400582,False
Panama,PAN,2002,23.39857241800457,34879305.04928218,75.38017868709939,181.9461869559343,False
Panama,PAN,2003,23.39857241800457,34879305.04928218,78.1730582998129,189.5536819306926,False
Panama,PAN,2004,23.39857241800457,34879305.04928218,74.27490204363117,179.1778825129974,False
Panama,PAN,2005,23.39857241800457,34879305.04928218,77.26599806407664,165.9288041469306,False
Panama,PAN,2006,26.3716182217,34879305.04928218,78.63409448377845,173.2030004612358,False
Panama,PAN,2007,29.6366789682,34879305.04928218,78.41430803864117,151.3000947437464,False
Panama,PAN,2008,33.1865023922,34879305.04928218,76.52364118751463,192.9019707350081,False
Panama,PAN,2009,32.8423800076,34879305.04928218,81.521835280367,169.4527952268551,False
Panama,PAN,2010,35.9977681732,5590685.0,85.31701351880247,167.2934627184763,False
Panama,PAN,2011,39.8510538748,6629838.0,84.43139512772595,163.9534086589098,False
Panama,PAN,2012,42.511551964,6847724.0,82.29633028300208,168.5817233699687,False
Panama,PAN,2013,43.4136545796,6561406.0,82.77091277681075,168.3765954663526,False
Panama,PAN,2014,42.4348955771,6774064.0,84.40999387406464,163.6096288390843,False
Panama,PAN,2015,50.3897000777,6893886.0,83.07738093209237,170.0117688595977,False
Panama,PAN,2016,47.5068360076,6261878.0,0.0,182.570149084519,False
Panama,PAN,2017,47.8769957005,6899242.0,0.0,194.3596926434686,False
Panama,PAN,2018,47.3881427344,6872055.0,0.0,194.9722229976829,False
Panama,PAN,2019,50.0015967653,7346859.0,0.0,203.1348068817329,False
Panama,PAN,2020,50.0396510643,7735214.0,0.0,148.0280283849802,False
Panama,PAN,2021,51.5962899016,8623927.0,0.0,152.6412936514267,False
Panama,PAN,2022,23.39857241800457,8518425.0,0.0,171.1864926150641,False
Panama,PAN,2023,23.39857241800457,8322863.0,0.0,-37.96310870035779,False
Panama,PAN,2024,23.39857241800457,9570767.0,49.53885920745446,-37.96310870035779,False
Papua New Guinea,PNG,2006,9.3526513037,34879305.04928218,49.53885920745446,-37.96310870035779,False
Papua New Guinea,PNG,2007,9.3353994363,34879305.04928218,49.53885920745446,-37.96310870035779,False
Papua New Guinea,PNG,2008,9.5850396127,34879305.04928218,49.53885920745446,-37.96310870035779,False
Papua New Guinea,PNG,2009,7.4079126246,34879305.04928218,49.53885920745446,-37.96310870035779,False
Papua New Guinea,PNG,2010,7.5313741268,142146.0,49.53885920745446,-37.96310870035779,False
Papua New Guinea,PNG,2011,7.8084762808,161717.0,49.53885920745446,-37.96310870035779,False
Papua New Guinea,PNG,2012,9.1643295017,184491.0,49.53885920745446,-37.96310870035779,False
Papua New Guinea,PNG,2013,10.6928252771,34879305.04928218,49.53885920745446,-37.96310870035779,False
Papua New Guinea,PNG,2014,10.8946490373,34879305.04928218,49.53885920745446,-37.96310870035779,False
Papua New Guinea,PNG,2015,9.9638390246,193656.0,49.53885920745446,-37.96310870035779,False
Papua New Guinea,PNG,2016,10.1232487757,34879305.04928218,49.53885920745446,-37.96310870035779,False
Papua New Guinea,PNG,2017,10.4804652446,177122.0,49.53885920745446,-37.96310870035779,False
Papua New Guinea,PNG,2018,10.9273533512,170053.0,49.53885920745446,-37.96310870035779,False
Papua New Guinea,PNG,2019,10.4864457991,34879305.04928218,49.53885920745446,-37.96310870035779,False
Papua New Guinea,PNG,2020,11.1722429535,204518.0,49.53885920745446,-37.96310870035779,False
Papua New Guinea,PNG,2021,11.0288112347,34879305.04928218,49.53885920745446,-37.96310870035779,False
Papua New Guinea,PNG,2022,23.39857241800457,200000.0,49.53885920745446,-37.96310870035779,False
Paraguay,PRY,1990,23.39857241800457,34879305.04928218,21.33092371255774,-48.12926491847109,False
Paraguay,PRY,1991,23.39857241800457,34879305.04928218,20.14165054279874,-53.74764736881743,False
Paraguay,PRY,1992,23.39857241800457,34879305.04928218,23.88090787396773,-43.52378216564365,False
Paraguay,PRY,1993,23.39857241800457,34879305.04928218,26.56738629662213,-49.21625301231148,False
Paraguay,PRY,1994,23.39857241800457,34879305.04928218,28.46461901146709,-48.66077969126664,False
Paraguay,PRY,1995,23.39857241800457,34879305.04928218,29.54942513381631,-55.40900150410746,False
Paraguay,PRY,1996,23.39857241800457,34879305.04928218,28.62732230428315,-60.9651212655453,False
Paraguay,PRY,1997,23.39857241800457,34879305.04928218,29.18402583577917,-61.15650878499752,False
Paraguay,PRY,1998,23.39857241800457,34879305.04928218,30.96797074473336,-58.28559398096345,False
Paraguay,PRY,1999,23.39857241800457,34879305.04928218,32.3591104595865,-64.53563464712879,False
Paraguay,PRY,2000,23.39857241800457,34879305.04928218,28.13686806430403,-75.6766456690964,False
Paraguay,PRY,2001,23.39857241800457,34879305.04928218,28.75042168030865,-56.17928977877838,False
Paraguay,PRY,2002,23.39857241800457,34879305.04928218,30.44559843494099,-60.76744285880735,False
Paraguay,PRY,2003,23.39857241800457,34879305.04928218,30.86124918323942,-67.47182447759779,False
Paraguay,PRY,2004,23.39857241800457,34879305.04928218,31.0245322133512,-64.94366381515557,False
Paraguay,PRY,2005,23.39857241800457,34879305.04928218,28.97105689689397,-66.25139311425042,False
Paraguay,PRY,2006,23.39857241800457,34879305.04928218,30.0652895197446,-70.33994913916577,False
Paraguay,PRY,2007,0.9774485926,34879305.04928218,30.73234623077177,-71.04875124072674,False
Paraguay,PRY,2008,0.9774485926,9317.0,29.80585521053456,-64.93008920114943,False
Paraguay,PRY,2009,1.0425493,7045.0,30.24521928044087,-56.12756526796163,False
Paraguay,PRY,2010,1.0425493,8179.0,32.27525896179004,-48.29573416799541,False
Paraguay,PRY,2011,1.0420514761,8645.0,33.32572752174195,-51.17351296785208,False
Paraguay,PRY,2012,0.9969708202,9294.0,34.16597664648048,-50.64371879195287,False
Paraguay,PRY,2013,0.9975780948,10028.0,33.25253542090032,-50.84285379535267,False
Paraguay,PRY,2014,0.9975780948,10540.0,33.3723126223006,-34.50882764806579,False
Paraguay,PRY,2015,0.9975780948,10500.0,33.52560195155427,-27.07908072378554,False
Paraguay,PRY,2016,0.9975780948,38430.0,0.0,-26.95315979831452,False
Paraguay,PRY,2017,0.9975780948,37584.0,0.0,-18.44009694122101,False
Paraguay,PRY,2018,1.3180942562,38007.0,0.0,-12.4750587577865,False
Paraguay,PRY,2019,1.8507626366,37795.5,0.0,-1.476952053772485,False
Paraguay,PRY,2020,1.8507626366,37901.25,0.0,0.7993345155039883,False
Paraguay,PRY,2021,1.8507626366,34879305.04928218,0.0,10.27996786183192,False
Paraguay,PRY,2022,23.39857241800457,34879305.04928218,0.0,5.651497734802906,False
Paraguay,PRY,2023,23.39857241800457,34879305.04928218,0.0,-4.694029002560689,False
Peru,PER,1990,23.39857241800457,34879305.04928218,63.27714493648888,-5.793808716475247,False
Peru,PER,1991,23.39857241800457,34879305.04928218,62.64943266325895,0.6418096731672372,False
Peru,PER,1992,23.39857241800457,34879305.04928218,64.20216553479976,0.0570948005153898,False
Peru,PER,1993,23.39857241800457,34879305.04928218,65.57237446492647,-0.3941370903239,False
Peru,PER,1994,23.39857241800457,34879305.04928218,66.35846013977093,4.347360954451826,False
Peru,PER,1995,23.39857241800457,34879305.04928218,68.6203409704008,16.58952968939118,False
Peru,PER,1996,23.39857241800457,34879305.04928218,69.50225521368026,15.62381766646726,False
Peru,PER,1997,23.39857241800457,34879305.04928218,68.61523249963864,21.72057943672187,False
Peru,PER,1998,23.39857241800457,34879305.04928218,62.98602214383622,20.58802581960767,False
Peru,PER,1999,23.39857241800457,34879305.04928218,65.0240103092882,17.07756348538266,False
Peru,PER,2000,23.39857241800457,34879305.04928218,63.48161284597937,24.96024844720501,False
Peru,PER,2001,23.39857241800457,34879305.04928218,61.1617765169853,20.56414055108582,False
Peru,PER,2002,23.39857241800457,34879305.04928218,61.34376485246912,22.7213143566442,False
Peru,PER,2003,23.39857241800457,34879305.04928218,60.44013934477474,25.66387682442636,False
Peru,PER,2004,23.39857241800457,34879305.04928218,64.4936749571151,27.5121065894498,False
Peru,PER,2005,23.39857241800457,34879305.04928218,66.16363866176899,20.82704795447336,False
Peru,PER,2006,18.3577227318,34879305.04928218,64.08230550919791,24.08866755698394,False
Peru,PER,2007,17.2485586554,34879305.04928218,66.48556524975665,24.41271085959385,False
Peru,PER,2008,17.4475975059,34879305.04928218,68.92027309188596,20.86466111656082,False
Peru,PER,2009,21.9815154685,34879305.04928218,68.658734821226,15.25263248907528,False
Peru,PER,2010,25.8010346442,1529846.0,72.58770161644861,1.602455937904808,False
Peru,PER,2011,30.2003654591,1826795.0,69.60195407905101,-10.55316205135614,False
Peru,PER,2012,29.684378672,2021881.0,72.45588075519058,-11.28177550846875,False
Peru,PER,2013,30.4951239454,2064981.0,74.60308679510972,-11.94165666431827,False
Peru,PER,2014,30.8695086756,2241216.0,86.19023676605194,-7.917024497974913,False
Peru,PER,2015,31.7130422124,2158030.0,32.84822122920539,-0.6660777403805771,False
Peru,PER,2016,37.7567804228,2321062.0,0.0,0.6454311415208551,False
Peru,PER,2017,37.8635238282,2539720.0,0.0,2.060697265110879,False
Peru,PER,2018,38.3135022682,2667974.0,0.0,4.915386349481733,False
Peru,PER,2019,40.1547594412,2677239.0,0.0,4.688637935008114,False
Peru,PER,2020,39.2007414528,2651281.0,0.0,-2.702516937780254,False
Peru,PER,2021,40.4209107384,2874109.0,0.0,11.60639356739979,False
Peru,PER,2022,23.39857241800457,2865239.0,0.0,12.18596510306205,False
Peru,PER,2023,23.39857241800457,3144220.0,0.0,-37.96310870035779,False
Peru,PER,2024,23.39857241800457,3477011.0,49.53885920745446,-37.96310870035779,False
Philippines,PHL,1990,23.39857241800457,34879305.04928218,46.06815004550619,41.87272992860323,False
Philippines,PHL,1991,23.39857241800457,34879305.04928218,45.59835508310901,42.46770655827802,False
Philippines,PHL,1992,23.39857241800457,34879305.04928218,49.25923824262565,47.72744688517475,False
Philippines,PHL,1993,23.39857241800457,34879305.04928218,52.6487301131793,45.72286776157267,False
Philippines,PHL,1994,23.39857241800457,34879305.04928218,53.95246262543913,49.70104280179781,False
Philippines,PHL,1995,23.39857241800457,34879305.04928218,57.4279974035878,55.41022478251961,False
Philippines,PHL,1996,23.39857241800457,34879305.04928218,58.55452321211728,55.94418376177012,False
Philippines,PHL,1997,23.39857241800457,34879305.04928218,59.71327305387671,57.99496199159703,False
Philippines,PHL,1998,23.39857241800457,34879305.04928218,57.5149551685991,55.47634926580478,False
Philippines,PHL,1999,23.39857241800457,34879305.04928218,54.6544101056771,51.90679326694722,False
Philippines,PHL,2000,23.39857241800457,34879305.04928218,54.68270537478943,51.71009340986009,False
Philippines,PHL,2001,23.39857241800457,34879305.04928218,56.22633566293646,55.57380841903644,False
Philippines,PHL,2002,23.39857241800457,34879305.04928218,57.85055718566232,48.16025128461627,False
Philippines,PHL,2003,23.39857241800457,34879305.04928218,59.37318542555605,47.52164918511429,False
Philippines,PHL,2004,23.39857241800457,34879305.04928218,58.86134746920016,49.65050024041354,False
Philippines,PHL,2005,23.39857241800457,34879305.04928218,58.73965477034022,44.75789250146008,False
Philippines,PHL,2006,19.1443319766,34879305.04928218,57.18330778686085,45.34207177446957,False
Philippines,PHL,2007,20.8216983,34879305.04928218,57.10178348495778,43.3156332295316,False
Philippines,PHL,2008,20.3702899842,34879305.04928218,56.78372436988505,42.76036128656693,False
Philippines,PHL,2009,20.8613062494,34879305.04928218,54.10565832390405,37.44393364606778,False
Philippines,PHL,2010,21.8374969244,5138014.0,58.42114842700042,42.62534822142752,False
Philippines,PHL,2011,21.3495519612,5682561.0,57.86585769126549,41.60573418929194,False
Philippines,PHL,2012,23.0452813711,5938070.0,58.71178061741716,42.9068252162772,False
Philippines,PHL,2013,25.9302299627,5955137.0,60.79772326558943,43.97978057617746,False
Philippines,PHL,2014,23.1349493171,6216752.0,61.60315891086532,43.83925826106982,False
Philippines,PHL,2015,25.8463580865,7175424.0,43.30246567393628,49.33672646300325,False
Philippines,PHL,2016,29.932786438,7560607.0,0.0,47.82083744064541,False
Philippines,PHL,2017,30.2016515526,8249852.0,0.0,49.81003819522486,False
Philippines,PHL,2018,31.4811601456,8859565.0,0.0,54.07436380427942,False
Philippines,PHL,2019,30.5055815497,9333428.0,0.0,48.61614489163567,False
Philippines,PHL,2020,29.2474289842,8019642.0,0.0,47.01745251514278,False
Philippines,PHL,2021,25.5414998811,8674859.0,0.0,49.9057625438824,False
Philippines,PHL,2022,23.39857241800457,9258516.0,0.0,54.42507676677737,False
Philippines,PHL,2023,23.39857241800457,8803874.0,0.0,-37.96310870035779,False
Philippines,PHL,2024,23.39857241800457,9216842.0,49.53885920745446,-37.96310870035779,False
Poland,POL,1990,23.39857241800457,34879305.04928218,97.80253520977396,0.8450153544400032,False
Poland,POL,1991,23.39857241800457,34879305.04928218,98.04790699485817,1.215342843300258,False
Poland,POL,1992,23.39857241800457,34879305.04928218,98.0439933044161,1.605996625407965,False
Poland,POL,1993,23.39857241800457,34879305.04928218,95.55378053599053,2.625866941725954,False
Poland,POL,1994,23.39857241800457,34879305.04928218,95.3747572949637,0.0748779786969168,False
Poland,POL,1995,23.39857241800457,34879305.04928218,95.43038844621267,-0.2097877759014936,False
Poland,POL,1996,23.39857241800457,34879305.04928218,95.89683367947276,5.422201302701636,False
Poland,POL,1997,23.39857241800457,34879305.04928218,95.99082424991472,6.566376987560499,False
Poland,POL,1998,23.39857241800457,34879305.04928218,96.06241011193906,8.548661392814187,False
Poland,POL,1999,23.39857241800457,34879305.04928218,96.31926091314811,9.982832042729097,False
Poland,POL,2000,23.39857241800457,34879305.04928218,96.16183429703656,10.78162433954906,False
Poland,POL,2001,23.39857241800457,34879305.04928218,95.91123389692734,10.50797319504428,False
Poland,POL,2002,23.39857241800457,34879305.04928218,95.93668257172531,11.49147153965062,False
Poland,POL,2003,23.39857241800457,34879305.04928218,96.23133225974132,13.35971514798847,False
Poland,POL,2004,23.39857241800457,34879305.04928218,95.94957642002989,14.7708202836035,False
Poland,POL,2005,23.39857241800457,34879305.04928218,95.98914543087513,17.81395030545837,False
Poland,POL,2006,10.1418504944,34879305.04928218,95.7530399962097,20.28482461402457,False
Poland,POL,2007,9.2608076418,34879305.04928218,95.12885855976732,25.9717755598224,False
Poland,POL,2008,9.6594441498,34879305.04928218,94.15759267274682,31.04492755712752,False
Poland,POL,2009,25.2912178179,34879305.04928218,93.27710018031895,32.15465431693063,False
Poland,POL,2010,24.8861057829,1050345.0,92.38717570185624,31.95158621584441,False
Poland,POL,2011,37.5310392946,1357182.0,92.129475924644,34.23673073957445,False
Poland,POL,2012,37.6722641884,1657432.0,91.08084359253422,31.70237403780274,False
Poland,POL,2013,44.6265287002,1969530.0,91.09273684287088,26.50121090839896,False
Poland,POL,2014,44.3544116163,2139616.0,90.0737317204914,29.67857661745472,False
Poland,POL,2015,43.5964464529,1860908.0,89.98178977516201,30.1532074780427,False
Poland,POL,2016,46.3565154149,2032761.0,0.0,31.1609310618477,False
Poland,POL,2017,50.1130812781,2384782.0,0.0,38.82238908000569,False
Poland,POL,2018,51.2220487048,2834296.0,0.0,44.07005477199431,False
Poland,POL,2019,56.6512042385,3046483.0,0.0,45.8816709962173,False
Poland,POL,2020,52.1569315426,2915937.0,0.0,43.04947436946394,False
Poland,POL,2021,51.8445805502,3187943.0,0.0,41.10111161735237,False
Poland,POL,2022,23.39857241800457,3061848.0,0.0,46.84187551016479,False
Poland,POL,2023,23.39857241800457,2995174.0,0.0,48.81935505833177,False
Poland,POL,2024,23.39857241800457,3270784.0,0.0,-37.96310870035779,False
Portugal,PRT,1990,23.39857241800457,34879305.04928218,80.45048374043213,88.85208754702384,False
Portugal,PRT,1991,23.39857241800457,34879305.04928218,80.59952662304869,87.58621563517593,False
Portugal,PRT,1992,23.39857241800457,34879305.04928218,83.57649747522737,89.27858761009482,False
Portugal,PRT,1993,23.39857241800457,34879305.04928218,81.96683652621351,87.28245905466798,False
Portugal,PRT,1994,23.39857241800457,34879305.04928218,80.82237612929501,85.67022727837526,False
Portugal,PRT,1995,23.39857241800457,34879305.04928218,83.18021207594721,89.9701448754226,False
Portugal,PRT,1996,23.39857241800457,34879305.04928218,80.55361809570202,84.77331992273804,False
Portugal,PRT,1997,23.39857241800457,34879305.04928218,81.02320467220684,88.22512786201115,False
Portugal,PRT,1998,23.39857241800457,34879305.04928218,83.49751478506386,87.78856829825786,False
Portugal,PRT,1999,23.39857241800457,34879305.04928218,86.51237181908984,92.15817045491222,False
Portugal,PRT,2000,23.39857241800457,34879305.04928218,84.03297743477539,89.6907456772857,False
Portugal,PRT,2001,23.39857241800457,34879305.04928218,83.38213442131725,88.7763442228248,False
Portugal,PRT,2002,23.39857241800457,34879305.04928218,85.25284401860597,87.59376861957043,False
Portugal,PRT,2003,23.39857241800457,34879305.04928218,81.77021159216949,89.57513128820807,False
Portugal,PRT,2004,23.39857241800457,34879305.04928218,82.75214556610862,88.20385700411603,False
Portugal,PRT,2005,23.39857241800457,34879305.04928218,84.11764960967557,92.7274778840949,False
Portugal,PRT,2006,27.7890340984,34879305.04928218,80.81174574631993,88.65619231382786,False
Portugal,PRT,2007,27.422559468,34879305.04928218,79.2377381074368,85.81629968533682,False
Portugal,PRT,2008,36.3874803654,34879305.04928218,78.62915490589137,88.4103947786098,False
Portugal,PRT,2009,44.9680091542,34879305.04928218,78.08251225766959,85.74631718639795,False
Portugal,PRT,2010,42.9773046589,1636246.0,75.12563050916576,79.49915692737379,False
Portugal,PRT,2011,44.4184637548,1777207.0,75.65478977997967,82.80985704936661,False
Portugal,PRT,2012,43.896408517,1904965.0,75.80654223979647,85.12133583598363,False
Portugal,PRT,2013,45.1675826324,2353948.0,73.43074253313793,78.78243091589886,False
Portugal,PRT,2014,44.3966010286,2689296.0,72.78057369477892,77.43895284555806,False
Portugal,PRT,2015,45.1662953132,2739185.0,77.40885043180528,84.27732166773939,False
Portugal,PRT,2016,43.6354954045,2912946.0,0.0,80.59114218092563,False
Portugal,PRT,2017,46.479816087,3124946.0,0.0,87.17364365974477,False
Portugal,PRT,2018,59.7446333391,3168513.0,0.0,85.33897431725131,False
Portugal,PRT,2019,44.1828909781,2907005.0,0.0,84.35654715968288,False
Portugal,PRT,2020,56.3380383782,2986021.0,0.0,71.50919023974043,False
Portugal,PRT,2021,61.1987768332,3294407.0,0.0,73.74412406278574,False
Portugal,PRT,2022,23.39857241800457,3153877.0,0.0,81.5127954385107,False
Portugal,PRT,2023,23.39857241800457,3189770.0,0.0,77.24489758619943,False
Portugal,PRT,2024,23.39857241800457,3541777.0,0.0,-37.96310870035779,False
Post-demographic dividend,PST,1960,23.39857241800457,34879305.04928218,94.37437441752738,-37.96310870035779,True
Post-demographic dividend,PST,1961,23.39857241800457,34879305.04928218,94.327080864299,-37.96310870035779,True
Post-demographic dividend,PST,1962,23.39857241800457,34879305.04928218,94.4306942247569,-37.96310870035779,True
Post-demographic dividend,PST,1963,23.39857241800457,34879305.04928218,94.62430720183067,-37.96310870035779,True
Post-demographic dividend,PST,1964,23.39857241800457,34879305.04928218,94.7252776746792,-37.96310870035779,True
Post-demographic dividend,PST,1965,23.39857241800457,34879305.04928218,94.68512727807688,-37.96310870035779,True
Post-demographic dividend,PST,1966,23.39857241800457,34879305.04928218,94.58867052887038,-37.96310870035779,True
Post-demographic dividend,PST,1967,23.39857241800457,34879305.04928218,94.72457672863034,-37.96310870035779,True
Post-demographic dividend,PST,1968,23.39857241800457,34879305.04928218,94.72488906040338,-37.96310870035779,True
Post-demographic dividend,PST,1969,23.39857241800457,34879305.04928218,94.77968151418906,-37.96310870035779,True
Post-demographic dividend,PST,1970,23.39857241800457,34879305.04928218,94.6567912919222,-37.96310870035779,True
Post-demographic dividend,PST,1971,23.39857241800457,34879305.04928218,94.42032995288872,-37.96310870035779,True
Post-demographic dividend,PST,1972,23.39857241800457,34879305.04928218,94.11157949663018,-37.96310870035779,True
Post-demographic dividend,PST,1973,23.39857241800457,34879305.04928218,94.09435949551892,-37.96310870035779,True
Post-demographic dividend,PST,1974,23.39857241800457,34879305.04928218,93.39946619980437,-37.96310870035779,True
Post-demographic dividend,PST,1975,23.39857241800457,34879305.04928218,92.57874277884818,-37.96310870035779,True
Post-demographic dividend,PST,1976,23.39857241800457,34879305.04928218,92.59162623535272,-37.96310870035779,True
Post-demographic dividend,PST,1977,23.39857241800457,34879305.04928218,91.88540549278792,-37.96310870035779,True
Post-demographic dividend,PST,1978,23.39857241800457,34879305.04928218,91.20426394009456,-37.96310870035779,True
Post-demographic dividend,PST,1979,23.39857241800457,34879305.04928218,91.17403506785412,-37.96310870035779,True
Post-demographic dividend,PST,1980,23.39857241800457,34879305.04928218,90.53478658446794,-37.96310870035779,True
Post-demographic dividend,PST,1981,23.39857241800457,34879305.04928218,89.42133737582675,-37.96310870035779,True
Post-demographic dividend,PST,1982,23.39857241800457,34879305.04928218,88.53099942694408,-37.96310870035779,True
Post-demographic dividend,PST,1983,23.39857241800457,34879305.04928218,87.50957820759699,-37.96310870035779,True
Post-demographic dividend,PST,1984,23.39857241800457,34879305.04928218,86.48113110890725,-37.96310870035779,True
Post-demographic dividend,PST,1985,23.39857241800457,34879305.04928218,85.34984388456458,-37.96310870035779,True
Post-demographic dividend,PST,1986,23.39857241800457,34879305.04928218,84.67126619316812,-37.96310870035779,True
Post-demographic dividend,PST,1987,23.39857241800457,34879305.04928218,84.28843260806316,-37.96310870035779,True
Post-demographic dividend,PST,1988,23.39857241800457,34879305.04928218,83.97584858490816,-37.96310870035779,True
Post-demographic dividend,PST,1989,23.39857241800457,34879305.04928218,83.84360334646189,-37.96310870035779,True
Post-demographic dividend,PST,1990,23.39857241800457,34879305.04928218,84.0099236821709,32.44850035857439,True
Post-demographic dividend,PST,1991,23.39857241800457,34879305.04928218,83.43693988698213,31.6308223881388,True
Post-demographic dividend,PST,1992,23.39857241800457,34879305.04928218,83.15285022483054,31.81046179535079,True
Post-demographic dividend,PST,1993,23.39857241800457,34879305.04928218,82.86280076864355,31.63275024079117,True
Post-demographic dividend,PST,1994,23.39857241800457,34879305.04928218,82.74365014154967,31.51584981036888,True
Post-demographic dividend,PST,1995,23.39857241800457,34879305.04928218,82.43384462005957,30.74532662082093,True
Post-demographic dividend,PST,1996,23.39857241800457,34879305.04928218,82.31262389930752,31.19096635939913,True
Post-demographic dividend,PST,1997,23.39857241800457,34879305.04928218,82.65407250439898,31.8035585059,True
Post-demographic dividend,PST,1998,23.39857241800457,34879305.04928218,82.33693034517269,32.17555464884704,True
Post-demographic dividend,PST,1999,23.39857241800457,34879305.04928218,82.28938761495641,32.31651312562158,True
Post-demographic dividend,PST,2000,23.39857241800457,34879305.04928218,82.23528803337592,32.73612642697749,True
Post-demographic dividend,PST,2001,23.39857241800457,34879305.04928218,82.56317839059112,33.7653395769938,True
Post-demographic dividend,PST,2002,23.39857241800457,34879305.04928218,82.49885513783514,33.22070902772306,True
Post-demographic dividend,PST,2003,23.39857241800457,34879305.04928218,82.71657097288039,34.90935966160782,True
Post-demographic dividend,PST,2004,23.39857241800457,34879305.04928218,82.29145356037007,36.15403664062535,True
Post-demographic dividend,PST,2005,23.39857241800457,34879305.04928218,81.84427584626633,36.88491702586533,True
Post-demographic dividend,PST,2006,23.39857241800457,34879305.04928218,81.35058303437572,37.59871379964128,True
Post-demographic dividend,PST,2007,23.39857241800457,34879305.04928218,81.61806793764471,36.40602278200541,True
Post-demographic dividend,PST,2008,23.39857241800457,34879305.04928218,81.24108384988959,35.95301431368924,True
Post-demographic dividend,PST,2009,23.39857241800457,34879305.04928218,80.32685946567415,34.07581073973801,True
Post-demographic dividend,PST,2010,23.39857241800457,225481010.0,80.23679808700423,33.35061304063981,True
Post-demographic dividend,PST,2011,23.39857241800457,237392681.0,80.65202921012174,33.03165835484462,True
Post-demographic dividend,PST,2012,23.39857241800457,242777950.0,80.93756740071844,31.36965800675869,True
Post-demographic dividend,PST,2013,23.39857241800457,247054097.0,80.15437095594498,29.16154650844617,True
Post-demographic dividend,PST,2014,23.39857241800457,256329499.0,79.96096928457433,26.56364884098716,True
Post-demographic dividend,PST,2015,23.39857241800457,253640811.0,77.24605340957139,26.41429417474333,True
Post-demographic dividend,PST,2016,23.39857241800457,257873035.0,0.0,26.35021577240509,True
Post-demographic dividend,PST,2017,23.39857241800457,273378267.0,0.0,24.69073991731356,True
Post-demographic dividend,PST,2018,23.39857241800457,285463593.0,0.0,22.09505309232584,True
Post-demographic dividend,PST,2019,23.39857241800457,288293611.0,0.0,19.58110148113044,True
Post-demographic dividend,PST,2020,23.39857241800457,279853843.0,0.0,15.32180040754659,True
Post-demographic dividend,PST,2021,23.39857241800457,297555849.0,0.0,15.36615435290999,True
Post-demographic dividend,PST,2022,23.39857241800457,291175131.0,0.0,14.78141373183539,True
Post-demographic dividend,PST,2023,23.39857241800457,278058393.0,0.0,11.27911604239564,True
Post-demographic dividend,PST,2024,23.39857241800457,292860991.0,0.0,-37.96310870035779,True
Pre-demographic dividend,PRE,1971,23.39857241800457,34879305.04928218,16.54080510337999,-37.96310870035779,True
Pre-demographic dividend,PRE,1972,23.39857241800457,34879305.04928218,17.48531759622502,-37.96310870035779,True
Pre-demographic dividend,PRE,1973,23.39857241800457,34879305.04928218,18.41787641124876,-37.96310870035779,True
Pre-demographic dividend,PRE,1974,23.39857241800457,34879305.04928218,18.62006886029,-37.96310870035779,True
Pre-demographic dividend,PRE,1975,23.39857241800457,34879305.04928218,19.24385420574745,-37.96310870035779,True
Pre-demographic dividend,PRE,1976,23.39857241800457,34879305.04928218,21.08291632218766,-37.96310870035779,True
Pre-demographic dividend,PRE,1977,23.39857241800457,34879305.04928218,21.92892661645504,-37.96310870035779,True
Pre-demographic dividend,PRE,1978,23.39857241800457,34879305.04928218,23.2521012701858,-37.96310870035779,True
Pre-demographic dividend,PRE,1979,23.39857241800457,34879305.04928218,24.42955878210114,-37.96310870035779,True
Pre-demographic dividend,PRE,1980,23.39857241800457,34879305.04928218,24.45400942820354,-37.96310870035779,True
Pre-demographic dividend,PRE,1981,23.39857241800457,34879305.04928218,24.48085356197369,-37.96310870035779,True
Pre-demographic dividend,PRE,1982,23.39857241800457,34879305.04928218,24.87611342413453,-37.96310870035779,True
Pre-demographic dividend,PRE,1983,23.39857241800457,34879305.04928218,25.84592170727701,-37.96310870035779,True
Pre-demographic dividend,PRE,1984,23.39857241800457,34879305.04928218,25.33091881213331,-37.96310870035779,True
Pre-demographic dividend,PRE,1985,23.39857241800457,34879305.04928218,26.334935700707,-37.96310870035779,True
Pre-demographic dividend,PRE,1986,23.39857241800457,34879305.04928218,26.32760534676866,-37.96310870035779,True
Pre-demographic dividend,PRE,1987,23.39857241800457,34879305.04928218,26.16770750288578,-37.96310870035779,True
Pre-demographic dividend,PRE,1988,23.39857241800457,34879305.04928218,27.77633319922056,-37.96310870035779,True
Pre-demographic dividend,PRE,1989,23.39857241800457,34879305.04928218,28.49023602448253,-37.96310870035779,True
Pre-demographic dividend,PRE,1990,23.39857241800457,34879305.04928218,33.21614897412594,-167.9272776071967,True
Pre-demographic dividend,PRE,1991,23.39857241800457,34879305.04928218,31.37159204530765,-99.11922959120716,True
Pre-demographic dividend,PRE,1992,23.39857241800457,34879305.04928218,34.99343819018203,-95.19085004524538,True
Pre-demographic dividend,PRE,1993,23.39857241800457,34879305.04928218,21.72340189560754,-89.05707894636127,True
Pre-demographic dividend,PRE,1994,23.39857241800457,34879305.04928218,18.82779562386956,-90.13311486156256,True
Pre-demographic dividend,PRE,1995,23.39857241800457,34879305.04928218,18.89028120122403,-92.78222457394992,True
Pre-demographic dividend,PRE,1996,23.39857241800457,34879305.04928218,19.89681399372114,-100.9985245176255,True
Pre-demographic dividend,PRE,1997,23.39857241800457,34879305.04928218,20.04941818683184,-123.1042291473221,True
Pre-demographic dividend,PRE,1998,23.39857241800457,34879305.04928218,32.16586087648346,-154.2444044213395,True
Pre-demographic dividend,PRE,1999,23.39857241800457,34879305.04928218,30.47110470726697,-160.5621500813328,True
Pre-demographic dividend,PRE,2000,23.39857241800457,34879305.04928218,32.17146766604704,-178.3641564381361,True
Pre-demographic dividend,PRE,2001,23.39857241800457,34879305.04928218,33.35826311377857,-170.1165795151311,True
Pre-demographic dividend,PRE,2002,23.39857241800457,34879305.04928218,32.84273343696896,-153.6976520272026,True
Pre-demographic dividend,PRE,2003,23.39857241800457,34879305.04928218,22.52302605340832,-144.1098567359147,True
Pre-demographic dividend,PRE,2004,23.39857241800457,34879305.04928218,32.3984756008148,-166.790142839037,True
Pre-demographic dividend,PRE,2005,23.39857241800457,34879305.04928218,32.04765428007814,-165.0705932997778,True
Pre-demographic dividend,PRE,2006,23.39857241800457,34879305.04928218,30.86582661421534,-177.1055857152623,True
Pre-demographic dividend,PRE,2007,23.39857241800457,34879305.04928218,31.20856968758796,-188.949726652418,True
Pre-demographic dividend,PRE,2008,23.39857241800457,34879305.04928218,32.30012078545932,-185.156621537346,True
Pre-demographic dividend,PRE,2009,23.39857241800457,34879305.04928218,22.09816649793762,-177.7276401515598,True
Pre-demographic dividend,PRE,2010,23.39857241800457,6376937.65,23.12955782498694,-166.7291732318497,True
Pre-demographic dividend,PRE,2011,23.39857241800457,7645124.120000001,22.86687880326527,-152.8385023497946,True
Pre-demographic dividend,PRE,2012,23.39857241800457,8503715.46,23.77193561443463,-137.2010060808528,True
Pre-demographic dividend,PRE,2013,23.39857241800457,8769054.5,23.38488084341275,-122.8391177455341,True
Pre-demographic dividend,PRE,2014,23.39857241800457,9554312.53,23.98627867285872,-124.2737139606492,True
Pre-demographic dividend,PRE,2015,23.39857241800457,9538612.12,21.5113433434941,-135.0143051758448,True
Pre-demographic dividend,PRE,2016,23.39857241800457,8731319.100000001,0.0,-134.3867276541026,True
Pre-demographic dividend,PRE,2017,23.39857241800457,10464432.93,0.0,-129.4558220999459,True
Pre-demographic dividend,PRE,2018,23.39857241800457,11324554.64,0.0,-128.5740509379392,True
Pre-demographic dividend,PRE,2019,23.39857241800457,12317569.57,0.0,-119.8522125256251,True
Pre-demographic dividend,PRE,2020,23.39857241800457,34879305.04928218,0.0,-100.8715089955409,True
Pre-demographic dividend,PRE,2021,23.39857241800457,34879305.04928218,0.0,-83.13316665218329,True
Pre-demographic dividend,PRE,2022,23.39857241800457,34879305.04928218,0.0,-79.99634890908705,True
Pre-demographic dividend,PRE,2023,23.39857241800457,34879305.04928218,0.0,-37.96310870035779,True
Pre-demographic dividend,PRE,2024,23.39857241800457,34879305.04928218,0.0,-37.96310870035779,True
Puerto Rico (US),PRI,2006,17.6945941637,34879305.04928218,49.53885920745446,-37.96310870035779,False
Puerto Rico (US),PRI,2007,17.6806520959,34879305.04928218,49.53885920745446,-37.96310870035779,False
Puerto Rico (US),PRI,2008,13.4702216967,34879305.04928218,49.53885920745446,-37.96310870035779,False
Puerto Rico (US),PRI,2009,13.8182155495,34879305.04928218,49.53885920745446,-37.96310870035779,False
Puerto Rico (US),PRI,2010,12.6004810619,1525532.0,49.53885920745446,-37.96310870035779,False
Puerto Rico (US),PRI,2011,11.4740841781,1484595.0,49.53885920745446,-37.96310870035779,False
Puerto Rico (US),PRI,2012,11.6590255637,1423156.0,49.53885920745446,-37.96310870035779,False
Puerto Rico (US),PRI,2013,10.994087756,1269902.0,49.53885920745446,-37.96310870035779,False
Puerto Rico (US),PRI,2014,10.3613645605,1319961.0,49.53885920745446,-37.96310870035779,False
Puerto Rico (US),PRI,2015,10.3940867075,1210503.0,49.53885920745446,-37.96310870035779,False
Puerto Rico (US),PRI,2016,12.50867481,1210500.0,49.53885920745446,-37.96310870035779,False
Puerto Rico (US),PRI,2017,12.8138476281,1319572.0,49.53885920745446,-37.96310870035779,False
Puerto Rico (US),PRI,2018,12.4905013643,1447616.0,49.53885920745446,-37.96310870035779,False
Puerto Rico (US),PRI,2019,13.9351673636,1451950.0,49.53885920745446,-37.96310870035779,False
Puerto Rico (US),PRI,2020,13.0729219083,1490218.0,49.53885920745446,-37.96310870035779,False
Puerto Rico (US),PRI,2021,12.7838867846,1490218.0,49.53885920745446,-37.96310870035779,False
Puerto Rico (US),PRI,2022,23.39857241800457,1398600.0,49.53885920745446,-37.96310870035779,False
Puerto Rico (US),PRI,2023,23.39857241800457,1349400.0,49.53885920745446,-37.96310870035779,False
Puerto Rico (US),PRI,2024,23.39857241800457,1300000.0,49.53885920745446,-37.96310870035779,False
Qatar,QAT,1990,23.39857241800457,34879305.04928218,99.8898587866275,-314.2674884482658,False
Qatar,QAT,1991,23.39857241800457,34879305.04928218,99.89682169844812,-281.0450779050863,False
Qatar,QAT,1992,23.39857241800457,34879305.04928218,99.94852846660706,-295.3269580336681,False
Qatar,QAT,1993,23.39857241800457,34879305.04928218,99.9582936256808,-37.96310870035779,False
Qatar,QAT,1994,23.39857241800457,34879305.04928218,99.95659957623091,-261.5176094175933,False
Qatar,QAT,1995,23.39857241800457,34879305.04928218,99.93841109343656,-251.8326493668554,False
Qatar,QAT,1996,23.39857241800457,34879305.04928218,99.94104050883644,-261.1770746776286,False
Qatar,QAT,1997,23.39857241800457,34879305.04928218,49.53885920745446,-286.2195754346203,False
Qatar,QAT,1998,23.39857241800457,34879305.04928218,49.53885920745446,-342.0214669852263,False
Qatar,QAT,1999,23.39857241800457,34879305.04928218,49.53885920745446,-388.7333420516413,False
Qatar,QAT,2000,23.39857241800457,34879305.04928218,49.53885920745446,-461.0447728564565,False
Qatar,QAT,2001,23.39857241800457,34879305.04928218,49.53885920745446,-428.99090517088,False
Qatar,QAT,2002,23.39857241800457,34879305.04928218,49.53885920745446,-370.5370510291182,False
Qatar,QAT,2004,23.39857241800457,34879305.04928218,99.95766732866556,-403.4784415137853,False
Qatar,QAT,2005,23.39857241800457,34879305.04928218,99.95831746560032,-433.2017214603749,False
Qatar,QAT,2006,7.643580608,34879305.04928218,99.9878432018471,-404.5930520305332,False
Qatar,QAT,2007,8.5879706306,34879305.04928218,99.95715645111736,-398.6268157051221,False
Qatar,QAT,2008,9.203258023,34879305.04928218,99.95787790524923,-485.9617762457679,False
Qatar,QAT,2009,9.384443851,34879305.04928218,99.99372460931048,-484.9219215815764,False
Qatar,QAT,2010,7.1392173473,346500.0,49.53885920745446,-552.9649825863723,False
Qatar,QAT,2011,8.383930746,322000.0,49.53885920745446,-668.9880449361184,False
Qatar,QAT,2012,8.2905179134,376754.0,49.53885920745446,-491.8255935319807,False
Qatar,QAT,2013,7.5525348066,390000.0,49.53885920745446,-467.4322057742081,False
Qatar,QAT,2014,7.949612716,461863.0,49.53885920745446,-480.7453927007256,False
Qatar,QAT,2015,10.4663559007,568166.0,52.94986436393763,-479.5057609544946,False
Qatar,QAT,2016,8.2900254337,527952.0,0.0,-495.9652553064155,False
Qatar,QAT,2017,27.3417284307,772800.0,0.0,-420.5816596239005,False
Qatar,QAT,2018,34.6985263213,1340000.0,0.0,-427.3961024253048,False
Qatar,QAT,2019,34.0499184712,1340000.0,0.0,-420.3529576629997,False
Qatar,QAT,2020,36.8528126453,1412689.0,0.0,-421.5197601588981,False
Qatar,QAT,2021,37.7257468078,1543591.0,0.0,-407.4788773152985,False
Qatar,QAT,2022,23.39857241800457,1408804.0,0.0,-396.0725749362389,False
Qatar,QAT,2023,23.39857241800457,1318414.0,0.0,-37.96310870035779,False
Qatar,QAT,2024,23.39857241800457,1421000.0,49.53885920745446,-37.96310870035779,False
Romania,ROU,1990,23.39857241800457,34879305.04928218,96.57333146846835,35.53628179037666,False
Romania,ROU,1991,23.39857241800457,34879305.04928218,95.46837169442422,28.45475568608288,False
Romania,ROU,1992,23.39857241800457,34879305.04928218,96.32130755107148,29.72215568365523,False
Romania,ROU,1993,23.39857241800457,34879305.04928218,94.5281171129231,27.15045261819129,False
Romania,ROU,1994,23.39857241800457,34879305.04928218,94.30555582714236,25.94575694910824,False
Romania,ROU,1995,23.39857241800457,34879305.04928218,93.13471482928855,31.0046709573464,False
Romania,ROU,1996,23.39857241800457,34879305.04928218,90.7080996881298,31.0861791507271,False
Romania,ROU,1997,23.39857241800457,34879305.04928218,85.92328878052629,32.72312807925032,False
Romania,ROU,1998,23.39857241800457,34879305.04928218,85.12551282878894,29.04224803610701,False
Romania,ROU,1999,23.39857241800457,34879305.04928218,84.32024414921275,21.24702175943072,False
Romania,ROU,2000,23.39857241800457,34879305.04928218,84.75752616150332,21.69995855945008,False
Romania,ROU,2001,23.39857241800457,34879305.04928218,86.38033154824114,26.34428931988796,False
Romania,ROU,2002,23.39857241800457,34879305.04928218,86.73481121011342,24.44324498973709,False
Romania,ROU,2003,23.39857241800457,34879305.04928218,86.42422176373485,25.57534179047587,False
Romania,ROU,2004,23.39857241800457,34879305.04928218,84.31277685763081,29.7765838149577,False
Romania,ROU,2005,23.39857241800457,34879305.04928218,83.96592483000282,27.54355453587364,False
Romania,ROU,2006,20.8182492765,34879305.04928218,85.1866701176946,29.26813054133504,False
Romania,ROU,2007,22.5699168546,34879305.04928218,83.33764289214103,31.5660305708733,False
Romania,ROU,2008,21.5131631924,34879305.04928218,80.0037855591767,27.74031337198364,False
Romania,ROU,2009,18.8366207986,34879305.04928218,76.80634907390368,19.87537165340271,False
Romania,ROU,2010,18.2399058155,556694.0,75.30552673697896,21.38294961765222,False
Romania,ROU,2011,21.3399624857,648548.0,77.88862690202656,21.13734587623791,False
Romania,ROU,2012,22.1899211158,684059.0,76.65369548924386,22.49788975142615,False
Romania,ROU,2013,23.0335834709,661124.0,73.76161681379277,18.29762063136646,False
Romania,ROU,2014,24.7451726965,668033.0,73.08670188140819,16.71848284065561,False
Romania,ROU,2015,25.107167784,689012.0,39.00551001214552,16.76283363453826,False
Romania,ROU,2016,24.6783308234,711339.0,0.0,21.98595544877955,False
Romania,ROU,2017,26.8011774636,696438.0,0.0,23.49445998139402,False
Romania,ROU,2018,26.153802048,668016.0,0.0,24.35844140260061,False
Romania,ROU,2019,26.0729770591,666036.0,0.0,30.35639270512413,False
Romania,ROU,2020,26.0910481279,643025.0,0.0,28.18747094806221,False
Romania,ROU,2021,26.7003432494,631964.0,0.0,31.68604224488782,False
Romania,ROU,2022,23.39857241800457,772046.0,0.0,32.46415017157922,False
Romania,ROU,2023,23.39857241800457,830201.0,0.0,28.06034577241409,False
Romania,ROU,2024,23.39857241800457,989795.0,49.53885920745446,-37.96310870035779,False
Russian Federation,RUS,1990,23.39857241800457,34879305.04928218,93.37899126656777,-46.92067267856703,False
Russian Federation,RUS,1991,23.39857241800457,34879305.04928218,93.35687992100392,-39.71503447993818,False
Russian Federation,RUS,1992,23.39857241800457,34879305.04928218,92.56114819858512,-41.60198359647646,False
Russian Federation,RUS,1993,23.39857241800457,34879305.04928218,92.39287516819743,-38.97334238330738,False
Russian Federation,RUS,1994,23.39857241800457,34879305.04928218,92.56321283849846,-47.78754653748324,False
Russian Federation,RUS,1995,23.39857241800457,34879305.04928218,92.28516027632848,-49.465178971542,False
Russian Federation,RUS,1996,23.39857241800457,34879305.04928218,92.28398752257536,-53.03664495348501,False
Russian Federation,RUS,1997,23.39857241800457,34879305.04928218,92.05140742538806,-56.41777389525425,False
Russian Federation,RUS,1998,23.39857241800457,34879305.04928218,92.09763804320828,-58.90968132710035,False
Russian Federation,RUS,1999,23.39857241800457,34879305.04928218,91.28740238935332,-57.79368600281784,False
Russian Federation,RUS,2000,23.39857241800457,34879305.04928218,91.11102053165236,-56.4420863609392,False
Russian Federation,RUS,2001,23.39857241800457,34879305.04928218,90.89618296006633,-59.0796515152006,False
Russian Federation,RUS,2002,23.39857241800457,34879305.04928218,90.7264337760126,-66.17712367254127,False
Russian Federation,RUS,2003,23.39857241800457,34879305.04928218,90.90480707600436,-70.98804415666545,False
Russian Federation,RUS,2004,23.39857241800457,34879305.04928218,90.67398897965874,-79.43161966804769,False
Russian Federation,RUS,2005,23.39857241800457,34879305.04928218,90.6824544655467,-82.75055078490008,False
Russian Federation,RUS,2006,19.3024965529,34879305.04928218,90.60676977928486,-80.25789094637082,False
Russian Federation,RUS,2007,22.8960218579,34879305.04928218,90.53764909573,-82.1146643771996,False
Russian Federation,RUS,2008,28.7499056349,34879305.04928218,90.96162444674545,-77.95494184664649,False
Russian Federation,RUS,2009,26.419423631,34879305.04928218,90.20404927454018,-83.14469347375474,False
Russian Federation,RUS,2010,27.9264050753,3318499.0,89.88945165571705,-82.91332675902278,False
Russian Federation,RUS,2011,31.8180718648,4226143.0,91.69254756124228,-80.53987974683875,False
Russian Federation,RUS,2012,46.001104389,4769980.0,92.74488818529136,-80.1643740294964,False
Russian Federation,RUS,2013,46.8225106714,5065880.0,92.20777780854156,-86.66912111980038,False
Russian Federation,RUS,2014,46.9700196669,4993427.0,92.38296823106955,-83.4914151148436,False
Russian Federation,RUS,2015,53.1217085969,3662970.0,49.94041086698851,-89.86205250609831,False
Russian Federation,RUS,2016,42.8443188085,3472382.0,0.0,-90.27864762181316,False
Russian Federation,RUS,2017,44.758409404,4303955.0,0.0,-91.76702643536704,False
Russian Federation,RUS,2018,43.5123570599,4726726.0,0.0,-91.98553434325513,False
Russian Federation,RUS,2019,37.4231312627,4967133.0,0.0,-99.05170321637851,False
Russian Federation,RUS,2020,34.6082954769,4921319.0,0.0,-90.05135864410056,False
Russian Federation,RUS,2021,31.655448741,5260849.0,0.0,-80.5092437705523,False
Russian Federation,RUS,2022,23.39857241800457,3914304.0,0.0,-75.13753584499744,False
Russian Federation,RUS,2023,23.39857241800457,4586171.0,0.0,-37.96310870035779,False
Russian Federation,RUS,2024,23.39857241800457,5187096.0,49.53885920745446,-37.96310870035779,False
Rwanda,RWA,1990,23.39857241800457,34879305.04928218,0.0,2.934639561374557,False
Rwanda,RWA,1991,23.39857241800457,34879305.04928218,0.0,2.815862255050764,False
Rwanda,RWA,1992,23.39857241800457,34879305.04928218,0.0,3.073983547051417,False
Rwanda,RWA,1993,23.39857241800457,34879305.04928218,0.0,3.290634867673434,False
Rwanda,RWA,1994,23.39857241800457,34879305.04928218,0.0,3.130561620461256,False
Rwanda,RWA,1995,23.39857241800457,34879305.04928218,0.0,2.733547461217788,False
Rwanda,RWA,1996,23.39857241800457,34879305.04928218,0.0,2.623621108224378,False
Rwanda,RWA,1997,23.39857241800457,34879305.04928218,0.0,2.317975019165804,False
Rwanda,RWA,1998,23.39857241800457,34879305.04928218,0.0,4.16728804156551,False
Rwanda,RWA,1999,23.39857241800457,34879305.04928218,0.0,4.152560726783623,False
Rwanda,RWA,2000,23.39857241800457,34879305.04928218,0.0,6.865787154148789,False
Rwanda,RWA,2001,23.39857241800457,34879305.04928218,0.0,6.929653410904975,False
Rwanda,RWA,2002,23.39857241800457,34879305.04928218,0.0,8.093674398499656,False
Rwanda,RWA,2003,23.39857241800457,34879305.04928218,0.0,7.030011364752426,False
Rwanda,RWA,2004,23.39857241800457,34879305.04928218,0.0,6.788771232406924,False
Rwanda,RWA,2005,23.39857241800457,34879305.04928218,0.0,7.774939509936855,False
Rwanda,RWA,2006,23.39857241800457,34879305.04928218,0.0,7.62547485379261,False
Rwanda,RWA,2007,23.39857241800457,34879305.04928218,0.0,7.039872224700354,False
Rwanda,RWA,2008,23.39857241800457,34879305.04928218,0.0,6.851911655270198,False
Rwanda,RWA,2009,23.39857241800457,34879305.04928218,0.0,6.763180200033897,False
Rwanda,RWA,2010,23.39857241800457,34879305.04928218,0.0,6.714903438030547,False
Rwanda,RWA,2011,23.39857241800457,34879305.04928218,0.0,7.19147619600107,False
Rwanda,RWA,2012,23.39857241800457,34879305.04928218,0.0,7.787007746531484,False
Rwanda,RWA,2013,23.39857241800457,34879305.04928218,0.0,-37.96310870035779,False
Rwanda,RWA,2014,23.39857241800457,34879305.04928218,0.0,8.45766393736126,False
Rwanda,RWA,2015,23.39857241800457,34879305.04928218,0.0,9.1290513498151,False
Rwanda,RWA,2016,23.39857241800457,34879305.04928218,0.0,9.070792635491395,False
Rwanda,RWA,2017,23.39857241800457,34879305.04928218,0.0,9.855538077583669,False
Rwanda,RWA,2018,23.39857241800457,34879305.04928218,0.0,10.0179593065772,False
Rwanda,RWA,2019,23.39857241800457,34879305.04928218,0.0,9.994403385167413,False
Rwanda,RWA,2020,23.39857241800457,34879305.04928218,0.0,8.485399131247034,False
Rwanda,RWA,2021,23.39857241800457,34879305.04928218,0.0,9.238808672208718,False
Rwanda,RWA,2022,23.39857241800457,34879305.04928218,0.0,10.57932263814616,False
Rwanda,RWA,2023,23.39857241800457,34879305.04928218,0.0,-37.96310870035779,False
Samoa,WSM,1990,23.39857241800457,34879305.04928218,0.0,-37.96310870035779,False
Samoa,WSM,2004,23.39857241800457,34879305.04928218,0.0,-37.96310870035779,False
Samoa,WSM,2005,23.39857241800457,34879305.04928218,0.0,-37.96310870035779,False
Samoa,WSM,2006,8.3961747929,34879305.04928218,0.0,-37.96310870035779,False
Samoa,WSM,2007,8.692505959,34879305.04928218,0.0,-37.96310870035779,False
Samoa,WSM,2008,8.3622753858,34879305.04928218,49.53885920745446,-37.96310870035779,False
Samoa,WSM,2009,6.3864962938,34879305.04928218,49.53885920745446,-37.96310870035779,False
Samoa,WSM,2010,5.9845347568,22465.0,49.53885920745446,-37.96310870035779,False
Samoa,WSM,2011,5.8906739378,21420.0,49.53885920745446,-37.96310870035779,False
Samoa,WSM,2012,6.4133642186,23137.0,49.53885920745446,-37.96310870035779,False
Samoa,WSM,2013,6.6453846819,24006.0,49.53885920745446,-37.96310870035779,False
Samoa,WSM,2014,5.9945136326,28587.0,49.53885920745446,-37.96310870035779,False
Samoa,WSM,2015,5.9929272772,32387.0,49.53885920745446,-37.96310870035779,False
Samoa,WSM,2016,7.3322384692,34588.0,49.53885920745446,-37.96310870035779,False
Samoa,WSM,2017,6.1459376324,34950.0,49.53885920745446,-37.96310870035779,False
Samoa,WSM,2018,7.4707401283,37091.0,49.53885920745446,-37.96310870035779,False
Samoa,WSM,2019,7.7719277886,42102.0,49.53885920745446,-37.96310870035779,False
Samoa,WSM,2020,8.0629768768,41200.0,49.53885920745446,-37.96310870035779,False
Samoa,WSM,2021,8.6267393294,43933.0,49.53885920745446,-37.96310870035779,False
Samoa,WSM,2022,23.39857241800457,45680.0,49.53885920745446,-37.96310870035779,False
Samoa,WSM,2023,23.39857241800457,44676.0,49.53885920745446,-37.96310870035779,False
Samoa,WSM,2024,23.39857241800457,53017.0,49.53885920745446,-37.96310870035779,False
Sao Tome and Principe,STP,1990,23.39857241800457,34879305.04928218,0.0,-37.96310870035779,False
Sao Tome and Principe,STP,2004,23.39857241800457,34879305.04928218,0.0,-37.96310870035779,False
Sao Tome and Principe,STP,2005,23.39857241800457,34879305.04928218,0.0,-37.96310870035779,False
Sao Tome and Principe,STP,2006,3.6898909439,34879305.04928218,0.0,-37.96310870035779,False
Sao Tome and Principe,STP,2007,2.7269257302,34879305.04928218,0.0,-37.96310870035779,False
Sao Tome and Principe,STP,2008,2.5935002746,34879305.04928218,49.53885920745446,-37.96310870035779,False
Sao Tome and Principe,STP,2009,2.7124495922,34879305.04928218,49.53885920745446,-37.96310870035779,False
Sao Tome and Principe,STP,2010,3.9358186431,27477.34,49.53885920745446,-37.96310870035779,False
Sao Tome and Principe,STP,2011,6.5939591525,86790.39,49.53885920745446,-37.96310870035779,False
Sao Tome and Principe,STP,2012,6.4225039595,78493.1,49.53885920745446,-37.96310870035779,False
Sao Tome and Principe,STP,2013,6.5720046323,83154.38,49.53885920745446,-37.96310870035779,False
Sao Tome and Principe,STP,2014,5.4798632398,75921.74,49.53885920745446,-37.96310870035779,False
Sao Tome and Principe,STP,2015,5.7376939426,84392.68,49.53885920745446,-37.96310870035779,False
Sao Tome and Principe,STP,2016,6.0523511253,67523.29,49.53885920745446,-37.96310870035779,False
Sao Tome and Principe,STP,2017,5.7478169368,62980.9,49.53885920745446,-37.96310870035779,False
Sao Tome and Principe,STP,2018,5.6497532034,47989.86,49.53885920745446,-37.96310870035779,False
Sao Tome and Principe,STP,2019,6.0492369451,49552.86,49.53885920745446,-37.96310870035779,False
Sao Tome and Principe,STP,2020,4.9362990495,34879305.04928218,49.53885920745446,-37.96310870035779,False
Sao Tome and Principe,STP,2021,4.8535970084,34879305.04928218,49.53885920745446,-37.96310870035779,False
Saudi Arabia,SAU,1990,23.39857241800457,34879305.04928218,99.96932702076812,-529.265984975904,False
Saudi Arabia,SAU,1991,23.39857241800457,34879305.04928218,99.9734747807628,-580.3380080227478,False
Saudi Arabia,SAU,1992,23.39857241800457,34879305.04928218,99.98132727755184,-514.515560691244,False
Saudi Arabia,SAU,1993,23.39857241800457,34879305.04928218,99.9844648414395,-485.2320678891063,False
Saudi Arabia,SAU,1994,23.39857241800457,34879305.04928218,99.97630800556789,-444.9200534445508,False
Saudi Arabia,SAU,1995,23.39857241800457,34879305.04928218,49.53885920745446,-448.5409075673865,False
Saudi Arabia,SAU,1996,23.39857241800457,34879305.04928218,49.53885920745446,-418.287992682388,False
Saudi Arabia,SAU,1997,23.39857241800457,34879305.04928218,99.68113667958492,-433.3705666726561,False
Saudi Arabia,SAU,1998,23.39857241800457,34879305.04928218,99.85388112790552,-416.6496168659417,False
Saudi Arabia,SAU,1999,23.39857241800457,34879305.04928218,99.90741202134627,-368.9263012851261,False
Saudi Arabia,SAU,2000,23.39857241800457,34879305.04928218,92.82661373772908,-348.2137451625471,False
Saudi Arabia,SAU,2001,23.39857241800457,34879305.04928218,92.84140289364323,-325.7832282847445,False
Saudi Arabia,SAU,2002,23.39857241800457,34879305.04928218,90.97810756048789,-251.374590953102,False
Saudi Arabia,SAU,2003,23.39857241800457,34879305.04928218,90.35104688174523,-304.0568980225632,False
Saudi Arabia,SAU,2004,23.39857241800457,34879305.04928218,95.52935613537822,-327.8128904464409,False
Saudi Arabia,SAU,2005,23.39857241800457,34879305.04928218,92.44985974658772,-327.7857932997202,False
Saudi Arabia,SAU,2006,41.1980716222,34879305.04928218,95.79707623941071,-294.2207887618994,False
Saudi Arabia,SAU,2007,45.4991119022,34879305.04928218,93.66879431691072,-260.343119888032,False
Saudi Arabia,SAU,2008,42.8236561329,34879305.04928218,96.2986608323185,-247.6053293758519,False
Saudi Arabia,SAU,2009,43.9849168375,34879305.04928218,96.57206229972928,-197.2765250034257,False
Saudi Arabia,SAU,2010,48.68251257,5313023.0,97.1141605250732,-174.5720511594027,False
Saudi Arabia,SAU,2011,52.9266210129,5694484.0,88.2559935839333,-194.4791468341733,False
Saudi Arabia,SAU,2012,49.3304615976,6624538.0,96.89822987856522,-198.4047467667105,False
Saudi Arabia,SAU,2013,49.973901955,6757693.0,93.59544211930978,-196.871813635467,False
Saudi Arabia,SAU,2014,53.7831380584,6860353.0,94.68128950836086,-172.6351677214953,False
Saudi Arabia,SAU,2015,50.9785568057,7793767.0,7.126577878130473,-175.6303869582951,False
Saudi Arabia,SAU,2016,52.7322873462,7683202.0,0.0,-188.3133784513952,False
Saudi Arabia,SAU,2017,56.7460549562,8082329.0,0.0,-170.0128444678897,False
Saudi Arabia,SAU,2018,57.8308861074,8683456.0,0.0,-186.8699658368565,False
Saudi Arabia,SAU,2019,64.611879848,8905621.0,0.0,-177.7154054733927,False
Saudi Arabia,SAU,2020,70.0021333367,9330437.0,0.0,-167.3918023289692,False
Saudi Arabia,SAU,2021,69.4548803031,9875946.0,0.0,-159.9884729962371,False
Saudi Arabia,SAU,2022,23.39857241800457,10469213.0,0.0,-178.2004488122014,False
Saudi Arabia,SAU,2023,23.39857241800457,11379951.0,0.0,-37.96310870035779,False
Saudi Arabia,SAU,2024,23.39857241800457,8029571.0,49.53885920745446,-37.96310870035779,False
Senegal,SEN,1990,23.39857241800457,34879305.04928218,43.25235424638439,50.20038803053247,False
Senegal,SEN,1991,23.39857241800457,34879305.04928218,42.38228371814203,48.73569451182979,False
Senegal,SEN,1992,23.39857241800457,34879305.04928218,45.40101823307437,55.0724248566941,False
Senegal,SEN,1993,23.39857241800457,34879305.04928218,44.83482023761351,49.6767154287563,False
Senegal,SEN,1994,23.39857241800457,34879305.04928218,44.02530782396347,59.74638909608724,False
Senegal,SEN,1995,23.39857241800457,34879305.04928218,45.64397510917521,49.73042197605179,False
Senegal,SEN,1996,23.39857241800457,34879305.04928218,45.41848974753272,53.72322466894269,False
Senegal,SEN,1997,23.39857241800457,34879305.04928218,47.06387627246485,54.01905750271253,False
Senegal,SEN,1998,23.39857241800457,34879305.04928218,48.44431122775969,59.66025218624687,False
Senegal,SEN,1999,23.39857241800457,34879305.04928218,49.70917405370955,61.25218496742399,False
Senegal,SEN,2000,23.39857241800457,34879305.04928218,50.29743678811084,63.7566980737436,False
Senegal,SEN,2001,23.39857241800457,34879305.04928218,53.25218389605513,65.81920383339475,False
Senegal,SEN,2002,23.39857241800457,34879305.04928218,52.60253460821818,57.56621004566189,False
Senegal,SEN,2003,23.39857241800457,34879305.04928218,51.76912481506936,66.462291334045,False
Senegal,SEN,2004,23.39857241800457,34879305.04928218,55.07748825850913,64.28483332158702,False
Senegal,SEN,2005,23.39857241800457,34879305.04928218,55.61944843993876,71.02954496441657,False
Senegal,SEN,2006,15.2380422881,34879305.04928218,55.16975176148884,72.00873437526887,False
Senegal,SEN,2007,16.7493417929,34879305.04928218,53.906142361549,67.82678235835118,False
Senegal,SEN,2008,15.4341091745,34879305.04928218,53.67168652418186,69.7044542152552,False
Senegal,SEN,2009,16.4969489127,34879305.04928218,44.51917807749169,49.74556728014284,False
Senegal,SEN,2010,13.4832128224,349231.0,44.58357515214681,53.0348084659788,False
Senegal,SEN,2011,14.4379041431,415592.0,46.83465861290189,52.86284025798369,False
Senegal,SEN,2012,13.6455360717,401803.0,45.76915964232441,51.24456337927891,False
Senegal,SEN,2013,13.8238010552,454050.0,52.10551221562342,58.47985912958541,False
Senegal,SEN,2014,14.0182795776,456000.0,52.92707385484895,59.9951415180977,False
Senegal,SEN,2015,16.6148453051,529724.0,29.74461779978774,68.98107297273447,False
Senegal,SEN,2016,16.67368058,540000.0,0.0,68.35950255419719,False
Senegal,SEN,2017,18.6591155682,570500.0,0.0,63.92347791329638,False
Senegal,SEN,2018,17.0942938673,674000.0,0.0,70.32397809879598,False
Senegal,SEN,2019,16.8825451148,695698.0,0.0,70.18438161956436,False
Senegal,SEN,2020,17.0321028723,696899.0,0.0,62.06754948085672,False
Senegal,SEN,2021,17.5368934006,769358.0,0.0,66.4285714285714,False
Senegal,SEN,2022,23.39857241800457,738000.0,0.0,69.38639166780857,False
Senegal,SEN,2023,23.39857241800457,848276.0,0.0,69.03099578733298,False
Senegal,SEN,2024,23.39857241800457,881239.0,49.53885920745446,-37.96310870035779,False
Serbia,SRB,1990,23.39857241800457,34879305.04928218,91.6045951498472,31.16341306937952,False
Serbia,SRB,1991,23.39857241800457,34879305.04928218,90.09308495943291,26.81801863111342,False
Serbia,SRB,1992,23.39857241800457,34879305.04928218,90.12115193156014,20.72780030644553,False
Serbia,SRB,1993,23.39857241800457,34879305.04928218,89.5311370986489,10.24406741031959,False
Serbia,SRB,1994,23.39857241800457,34879305.04928218,88.34534347901418,9.560160014365357,False
Serbia,SRB,1995,23.39857241800457,34879305.04928218,88.57959736330601,10.49054986138392,False
Serbia,SRB,1996,23.39857241800457,34879305.04928218,88.51329783272682,24.99019665222985,False
Serbia,SRB,1997,23.39857241800457,34879305.04928218,90.10737039702454,27.06189094397894,False
Serbia,SRB,1998,23.39857241800457,34879305.04928218,90.3396086227152,24.69155508425765,False
Serbia,SRB,1999,23.39857241800457,34879305.04928218,85.15851703254576,14.15334107899048,False
Serbia,SRB,2000,23.39857241800457,34879305.04928218,85.92193682026809,13.906998567689,False
Serbia,SRB,2001,23.39857241800457,34879305.04928218,86.43253086562012,23.54023584294421,False
Serbia,SRB,2002,23.39857241800457,34879305.04928218,87.0232843425714,26.46437353896607,False
Serbia,SRB,2003,23.39857241800457,34879305.04928218,89.15234106683978,28.72736619720351,False
Serbia,SRB,2004,23.39857241800457,34879305.04928218,90.62179613534084,33.56938335900247,False
Serbia,SRB,2005,23.39857241800457,34879305.04928218,89.90300696196157,36.68303114719387,False
Serbia,SRB,2006,1.5442005609,34879305.04928218,90.42368219561298,38.37928137284917,False
Serbia,SRB,2007,1.5442005609,34879305.04928218,90.19924683000164,36.51316976561892,False
Serbia,SRB,2008,23.39857241800457,34879305.04928218,90.1640019488033,37.80182519724772,False
Serbia,SRB,2009,23.39857241800457,34879305.04928218,87.67566204253106,32.38855567653304,False
Serbia,SRB,2010,23.39857241800457,34879305.04928218,86.76218043791121,33.46957346203122,False
Serbia,SRB,2011,23.39857241800457,34879305.04928218,88.8909490241107,30.65983972291676,False
Serbia,SRB,2012,23.39857241800457,34879305.04928218,86.91232394028123,28.00363809180441,False
Serbia,SRB,2013,23.39857241800457,34879305.04928218,88.41174600828697,24.17469309612342,False
Serbia,SRB,2014,23.39857241800457,34879305.04928218,83.7593645706375,28.15703925981488,False
Serbia,SRB,2015,23.39857241800457,34879305.04928218,64.55308195379138,27.84170333937357,False
Serbia,SRB,2016,23.39857241800457,34879305.04928218,0.0,30.06277693408569,False
Serbia,SRB,2017,23.39857241800457,34879305.04928218,0.0,34.13927770828803,False
Serbia,SRB,2018,23.39857241800457,34879305.04928218,0.0,35.06403868903733,False
Serbia,SRB,2019,23.39857241800457,34879305.04928218,0.0,35.95934541558171,False
Serbia,SRB,2020,23.39857241800457,34879305.04928218,0.0,30.07506756685292,False
Serbia,SRB,2021,23.39857241800457,34879305.04928218,0.0,35.00373927185093,False
Serbia,SRB,2022,23.39857241800457,34879305.04928218,0.0,45.30746664865612,False
Serbia,SRB,2023,23.39857241800457,34879305.04928218,0.0,42.55149437174822,False
Seychelles,SYC,1990,23.39857241800457,34879305.04928218,0.0,-37.96310870035779,False
Seychelles,SYC,2004,23.39857241800457,34879305.04928218,0.0,-37.96310870035779,False
Seychelles,SYC,2005,23.39857241800457,34879305.04928218,0.0,-37.96310870035779,False
Seychelles,SYC,2006,7.0003665092,34879305.04928218,0.0,-37.96310870035779,False
Seychelles,SYC,2007,6.085981441,34879305.04928218,0.0,-37.96310870035779,False
Seychelles,SYC,2008,6.1813598155,34879305.04928218,49.53885920745446,-37.96310870035779,False
Seychelles,SYC,2009,6.3819477545,34879305.04928218,49.53885920745446,-37.96310870035779,False
Seychelles,SYC,2010,7.5689403363,62824.55,49.53885920745446,-37.96310870035779,False
Seychelles,SYC,2011,8.542981605,62567.87,49.53885920745446,-37.96310870035779,False
Seychelles,SYC,2012,9.215000521,133386.3,49.53885920745446,-37.96310870035779,False
Seychelles,SYC,2013,8.8907513715,135338.1,49.53885920745446,-37.96310870035779,False
Seychelles,SYC,2014,10.5945834977,150696.8,49.53885920745446,-37.96310870035779,False
Seychelles,SYC,2015,9.2297259284,127803.1,49.53885920745446,-37.96310870035779,False
Seychelles,SYC,2016,8.2212943322,132214.6,49.53885920745446,-37.96310870035779,False
Seychelles,SYC,2017,7.9073926372,104572.7,49.53885920745446,-37.96310870035779,False
Seychelles,SYC,2018,8.4298213853,106038.2,49.53885920745446,-37.96310870035779,False
Seychelles,SYC,2019,8.7376270542,154423.4,49.53885920745446,-37.96310870035779,False
Seychelles,SYC,2020,8.4593232969,34879305.04928218,49.53885920745446,-37.96310870035779,False
Seychelles,SYC,2021,8.5430179607,34879305.04928218,49.53885920745446,-37.96310870035779,False
Sierra Leone,SLE,2006,4.5824960386,34879305.04928218,49.53885920745446,-37.96310870035779,False
Sierra Leone,SLE,2007,5.8206407934,34879305.04928218,49.53885920745446,-37.96310870035779,False
Sierra Leone,SLE,2008,6.3463949731,34879305.04928218,49.53885920745446,-37.96310870035779,False
Sierra Leone,SLE,2009,5.3262458492,34879305.04928218,49.53885920745446,-37.96310870035779,False
Sierra Leone,SLE,2010,5.3215889007,50000.0,49.53885920745446,-37.96310870035779,False
Sierra Leone,SLE,2011,4.8776235226,75000.0,49.53885920745446,-37.96310870035779,False
Sierra Leone,SLE,2012,8.889547556,82500.0,49.53885920745446,-37.96310870035779,False
Sierra Leone,SLE,2013,9.8335219123,86250.0,49.53885920745446,-37.96310870035779,False
Sierra Leone,SLE,2014,10.189378539,88125.0,49.53885920745446,-37.96310870035779,False
Sierra Leone,SLE,2015,8.4310181285,90000.0,49.53885920745446,-37.96310870035779,False
Sierra Leone,SLE,2016,7.9161963015,89063.0,49.53885920745446,-37.96310870035779,False
Sierra Leone,SLE,2017,8.4377231578,89100.0,49.53885920745446,-37.96310870035779,False
Sierra Leone,SLE,2018,7.0966336525,83621.0,49.53885920745446,-37.96310870035779,False
Sierra Leone,SLE,2019,6.5123895746,78413.0,49.53885920745446,-37.96310870035779,False
Sierra Leone,SLE,2020,12.7940397555,34879305.04928218,49.53885920745446,-37.96310870035779,False
Sierra Leone,SLE,2021,7.3435565743,34879305.04928218,49.53885920745446,-37.96310870035779,False
Singapore,SGP,1990,23.39857241800457,34879305.04928218,99.39180493463178,212.7443849735488,False
Singapore,SGP,1991,23.39857241800457,34879305.04928218,98.45351190768488,203.4646659646657,False
Singapore,SGP,1992,23.39857241800457,34879305.04928218,98.63640533005795,197.821512922382,False
Singapore,SGP,1993,23.39857241800457,34879305.04928218,98.91148158354632,185.5566049260274,False
Singapore,SGP,1994,23.39857241800457,34879305.04928218,99.08373383375051,161.6058173167897,False
Singapore,SGP,1995,23.39857241800457,34879305.04928218,98.92588845850965,171.8646984942138,False
Singapore,SGP,1996,23.39857241800457,34879305.04928218,98.9711623337774,182.0833894839853,False
Singapore,SGP,1997,23.39857241800457,34879305.04928218,99.08357954627128,191.252037056862,False
Singapore,SGP,1998,23.39857241800457,34879305.04928218,98.98588235631748,196.6292148274344,False
Singapore,SGP,1999,23.39857241800457,34879305.04928218,98.88570169616176,217.7354763448511,False
Singapore,SGP,2000,23.39857241800457,34879305.04928218,98.91593477027476,218.7294735374156,False
Singapore,SGP,2001,23.39857241800457,34879305.04928218,98.16558982760178,208.6645729347766,False
Singapore,SGP,2002,23.39857241800457,34879305.04928218,98.15102108613036,207.5986122761401,False
Singapore,SGP,2003,23.39857241800457,34879305.04928218,98.39918937214128,189.5370245884495,False
Singapore,SGP,2004,23.39857241800457,34879305.04928218,98.70871637445136,190.07586273938,False
Singapore,SGP,2005,23.39857241800457,34879305.04928218,49.53885920745446,236.2754693174644,False
Singapore,SGP,2006,84.278424343,34879305.04928218,49.53885920745446,239.462723776914,False
Singapore,SGP,2007,85.1021041711,34879305.04928218,49.53885920745446,271.3164270604382,False
Singapore,SGP,2008,87.5425148978,34879305.04928218,49.53885920745446,262.2159868533028,False
Singapore,SGP,2009,90.6669739009,34879305.04928218,78.36301906516277,256.8525136638092,False
Singapore,SGP,2010,93.9991620741,28431100.0,49.53885920745446,278.3648928255902,False
Singapore,SGP,2011,94.7584850843,29937700.0,49.53885920745446,318.3700209052615,False
Singapore,SGP,2012,95.4198917645,31649400.0,98.56892363827464,288.0912151850003,False
Singapore,SGP,2013,100.4242293369,32578700.0,86.9946359700121,267.2765767194048,False
Singapore,SGP,2014,98.0985209602,33869300.0,93.03986515363256,275.1897931607026,False
Singapore,SGP,2015,99.9240520934,30922300.0,-48.63606996556916,277.4057578673323,False
Singapore,SGP,2016,97.9873783538,30903600.0,0.0,274.2602613697549,False
Singapore,SGP,2017,107.8204664979,33666600.0,0.0,275.9038266507944,False
Singapore,SGP,2018,109.4661871753,36599200.0,0.0,273.7931804230145,False
Singapore,SGP,2019,105.6283388223,37195000.0,0.0,269.8153069239583,False
Singapore,SGP,2020,113.7749796022,36870900.0,0.0,264.4294579135286,False
Singapore,SGP,2021,110.6756480462,37571200.0,0.0,248.6682360817175,False
Singapore,SGP,2022,23.39857241800457,37289600.0,0.0,258.4253804749461,False
Singapore,SGP,2023,23.39857241800457,39010000.0,0.0,279.6226939820819,False
Singapore,SGP,2024,23.39857241800457,41124100.0,49.53885920745446,-37.96310870035779,False
Sint Maarten (Dutch part),SXM,2011,9.0679276404,76701.0,49.53885920745446,-37.96310870035779,False
Sint Maarten (Dutch part),SXM,2012,9.0691845575,79807.0,49.53885920745446,-37.96310870035779,False
Sint Maarten (Dutch part),SXM,2013,9.1250421818,80655.0,49.53885920745446,-37.96310870035779,False
Sint Maarten (Dutch part),SXM,2014,8.862823816,82643.0,49.53885920745446,-37.96310870035779,False
Sint Maarten (Dutch part),SXM,2015,9.894909579,95190.0,49.53885920745446,-37.96310870035779,False
Sint Maarten (Dutch part),SXM,2016,11.4771948707,97991.0,49.53885920745446,-37.96310870035779,False
Sint Maarten (Dutch part),SXM,2017,11.7206396261,98101.0,49.53885920745446,-37.96310870035779,False
Sint Maarten (Dutch part),SXM,2018,10.6813117363,101100.0,49.53885920745446,-37.96310870035779,False
Sint Maarten (Dutch part),SXM,2019,10.6347150489,105200.0,49.53885920745446,-37.96310870035779,False
Sint Maarten (Dutch part),SXM,2020,10.1190819571,34879305.04928218,49.53885920745446,-37.96310870035779,False
Sint Maarten (Dutch part),SXM,2021,9.0865523647,34879305.04928218,49.53885920745446,-37.96310870035779,False
Slovak Republic,SVK,1990,23.39857241800457,34879305.04928218,81.62075106408571,76.96949064472348,False
Slovak Republic,SVK,1991,23.39857241800457,34879305.04928218,80.71384045812428,72.87532403961859,False
Slovak Republic,SVK,1992,23.39857241800457,34879305.04928218,80.83013721087553,74.66951252189456,False
Slovak Republic,SVK,1993,23.39857241800457,34879305.04928218,78.56283480602019,68.78655550788723,False
Slovak Republic,SVK,1994,23.39857241800457,34879305.04928218,76.2198286382083,68.13405270916788,False
Slovak Republic,SVK,1995,23.39857241800457,34879305.04928218,78.57904506463387,68.94690097829901,False
Slovak Republic,SVK,1996,23.39857241800457,34879305.04928218,78.20139993843118,73.23525720212193,False
Slovak Republic,SVK,1997,23.39857241800457,34879305.04928218,78.18170659688126,72.99829631007917,False
Slovak Republic,SVK,1998,23.39857241800457,34879305.04928218,78.47606071623782,70.68309646451902,False
Slovak Republic,SVK,1999,23.39857241800457,34879305.04928218,75.93929565781978,66.1275134551537,False
Slovak Republic,SVK,2000,23.39857241800457,34879305.04928218,72.51211853546778,65.00471126665771,False
Slovak Republic,SVK,2001,23.39857241800457,34879305.04928218,73.07427749826456,62.26075786769427,False
Slovak Republic,SVK,2002,23.39857241800457,34879305.04928218,72.43785299090698,64.19949842348942,False
Slovak Republic,SVK,2003,23.39857241800457,34879305.04928218,72.17786438856143,64.63112574719894,False
Slovak Republic,SVK,2004,23.39857241800457,34879305.04928218,72.21295727364073,67.87162025873272,False
Slovak Republic,SVK,2005,23.39857241800457,34879305.04928218,72.10647147552092,65.55795855980423,False
Slovak Republic,SVK,2006,23.39857241800457,34879305.04928218,70.88872992501956,64.04000594502877,False
Slovak Republic,SVK,2007,23.39857241800457,34879305.04928218,70.91520898557555,69.16252637720083,False
Slovak Republic,SVK,2008,23.39857241800457,34879305.04928218,70.3237102085815,65.39786073114719,False
Slovak Republic,SVK,2009,23.39857241800457,34879305.04928218,70.00154119303676,67.2341888731788,False
Slovak Republic,SVK,2010,23.39857241800457,34879305.04928218,67.4935623228433,61.28021895263701,False
Slovak Republic,SVK,2011,23.39857241800457,34879305.04928218,65.94379064395083,62.56626814133859,False
Slovak Republic,SVK,2012,23.39857241800457,34879305.04928218,63.93210301383598,58.13886827852686,False
Slovak Republic,SVK,2013,23.39857241800457,34879305.04928218,63.78575831214277,57.60048066708781,False
Slovak Republic,SVK,2014,23.39857241800457,34879305.04928218,62.45819246952149,59.79532548689214,False
Slovak Republic,SVK,2015,23.39857241800457,34879305.04928218,61.46799560795453,57.35796792722092,False
Slovak Republic,SVK,2016,23.39857241800457,34879305.04928218,0.0,57.48943503170922,False
Slovak Republic,SVK,2017,23.39857241800457,34879305.04928218,0.0,61.83030158604066,False
Slovak Republic,SVK,2018,23.39857241800457,34879305.04928218,0.0,60.78920509488165,False
Slovak Republic,SVK,2019,23.39857241800457,34879305.04928218,0.0,69.47289588801421,False
Slovak Republic,SVK,2020,23.39857241800457,34879305.04928218,0.0,55.86089385394283,False
Slovak Republic,SVK,2021,23.39857241800457,34879305.04928218,0.0,51.94048498529741,False
Slovak Republic,SVK,2022,23.39857241800457,34879305.04928218,0.0,68.88728198222694,False
Slovak Republic,SVK,2023,23.39857241800457,34879305.04928218,0.0,57.88699438372203,False
Slovak Republic,SVK,2024,23.39857241800457,34879305.04928218,0.0,-37.96310870035779,False
Slovenia,SVN,1990,23.39857241800457,34879305.04928218,71.27504177594717,45.89163435273839,False
Slovenia,SVN,1991,23.39857241800457,34879305.04928218,69.50230900954607,42.24286531029828,False
Slovenia,SVN,1992,23.39857241800457,34879305.04928218,72.09749835856012,41.88260889691241,False
Slovenia,SVN,1993,23.39857241800457,34879305.04928218,73.48117079288694,48.27944072991298,False
Slovenia,SVN,1994,23.39857241800457,34879305.04928218,71.73342407152556,49.20483298520899,False
Slovenia,SVN,1995,23.39857241800457,34879305.04928218,72.87534676423115,50.94528264009976,False
Slovenia,SVN,1996,23.39857241800457,34879305.04928218,73.96265720533296,55.38459795379617,False
Slovenia,SVN,1997,23.39857241800457,34879305.04928218,74.28454092583449,55.3735822186054,False
Slovenia,SVN,1998,23.39857241800457,34879305.04928218,73.50516362854972,52.41314421819615,False
Slovenia,SVN,1999,23.39857241800457,34879305.04928218,74.1650783412317,55.88123857777513,False
Slovenia,SVN,2000,23.39857241800457,34879305.04928218,68.92618127463534,51.78334181236581,False
Slovenia,SVN,2001,23.39857241800457,34879305.04928218,68.30792264906563,48.84552386720259,False
Slovenia,SVN,2002,23.39857241800457,34879305.04928218,68.6571546067497,49.69139408768815,False
Slovenia,SVN,2003,23.39857241800457,34879305.04928218,68.2491633814806,52.39795504341477,False
Slovenia,SVN,2004,23.39857241800457,34879305.04928218,68.00766455807172,51.26065335073148,False
Slovenia,SVN,2005,23.39857241800457,34879305.04928218,66.42045586821736,50.86233421834802,False
Slovenia,SVN,2006,13.6399337931,34879305.04928218,67.87937717235333,51.14520600325019,False
Slovenia,SVN,2007,14.140332408,34879305.04928218,66.98538407744125,51.24476687593919,False
Slovenia,SVN,2008,16.6638040343,34879305.04928218,67.47600110505712,54.16280474313982,False
Slovenia,SVN,2009,18.456800546,34879305.04928218,67.08099328270309,48.29301778460536,False
Slovenia,SVN,2010,19.3061329198,476731.0,66.48349725510721,48.69576232375492,False
Slovenia,SVN,2011,19.517680918,589314.0,64.70476935224335,47.77729037708562,False
Slovenia,SVN,2012,20.454188731,570744.0,64.9898173529082,51.51187831834444,False
Slovenia,SVN,2013,21.7424086546,600441.0,63.67726698237085,47.30676958381136,False
Slovenia,SVN,2014,23.3200273107,647033.0,59.65667807514088,44.82459970366974,False
Slovenia,SVN,2015,29.3661153573,790736.0,60.72017119198956,49.0810501456121,False
Slovenia,SVN,2016,32.1929855536,844000.0,0.0,49.1781653352419,False
Slovenia,SVN,2017,31.5500723456,911528.0,0.0,51.10194480901329,False
Slovenia,SVN,2018,31.1068639534,988499.0,0.0,52.20039502666273,False
Slovenia,SVN,2019,35.456202022,959000.0,0.0,52.84915692678206,False
Slovenia,SVN,2020,34.3820085567,945007.0,0.0,45.79535779069344,False
Slovenia,SVN,2021,34.5869279463,997000.0,0.0,48.71622084244744,False
Slovenia,SVN,2022,23.39857241800457,1017798.0,0.0,53.54708406967939,False
Slovenia,SVN,2023,23.39857241800457,1066093.0,0.0,48.90218241080348,False
Slovenia,SVN,2024,23.39857241800457,1133340.0,0.0,-37.96310870035779,False
Small states,SST,1960,23.39857241800457,34879305.04928218,72.12772797481357,-37.96310870035779,True
Small states,SST,1961,23.39857241800457,34879305.04928218,69.75669076459042,-37.96310870035779,True
Small states,SST,1962,23.39857241800457,34879305.04928218,69.21717560361763,-37.96310870035779,True
Small states,SST,1963,23.39857241800457,34879305.04928218,69.71001924883554,-37.96310870035779,True
Small states,SST,1964,23.39857241800457,34879305.04928218,68.1674166149277,-37.96310870035779,True
Small states,SST,1965,23.39857241800457,34879305.04928218,69.59110062973795,-37.96310870035779,True
Small states,SST,1966,23.39857241800457,34879305.04928218,68.76136156104687,-37.96310870035779,True
Small states,SST,1967,23.39857241800457,34879305.04928218,66.24079800331194,-37.96310870035779,True
Small states,SST,1968,23.39857241800457,34879305.04928218,65.51641274571057,-37.96310870035779,True
Small states,SST,1969,23.39857241800457,34879305.04928218,57.04383900191928,-37.96310870035779,True
Small states,SST,1970,23.39857241800457,34879305.04928218,54.34603203957558,-37.96310870035779,True
Small states,SST,1971,23.39857241800457,34879305.04928218,83.61107190216424,-37.96310870035779,True
Small states,SST,1972,23.39857241800457,34879305.04928218,84.51308463769186,-37.96310870035779,True
Small states,SST,1973,23.39857241800457,34879305.04928218,83.61931667596015,-37.96310870035779,True
Small states,SST,1974,23.39857241800457,34879305.04928218,84.13726010238074,-37.96310870035779,True
Small states,SST,1975,23.39857241800457,34879305.04928218,83.26266141279442,-37.96310870035779,True
Small states,SST,1976,23.39857241800457,34879305.04928218,84.43014971867805,-37.96310870035779,True
Small states,SST,1977,23.39857241800457,34879305.04928218,85.10151575317339,-37.96310870035779,True
Small states,SST,1978,23.39857241800457,34879305.04928218,86.07748987005209,-37.96310870035779,True
Small states,SST,1979,23.39857241800457,34879305.04928218,85.0933137391319,-37.96310870035779,True
Small states,SST,1980,23.39857241800457,34879305.04928218,85.5699063906017,-37.96310870035779,True
Small states,SST,1981,23.39857241800457,34879305.04928218,84.05650221241723,-37.96310870035779,True
Small states,SST,1982,23.39857241800457,34879305.04928218,82.83316432533246,-37.96310870035779,True
Small states,SST,1983,23.39857241800457,34879305.04928218,82.81923135131738,-37.96310870035779,True
Small states,SST,1984,23.39857241800457,34879305.04928218,84.84338900777126,-37.96310870035779,True
Small states,SST,1985,23.39857241800457,34879305.04928218,84.95442613412436,-37.96310870035779,True
Small states,SST,1986,23.39857241800457,34879305.04928218,85.13074865376602,-37.96310870035779,True
Small states,SST,1987,23.39857241800457,34879305.04928218,83.70989668761838,-37.96310870035779,True
Small states,SST,1988,23.39857241800457,34879305.04928218,84.8983034294452,-37.96310870035779,True
Small states,SST,1989,23.39857241800457,34879305.04928218,84.76251991665431,-37.96310870035779,True
Small states,SST,1990,23.39857241800457,34879305.04928218,54.24674711859424,-85.28253628977869,True
Small states,SST,1991,23.39857241800457,34879305.04928218,61.50632864188598,-91.78505979356002,True
Small states,SST,1992,23.39857241800457,34879305.04928218,65.04734301373608,-123.4275040637268,True
Small states,SST,1993,23.39857241800457,34879305.04928218,49.53885920745446,-137.1083390456523,True
Small states,SST,1994,23.39857241800457,34879305.04928218,49.53885920745446,-139.3432433304517,True
Small states,SST,1995,23.39857241800457,34879305.04928218,47.87789703578729,-145.2633157306938,True
Small states,SST,1996,23.39857241800457,34879305.04928218,65.99615367346307,-94.73902521433128,True
Small states,SST,1997,23.39857241800457,34879305.04928218,63.35907636183668,-108.1009992466396,True
Small states,SST,1998,23.39857241800457,34879305.04928218,67.89588558615286,-108.0521392529483,True
Small states,SST,1999,23.39857241800457,34879305.04928218,70.53433527531524,-116.4971944747718,True
Small states,SST,2000,23.39857241800457,34879305.04928218,70.21506281541197,-129.5204321524049,True
Small states,SST,2001,23.39857241800457,34879305.04928218,71.92082914468241,-120.1692477143733,True
Small states,SST,2002,23.39857241800457,34879305.04928218,73.57645812736132,-133.0383641140999,True
Small states,SST,2003,23.39857241800457,34879305.04928218,74.53787605656564,-146.2006243686468,True
Small states,SST,2004,23.39857241800457,34879305.04928218,49.53885920745446,-148.037115161594,True
Small states,SST,2005,23.39857241800457,34879305.04928218,66.77415636882753,-130.31209402919,True
Small states,SST,2006,23.39857241800457,34879305.04928218,49.53885920745446,-131.6187862965966,True
Small states,SST,2007,23.39857241800457,34879305.04928218,49.53885920745446,-116.216807864895,True
Small states,SST,2008,23.39857241800457,34879305.04928218,49.53885920745446,-121.0800055549061,True
Small states,SST,2009,23.39857241800457,34879305.04928218,49.53885920745446,-93.29459326647417,True
Small states,SST,2010,23.39857241800457,6659644.025,49.53885920745446,-104.201743484347,True
Small states,SST,2011,23.39857241800457,7427432.459000001,49.53885920745446,-92.7171030664741,True
Small states,SST,2012,23.39857241800457,7916679.941000001,72.4267482260389,-94.57053174181468,True
Small states,SST,2013,23.39857241800457,8606801.383,49.53885920745446,-93.756712180268,True
Small states,SST,2014,23.39857241800457,8977308.191,70.4472997471076,-87.59252765136279,True
Small states,SST,2015,23.39857241800457,8973863.392999997,49.19948100386003,-75.91544945801084,True
Small states,SST,2016,23.39857241800457,8916284.329,0.0,-64.22930993170475,True
Small states,SST,2017,23.39857241800457,8713678.172,0.0,-75.87662714249915,True
Small states,SST,2018,23.39857241800457,9241799.374000002,0.0,-84.1774160495819,True
Small states,SST,2019,23.39857241800457,8820054.390000002,0.0,-78.9112536159239,True
Small states,SST,2020,23.39857241800457,34879305.04928218,0.0,-74.82392357229298,True
Small states,SST,2021,23.39857241800457,34879305.04928218,0.0,-45.03527833285848,True
Small states,SST,2022,23.39857241800457,34879305.04928218,0.0,-40.49682079551143,True
Small states,SST,2023,23.39857241800457,34879305.04928218,0.0,-37.96310870035779,True
Small states,SST,2024,23.39857241800457,34879305.04928218,0.0,-37.96310870035779,True
Solomon Islands,SLB,1990,23.39857241800457,34879305.04928218,0.0,-37.96310870035779,False
Solomon Islands,SLB,2004,23.39857241800457,34879305.04928218,0.0,-37.96310870035779,False
Solomon Islands,SLB,2005,23.39857241800457,34879305.04928218,0.0,-37.96310870035779,False
Solomon Islands,SLB,2006,5.5729997025,34879305.04928218,0.0,-37.96310870035779,False
Solomon Islands,SLB,2007,5.6659165036,34879305.04928218,0.0,-37.96310870035779,False
Solomon Islands,SLB,2008,7.9522710711,34879305.04928218,49.53885920745446,-37.96310870035779,False
Solomon Islands,SLB,2009,7.0248183377,34879305.04928218,49.53885920745446,-37.96310870035779,False
Solomon Islands,SLB,2010,6.1515684598,63095.41,49.53885920745446,-37.96310870035779,False
Solomon Islands,SLB,2011,7.8428054642,111619.5,49.53885920745446,-37.96310870035779,False
Solomon Islands,SLB,2012,8.1767324681,138566.6,49.53885920745446,-37.96310870035779,False
Solomon Islands,SLB,2013,9.3867378755,143879.5,49.53885920745446,-37.96310870035779,False
Solomon Islands,SLB,2014,9.3223267994,203915.3,49.53885920745446,-37.96310870035779,False
Solomon Islands,SLB,2015,8.9873789157,195524.2,49.53885920745446,-37.96310870035779,False
Solomon Islands,SLB,2016,8.5371351806,181636.1,49.53885920745446,-37.96310870035779,False
Solomon Islands,SLB,2017,8.9441522747,180838.4,49.53885920745446,-37.96310870035779,False
Solomon Islands,SLB,2018,9.1115800715,174614.2,49.53885920745446,-37.96310870035779,False
Solomon Islands,SLB,2019,8.5124608467,128035.7,49.53885920745446,-37.96310870035779,False
Solomon Islands,SLB,2020,8.9603212309,34879305.04928218,49.53885920745446,-37.96310870035779,False
Solomon Islands,SLB,2021,8.1361458273,34879305.04928218,49.53885920745446,-37.96310870035779,False
"Somalia, Fed. Rep.",SOM,2006,4.1879941074,34879305.04928218,49.53885920745446,-37.96310870035779,False
"Somalia, Fed. Rep.",SOM,2007,4.1754247225,34879305.04928218,49.53885920745446,-37.96310870035779,False
"Somalia, Fed. Rep.",SOM,2008,3.9002913843,34879305.04928218,49.53885920745446,-37.96310870035779,False
"Somalia, Fed. Rep.",SOM,2009,4.5344724023,34879305.04928218,49.53885920745446,-37.96310870035779,False
"Somalia, Fed. Rep.",SOM,2010,5.0135093671,39414.98,49.53885920745446,-37.96310870035779,False
"Somalia, Fed. Rep.",SOM,2011,5.0289728332,42186.98,49.53885920745446,-37.96310870035779,False
"Somalia, Fed. Rep.",SOM,2012,0.9318467079,39933.45,49.53885920745446,-37.96310870035779,False
"Somalia, Fed. Rep.",SOM,2013,5.1990832005,37679.92,49.53885920745446,-37.96310870035779,False
"Somalia, Fed. Rep.",SOM,2014,6.3414296521,65622.57,49.53885920745446,-37.96310870035779,False
"Somalia, Fed. Rep.",SOM,2015,7.6761824276,77094.9,49.53885920745446,-37.96310870035779,False
"Somalia, Fed. Rep.",SOM,2016,8.9319219937,104800.4,49.53885920745446,-37.96310870035779,False
"Somalia, Fed. Rep.",SOM,2017,11.1168743012,126312.9,49.53885920745446,-37.96310870035779,False
"Somalia, Fed. Rep.",SOM,2018,8.1583659373,115339.8,49.53885920745446,-37.96310870035779,False
"Somalia, Fed. Rep.",SOM,2019,8.4718342377,92238.0,49.53885920745446,-37.96310870035779,False
"Somalia, Fed. Rep.",SOM,2020,10.1329912761,34879305.04928218,49.53885920745446,-37.96310870035779,False
"Somalia, Fed. Rep.",SOM,2021,9.6502482577,34879305.04928218,49.53885920745446,-37.96310870035779,False
South Africa,ZAF,1990,23.39857241800457,34879305.04928218,85.91207616636945,-24.76134215562828,False
South Africa,ZAF,1991,23.39857241800457,34879305.04928218,87.4657179053134,-23.831108421098,False
South Africa,ZAF,1992,23.39857241800457,34879305.04928218,84.4480689633915,-27.32440055059826,False
South Africa,ZAF,1993,23.39857241800457,34879305.04928218,86.46501592204045,-27.75011416210038,False
South Africa,ZAF,1994,23.39857241800457,34879305.04928218,85.19563156418324,-27.1792676791554,False
South Africa,ZAF,1995,23.39857241800457,34879305.04928218,85.08176748025481,-26.30891564467688,False
South Africa,ZAF,1996,23.39857241800457,34879305.04928218,83.2130482238534,-24.09897660175746,False
South Africa,ZAF,1997,23.39857241800457,34879305.04928218,83.54683510206897,-27.31321682471626,False
South Africa,ZAF,1998,23.39857241800457,34879305.04928218,81.01600787149343,-21.34198775901723,False
South Africa,ZAF,1999,23.39857241800457,34879305.04928218,83.66838083192084,-27.77748250624166,False
South Africa,ZAF,2000,23.39857241800457,34879305.04928218,85.83228349552616,-29.52443674548084,False
South Africa,ZAF,2001,23.39857241800457,34879305.04928218,92.65391626357662,-32.8103171353307,False
South Africa,ZAF,2002,23.39857241800457,34879305.04928218,93.8840962823185,-36.16974696962713,False
South Africa,ZAF,2003,23.39857241800457,34879305.04928218,90.69665796432152,-28.72375718515045,False
South Africa,ZAF,2004,23.39857241800457,34879305.04928218,92.05179401622644,-22.99704455051868,False
South Africa,ZAF,2005,23.39857241800457,34879305.04928218,95.12238456714624,-26.2144747117144,False
South Africa,ZAF,2006,28.3618810792,34879305.04928218,92.51082637094956,-23.42400993190737,False
South Africa,ZAF,2007,29.4664678893,34879305.04928218,91.85150196123011,-14.33600402695294,False
South Africa,ZAF,2008,30.9596422706,34879305.04928218,92.495124460541,-7.795952067023496,False
South Africa,ZAF,2009,32.5817470639,34879305.04928218,89.21717399706384,-2.217462187634652,False
South Africa,ZAF,2010,33.8549394508,3985535.0,94.06133539882296,-13.62965161322122,False
South Africa,ZAF,2011,35.0374445248,4392791.0,91.4816012769442,-11.55505770989887,False
South Africa,ZAF,2012,34.0729676871,4352727.0,94.27928466189084,-18.06225575568054,False
South Africa,ZAF,2013,39.3469192343,4693942.0,94.50592037109762,-18.68910274231004,False
South Africa,ZAF,2014,38.4086542533,4588327.0,94.11882038807016,-12.77922294815469,False
South Africa,ZAF,2015,35.2652857021,4662479.0,80.10185131426968,-17.66579350798252,False
South Africa,ZAF,2016,39.632563945,4354666.0,0.0,-14.30662692483336,False
South Africa,ZAF,2017,39.9638535497,4563618.0,0.0,-15.42684380910689,False
South Africa,ZAF,2018,38.4084460113,4892423.0,0.0,-17.08162134841317,False
South Africa,ZAF,2019,39.8671202607,4529034.0,0.0,-13.28038291535478,False
South Africa,ZAF,2020,41.2569498275,4075618.0,0.0,-19.0992444990468,False
South Africa,ZAF,2021,39.0636958837,4415223.0,0.0,-9.883062795141877,False
South Africa,ZAF,2022,23.39857241800457,4053350.0,0.0,-14.14842491282446,False
South Africa,ZAF,2023,23.39857241800457,4123821.0,0.0,-12.50729960868638,False
South Africa,ZAF,2024,23.39857241800457,4303682.0,49.53885920745446,-37.96310870035779,False
South Asia,SAS,1971,23.39857241800457,34879305.04928218,33.69444594986336,-37.96310870035779,True
South Asia,SAS,1972,23.39857241800457,34879305.04928218,33.87315807708435,-37.96310870035779,True
South Asia,SAS,1973,23.39857241800457,34879305.04928218,34.09506840676218,-37.96310870035779,True
South Asia,SAS,1974,23.39857241800457,34879305.04928218,35.10829538351084,-37.96310870035779,True
South Asia,SAS,1975,23.39857241800457,34879305.04928218,35.46706671738293,-37.96310870035779,True
South Asia,SAS,1976,23.39857241800457,34879305.04928218,36.40310554565269,-37.96310870035779,True
South Asia,SAS,1977,23.39857241800457,34879305.04928218,36.80018341893398,-37.96310870035779,True
South Asia,SAS,1978,23.39857241800457,34879305.04928218,35.92817689076874,-37.96310870035779,True
South Asia,SAS,1979,23.39857241800457,34879305.04928218,37.40066694874196,-37.96310870035779,True
South Asia,SAS,1980,23.39857241800457,34879305.04928218,38.13871817149561,-37.96310870035779,True
South Asia,SAS,1981,23.39857241800457,34879305.04928218,40.05022500518965,-37.96310870035779,True
South Asia,SAS,1982,23.39857241800457,34879305.04928218,41.66318860693248,-37.96310870035779,True
South Asia,SAS,1983,23.39857241800457,34879305.04928218,42.40075365066876,-37.96310870035779,True
South Asia,SAS,1984,23.39857241800457,34879305.04928218,43.62582891809384,-37.96310870035779,True
South Asia,SAS,1985,23.39857241800457,34879305.04928218,45.60177394225647,-37.96310870035779,True
South Asia,SAS,1986,23.39857241800457,34879305.04928218,46.62507587083856,-37.96310870035779,True
South Asia,SAS,1987,23.39857241800457,34879305.04928218,48.17851677383832,-37.96310870035779,True
South Asia,SAS,1988,23.39857241800457,34879305.04928218,49.65036151177184,-37.96310870035779,True
South Asia,SAS,1989,23.39857241800457,34879305.04928218,51.14355676780813,-37.96310870035779,True
South Asia,SAS,1990,23.39857241800457,34879305.04928218,56.49354913905898,11.77905855863255,True
South Asia,SAS,1991,23.39857241800457,34879305.04928218,57.66457750725971,12.31149594119181,True
South Asia,SAS,1992,23.39857241800457,34879305.04928218,58.74880364850368,14.03984248903084,True
South Asia,SAS,1993,23.39857241800457,34879305.04928218,59.5292323869492,14.54930362944937,True
South Asia,SAS,1994,23.39857241800457,34879305.04928218,60.2169782903298,14.34856051022985,True
South Asia,SAS,1995,23.39857241800457,34879305.04928218,62.23525968467763,15.68461000205779,True
South Asia,SAS,1996,23.39857241800457,34879305.04928218,62.80185735053476,17.2641009973803,True
South Asia,SAS,1997,23.39857241800457,34879305.04928218,63.57231344242958,18.23431928106242,True
South Asia,SAS,1998,23.39857241800457,34879305.04928218,63.83210953890211,19.60003289977046,True
South Asia,SAS,1999,23.39857241800457,34879305.04928218,65.17077196034337,21.56269251432843,True
South Asia,SAS,2000,23.39857241800457,34879305.04928218,65.43442020572074,21.99081711978944,True
South Asia,SAS,2001,23.39857241800457,34879305.04928218,65.39443368488774,21.82672671826726,True
South Asia,SAS,2002,23.39857241800457,34879305.04928218,66.1845407993381,22.33072307825978,True
South Asia,SAS,2003,23.39857241800457,34879305.04928218,66.48014938922823,22.40307075554308,True
South Asia,SAS,2004,23.39857241800457,34879305.04928218,67.24500177025611,23.0022614653218,True
South Asia,SAS,2005,23.39857241800457,34879305.04928218,67.57774436008525,24.59623100823044,True
South Asia,SAS,2006,23.39857241800457,34879305.04928218,68.32217094227701,25.6732204503552,True
South Asia,SAS,2007,23.39857241800457,34879305.04928218,69.28875261461359,26.61076269395354,True
South Asia,SAS,2008,23.39857241800457,34879305.04928218,69.9301462277057,27.89121309364272,True
South Asia,SAS,2009,23.39857241800457,34879305.04928218,73.88468940162477,28.46051488199033,True
South Asia,SAS,2010,23.39857241800457,14769531.0,73.42652730534586,29.48711780529971,True
South Asia,SAS,2011,23.39857241800457,15613243.0,73.66410699725171,30.66508644076448,True
South Asia,SAS,2012,23.39857241800457,15828329.0,73.98993747803864,32.01467889540878,True
South Asia,SAS,2013,23.39857241800457,16542111.0,73.71195660050316,33.34137627574649,True
South Asia,SAS,2014,23.39857241800457,18425859.0,74.61661028906224,35.85900160942355,True
South Asia,SAS,2015,23.39857241800457,19653732.0,46.55670742906059,36.52170817477889,True
South Asia,SAS,2016,23.39857241800457,21927807.0,0.0,36.78639494828548,True
South Asia,SAS,2017,23.39857241800457,24316833.0,0.0,36.68354634173291,True
South Asia,SAS,2018,23.39857241800457,27025800.5,0.0,37.23053299603741,True
South Asia,SAS,2019,23.39857241800457,27971268.2,0.0,38.70774930963728,True
South Asia,SAS,2020,23.39857241800457,27344771.0,0.0,37.48100694940142,True
South Asia,SAS,2021,23.39857241800457,30083501.0,0.0,35.44343680224571,True
South Asia,SAS,2022,23.39857241800457,29777404.0,0.0,37.00719012964292,True
South Asia,SAS,2023,23.39857241800457,32373732.0,0.0,36.08718434744959,True
South Asia,SAS,2024,23.39857241800457,35034508.0,49.53885920745446,-37.96310870035779,True
South Asia (IDA & IBRD),TSA,1971,23.39857241800457,34879305.04928218,33.69444594986338,-37.96310870035779,True
South Asia (IDA & IBRD),TSA,1972,23.39857241800457,34879305.04928218,33.87315807708435,-37.96310870035779,True
South Asia (IDA & IBRD),TSA,1973,23.39857241800457,34879305.04928218,34.09506840676219,-37.96310870035779,True
South Asia (IDA & IBRD),TSA,1974,23.39857241800457,34879305.04928218,35.10829538351084,-37.96310870035779,True
South Asia (IDA & IBRD),TSA,1975,23.39857241800457,34879305.04928218,35.46706671738293,-37.96310870035779,True
South Asia (IDA & IBRD),TSA,1976,23.39857241800457,34879305.04928218,36.40310554565269,-37.96310870035779,True
South Asia (IDA & IBRD),TSA,1977,23.39857241800457,34879305.04928218,36.80018341893398,-37.96310870035779,True
South Asia (IDA & IBRD),TSA,1978,23.39857241800457,34879305.04928218,35.92817689076874,-37.96310870035779,True
South Asia (IDA & IBRD),TSA,1979,23.39857241800457,34879305.04928218,37.40066694874196,-37.96310870035779,True
South Asia (IDA & IBRD),TSA,1980,23.39857241800457,34879305.04928218,38.13871817149561,-37.96310870035779,True
South Asia (IDA & IBRD),TSA,1981,23.39857241800457,34879305.04928218,40.05022500518965,-37.96310870035779,True
South Asia (IDA & IBRD),TSA,1982,23.39857241800457,34879305.04928218,41.66318860693249,-37.96310870035779,True
South Asia (IDA & IBRD),TSA,1983,23.39857241800457,34879305.04928218,42.40075365066876,-37.96310870035779,True
South Asia (IDA & IBRD),TSA,1984,23.39857241800457,34879305.04928218,43.62582891809384,-37.96310870035779,True
South Asia (IDA & IBRD),TSA,1985,23.39857241800457,34879305.04928218,45.60177394225647,-37.96310870035779,True
South Asia (IDA & IBRD),TSA,1986,23.39857241800457,34879305.04928218,46.62507587083856,-37.96310870035779,True
South Asia (IDA & IBRD),TSA,1987,23.39857241800457,34879305.04928218,48.17851677383832,-37.96310870035779,True
South Asia (IDA & IBRD),TSA,1988,23.39857241800457,34879305.04928218,49.65036151177184,-37.96310870035779,True
South Asia (IDA & IBRD),TSA,1989,23.39857241800457,34879305.04928218,51.14355676780813,-37.96310870035779,True
South Asia (IDA & IBRD),TSA,1990,23.39857241800457,34879305.04928218,56.49354913905897,11.77905855863255,True
South Asia (IDA & IBRD),TSA,1991,23.39857241800457,34879305.04928218,57.6645775072597,12.31149594119181,True
South Asia (IDA & IBRD),TSA,1992,23.39857241800457,34879305.04928218,58.74880364850368,14.03984248903084,True
South Asia (IDA & IBRD),TSA,1993,23.39857241800457,34879305.04928218,59.5292323869492,14.54930362944937,True
South Asia (IDA & IBRD),TSA,1994,23.39857241800457,34879305.04928218,60.2169782903298,14.34856051022985,True
South Asia (IDA & IBRD),TSA,1995,23.39857241800457,34879305.04928218,62.23525968467764,15.68461000205779,True
South Asia (IDA & IBRD),TSA,1996,23.39857241800457,34879305.04928218,62.80185735053476,17.2641009973803,True
South Asia (IDA & IBRD),TSA,1997,23.39857241800457,34879305.04928218,63.57231344242958,18.23431928106242,True
South Asia (IDA & IBRD),TSA,1998,23.39857241800457,34879305.04928218,63.83210953890211,19.60003289977047,True
South Asia (IDA & IBRD),TSA,1999,23.39857241800457,34879305.04928218,65.17077196034337,21.56269251432843,True
South Asia (IDA & IBRD),TSA,2000,23.39857241800457,34879305.04928218,65.43442020572074,21.99081711978944,True
South Asia (IDA & IBRD),TSA,2001,23.39857241800457,34879305.04928218,65.39443368488774,21.82672671826726,True
South Asia (IDA & IBRD),TSA,2002,23.39857241800457,34879305.04928218,66.1845407993381,22.33072307825978,True
South Asia (IDA & IBRD),TSA,2003,23.39857241800457,34879305.04928218,66.48014938922823,22.40307075554308,True
South Asia (IDA & IBRD),TSA,2004,23.39857241800457,34879305.04928218,67.24500177025611,23.0022614653218,True
South Asia (IDA & IBRD),TSA,2005,23.39857241800457,34879305.04928218,67.57774436008525,24.59623100823044,True
South Asia (IDA & IBRD),TSA,2006,23.39857241800457,34879305.04928218,68.322170942277,25.67322045035521,True
South Asia (IDA & IBRD),TSA,2007,23.39857241800457,34879305.04928218,69.2887526146136,26.61076269395353,True
South Asia (IDA & IBRD),TSA,2008,23.39857241800457,34879305.04928218,69.9301462277057,27.89121309364272,True
South Asia (IDA & IBRD),TSA,2009,23.39857241800457,34879305.04928218,73.88468940162477,28.46051488199033,True
South Asia (IDA & IBRD),TSA,2010,23.39857241800457,14769531.0,73.42652730534584,29.48711780529971,True
South Asia (IDA & IBRD),TSA,2011,23.39857241800457,15613243.0,73.66410699725171,30.66508644076448,True
South Asia (IDA & IBRD),TSA,2012,23.39857241800457,15828329.0,73.98993747803864,32.01467889540878,True
South Asia (IDA & IBRD),TSA,2013,23.39857241800457,16542111.0,73.71195660050317,33.34137627574649,True
South Asia (IDA & IBRD),TSA,2014,23.39857241800457,18425859.0,74.61661028906224,35.85900160942355,True
South Asia (IDA & IBRD),TSA,2015,23.39857241800457,19653732.0,46.55670742906059,36.52170817477889,True
South Asia (IDA & IBRD),TSA,2016,23.39857241800457,21927807.0,0.0,36.78639494828548,True
South Asia (IDA & IBRD),TSA,2017,23.39857241800457,24316833.0,0.0,36.68354634173291,True
South Asia (IDA & IBRD),TSA,2018,23.39857241800457,27025800.5,0.0,37.23053299603741,True
South Asia (IDA & IBRD),TSA,2019,23.39857241800457,27971268.2,0.0,38.70774930963728,True
South Asia (IDA & IBRD),TSA,2020,23.39857241800457,27344771.0,0.0,37.48100694940142,True
South Asia (IDA & IBRD),TSA,2021,23.39857241800457,30083501.0,0.0,35.44343680224571,True
South Asia (IDA & IBRD),TSA,2022,23.39857241800457,29777404.0,0.0,37.00719012964292,True
South Asia (IDA & IBRD),TSA,2023,23.39857241800457,32373732.0,0.0,36.08718434744959,True
South Asia (IDA & IBRD),TSA,2024,23.39857241800457,35034508.0,49.53885920745446,-37.96310870035779,True
South Sudan,SSD,2010,23.39857241800457,430000.0,49.53885920745446,-37.96310870035779,False
South Sudan,SSD,2011,23.39857241800457,430000.0,49.53885920745446,-37.96310870035779,False
South Sudan,SSD,2012,23.39857241800457,34879305.04928218,70.76717761294559,-171.5404210684056,False
South Sudan,SSD,2013,23.39857241800457,34879305.04928218,72.48827354364525,-667.7676899706782,False
South Sudan,SSD,2014,23.39857241800457,34879305.04928218,72.42846058698657,-1055.226790723131,False
South Sudan,SSD,2015,23.39857241800457,34879305.04928218,38.93632075662831,-801.6945335810397,False
South Sudan,SSD,2016,23.39857241800457,34879305.04928218,0.0,-827.1000684974151,False
South Sudan,SSD,2017,23.39857241800457,34879305.04928218,0.0,-962.5336747929626,False
South Sudan,SSD,2018,23.39857241800457,34879305.04928218,0.0,-859.4534643704359,False
South Sudan,SSD,2019,23.39857241800457,34879305.04928218,0.0,-1023.893698165748,False
South Sudan,SSD,2020,23.39857241800457,34879305.04928218,0.0,-1010.1984581566,False
South Sudan,SSD,2021,23.39857241800457,34879305.04928218,0.0,-901.0915908197518,False
South Sudan,SSD,2022,23.39857241800457,34879305.04928218,0.0,-859.5028092532724,False
South Sudan,SSD,2023,23.39857241800457,34879305.04928218,0.0,-37.96310870035779,False
Spain,ESP,1990,23.39857241800457,34879305.04928218,77.37002668963447,67.02366314548205,False
Spain,ESP,1991,23.39857241800457,34879305.04928218,77.93597885741652,67.66428314563437,False
Spain,ESP,1992,23.39857241800457,34879305.04928218,79.23755503511126,70.851296118282,False
Spain,ESP,1993,23.39857241800457,34879305.04928218,77.67432492540064,69.80292406564735,False
Spain,ESP,1994,23.39857241800457,34879305.04928218,78.59248040879153,71.85698694990546,False
Spain,ESP,1995,23.39857241800457,34879305.04928218,79.60270634430972,75.46461282797581,False
Spain,ESP,1996,23.39857241800457,34879305.04928218,77.85504888841075,75.3109766569666,False
Spain,ESP,1997,23.39857241800457,34879305.04928218,80.05944638778563,76.85123243500601,False
Spain,ESP,1998,23.39857241800457,34879305.04928218,79.52502222782208,80.0400064630795,False
Spain,ESP,1999,23.39857241800457,34879305.04928218,80.97506167543477,82.12965752262093,False
Spain,ESP,2000,23.39857241800457,34879305.04928218,80.96563991098549,82.14073229539542,False
Spain,ESP,2001,23.39857241800457,34879305.04928218,80.16527338026007,80.32503124931695,False
Spain,ESP,2002,23.39857241800457,34879305.04928218,81.77304431687759,84.29681755355361,False
Spain,ESP,2003,23.39857241800457,34879305.04928218,81.1268702671428,82.22609567758724,False
Spain,ESP,2004,23.39857241800457,34879305.04928218,82.14179822871125,83.29779696354655,False
Spain,ESP,2005,23.39857241800457,34879305.04928218,83.77219878918623,87.68852754998905,False
Spain,ESP,2006,71.3534968946,34879305.04928218,82.59634554146506,87.58091373338269,False
Spain,ESP,2007,71.8193322908,34879305.04928218,83.47690494386922,86.04068391804702,False
Spain,ESP,2008,71.2598189741,34879305.04928218,82.11575196847943,88.43352620586985,False
Spain,ESP,2009,72.8800010956,34879305.04928218,79.93735323542639,86.48565610240851,False
Spain,ESP,2010,74.377669233,12500043.0,76.21466875124673,83.53312414027523,False
Spain,ESP,2011,75.8976132161,13901612.0,76.65230405910653,83.47438059193823,False
Spain,ESP,2012,71.7910622639,14066221.0,75.18150863193262,79.85456749728742,False
Spain,ESP,2013,71.0252945456,13903835.0,72.74544099248475,76.65695963022115,False
Spain,ESP,2014,78.6839083592,14205033.0,71.73880986789518,80.05080232800788,False
Spain,ESP,2015,83.1230620332,14288388.0,73.53257022860761,80.03588080316509,False
Spain,ESP,2016,83.6924782318,15073218.0,0.0,78.88249702276386,False
Spain,ESP,2017,85.3218465722,15929902.0,0.0,80.85462760464962,False
Spain,ESP,2018,83.9514136749,17165709.0,0.0,81.00753247166071,False
Spain,ESP,2019,87.7889545244,17464920.0,0.0,82.91405795037903,False
Spain,ESP,2020,89.387516227,16745921.0,0.0,73.47741919663814,False
Spain,ESP,2021,90.4670153624,17712459.0,0.0,75.47072019883929,False
Spain,ESP,2022,23.39857241800457,17161676.0,0.0,82.86749234318577,False
Spain,ESP,2023,23.39857241800457,16380201.0,0.0,76.98467751366019,False
Spain,ESP,2024,23.39857241800457,18114517.0,0.0,-37.96310870035779,False
Sri Lanka,LKA,1990,23.39857241800457,34879305.04928218,24.10935371441393,30.86097990743829,False
Sri Lanka,LKA,1991,23.39857241800457,34879305.04928218,25.12938843588433,29.88915568103788,False
Sri Lanka,LKA,1992,23.39857241800457,34879305.04928218,24.79341233151663,30.11230444396412,False
Sri Lanka,LKA,1993,23.39857241800457,34879305.04928218,29.80085794754282,35.11663755820045,False
Sri Lanka,LKA,1994,23.39857241800457,34879305.04928218,31.69398713528504,36.25771329334534,False
Sri Lanka,LKA,1995,23.39857241800457,34879305.04928218,33.05816469661848,40.24036683383112,False
Sri Lanka,LKA,1996,23.39857241800457,34879305.04928218,37.5452430042104,41.52359561742372,False
Sri Lanka,LKA,1997,23.39857241800457,34879305.04928218,37.67070536364509,42.04079393166269,False
Sri Lanka,LKA,1998,23.39857241800457,34879305.04928218,38.92119824733545,42.63320346101303,False
Sri Lanka,LKA,1999,23.39857241800457,34879305.04928218,39.83097928459451,42.69960007328837,False
Sri Lanka,LKA,2000,23.39857241800457,34879305.04928218,43.01992209401305,45.93758156530817,False
Sri Lanka,LKA,2001,23.39857241800457,34879305.04928218,43.34724814543353,44.53414508955719,False
Sri Lanka,LKA,2002,23.39857241800457,34879305.04928218,44.57840582823975,48.16025450540997,False
Sri Lanka,LKA,2003,23.39857241800457,34879305.04928218,46.36261907098456,42.59011685482277,False
Sri Lanka,LKA,2004,23.39857241800457,34879305.04928218,45.78774773212671,46.05973576844045,False
Sri Lanka,LKA,2005,23.39857241800457,34879305.04928218,45.28484175488232,47.27044051858181,False
Sri Lanka,LKA,2006,38.6437783224,34879305.04928218,43.43131035962296,46.49804628952781,False
Sri Lanka,LKA,2007,39.418994319,34879305.04928218,45.37929305012161,47.14119922630557,False
Sri Lanka,LKA,2008,39.6414812798,34879305.04928218,45.33457687143927,46.96859350047801,False
Sri Lanka,LKA,2009,37.1635223925,34879305.04928218,43.04243146500032,-37.96310870035779,False
Sri Lanka,LKA,2010,38.6497433883,4120000.0,43.01574461018701,41.91412274474283,False
Sri Lanka,LKA,2011,39.4796516864,4262887.0,51.50229448723233,54.48988144843901,False
Sri Lanka,LKA,2012,40.2350589938,4320984.0,52.18813694991032,-37.96310870035779,False
Sri Lanka,LKA,2013,47.7635830395,4306206.0,48.96521391297195,54.46463968771926,False
Sri Lanka,LKA,2014,46.9604546438,4907901.0,53.62706685876805,58.7543860064217,False
Sri Lanka,LKA,2015,52.4528228858,5185000.0,41.04888502653694,56.85690210071347,False
Sri Lanka,LKA,2016,61.7733368696,5734000.0,0.0,62.15249596788396,False
Sri Lanka,LKA,2017,63.6513107836,6200000.0,0.0,-37.96310870035779,False
Sri Lanka,LKA,2018,63.6228100833,7000000.0,0.0,68.59571129140267,False
Sri Lanka,LKA,2019,62.1746427662,7230000.0,0.0,-37.96310870035779,False
Sri Lanka,LKA,2020,71.9926071706,6850000.0,0.0,61.23243100330885,False
Sri Lanka,LKA,2021,70.6781062229,7250000.0,0.0,59.42945141604385,False
Sri Lanka,LKA,2022,23.39857241800457,6860000.0,0.0,60.03958029437563,False
Sri Lanka,LKA,2023,23.39857241800457,6940000.0,0.0,-37.96310870035779,False
Sri Lanka,LKA,2024,23.39857241800457,7782776.0,49.53885920745446,-37.96310870035779,False
St. Kitts and Nevis,KNA,1990,23.39857241800457,34879305.04928218,0.0,-37.96310870035779,False
St. Kitts and Nevis,KNA,2004,23.39857241800457,34879305.04928218,0.0,-37.96310870035779,False
St. Kitts and Nevis,KNA,2005,23.39857241800457,34879305.04928218,0.0,-37.96310870035779,False
St. Kitts and Nevis,KNA,2006,3.0145195804,34879305.04928218,0.0,-37.96310870035779,False
St. Kitts and Nevis,KNA,2007,4.2722167293,34879305.04928218,0.0,-37.96310870035779,False
St. Kitts and Nevis,KNA,2008,4.9603647751,34879305.04928218,49.53885920745446,-37.96310870035779,False
St. Kitts and Nevis,KNA,2009,4.9603647751,34879305.04928218,49.53885920745446,-37.96310870035779,False
St. Kitts and Nevis,KNA,2010,4.3030751436,2855.5,49.53885920745446,-37.96310870035779,False
St. Kitts and Nevis,KNA,2011,4.152441899,3046.0,49.53885920745446,-37.96310870035779,False
St. Kitts and Nevis,KNA,2012,4.152441899,2665.0,49.53885920745446,-37.96310870035779,False
St. Kitts and Nevis,KNA,2013,4.7567967011,3064.0,49.53885920745446,-37.96310870035779,False
St. Kitts and Nevis,KNA,2014,4.7570085411,12909.0,49.53885920745446,-37.96310870035779,False
St. Kitts and Nevis,KNA,2015,4.7570085411,13511.0,49.53885920745446,-37.96310870035779,False
St. Kitts and Nevis,KNA,2016,6.0437275109,13216.0,49.53885920745446,-37.96310870035779,False
St. Kitts and Nevis,KNA,2017,6.4975649119,13767.0,49.53885920745446,-37.96310870035779,False
St. Kitts and Nevis,KNA,2018,6.4975649119,13491.5,49.53885920745446,-37.96310870035779,False
St. Kitts and Nevis,KNA,2019,6.2067315408,13629.25,49.53885920745446,-37.96310870035779,False
St. Kitts and Nevis,KNA,2020,5.0658437666,13560.375,49.53885920745446,-37.96310870035779,False
St. Kitts and Nevis,KNA,2021,4.6139440328,34879305.04928218,49.53885920745446,-37.96310870035779,False
St. Lucia,LCA,1990,23.39857241800457,34879305.04928218,0.0,-37.96310870035779,False
St. Lucia,LCA,2004,23.39857241800457,34879305.04928218,0.0,-37.96310870035779,False
St. Lucia,LCA,2005,23.39857241800457,34879305.04928218,0.0,-37.96310870035779,False
St. Lucia,LCA,2006,5.4067847844,34879305.04928218,0.0,-37.96310870035779,False
St. Lucia,LCA,2007,6.4936339077,34879305.04928218,0.0,-37.96310870035779,False
St. Lucia,LCA,2008,7.8297216493,34879305.04928218,49.53885920745446,-37.96310870035779,False
St. Lucia,LCA,2009,6.2989254688,34879305.04928218,49.53885920745446,-37.96310870035779,False
St. Lucia,LCA,2010,6.3016266113,52479.0,49.53885920745446,-37.96310870035779,False
St. Lucia,LCA,2011,5.997707419,60342.0,49.53885920745446,-37.96310870035779,False
St. Lucia,LCA,2012,7.7885046764,83340.0,49.53885920745446,-37.96310870035779,False
St. Lucia,LCA,2013,8.4854155987,64415.0,49.53885920745446,-37.96310870035779,False
St. Lucia,LCA,2014,7.529065893,41521.0,49.53885920745446,-37.96310870035779,False
St. Lucia,LCA,2015,7.3885077569,46585.0,49.53885920745446,-37.96310870035779,False
St. Lucia,LCA,2016,6.2274920672,38383.0,49.53885920745446,-37.96310870035779,False
St. Lucia,LCA,2017,6.6449165255,29706.0,49.53885920745446,-37.96310870035779,False
St. Lucia,LCA,2018,6.3827547211,33657.0,49.53885920745446,-37.96310870035779,False
St. Lucia,LCA,2019,5.6254251367,39238.0,49.53885920745446,-37.96310870035779,False
St. Lucia,LCA,2020,5.6217920814,35721.0,49.53885920745446,-37.96310870035779,False
St. Lucia,LCA,2021,5.6052838891,35538.0,49.53885920745446,-37.96310870035779,False
St. Lucia,LCA,2022,23.39857241800457,38973.0,49.53885920745446,-37.96310870035779,False
St. Lucia,LCA,2023,23.39857241800457,37054.0,49.53885920745446,-37.96310870035779,False
St. Vincent and the Grenadines,VCT,1990,23.39857241800457,34879305.04928218,0.0,-37.96310870035779,False
St. Vincent and the Grenadines,VCT,2004,23.39857241800457,34879305.04928218,0.0,-37.96310870035779,False
St. Vincent and the Grenadines,VCT,2005,23.39857241800457,34879305.04928218,0.0,-37.96310870035779,False
St. Vincent and the Grenadines,VCT,2006,5.6817295252,34879305.04928218,0.0,-37.96310870035779,False
St. Vincent and the Grenadines,VCT,2007,6.3834878503,34879305.04928218,0.0,-37.96310870035779,False
St. Vincent and the Grenadines,VCT,2008,6.6496440573,34879305.04928218,49.53885920745446,-37.96310870035779,False
St. Vincent and the Grenadines,VCT,2009,5.4994162592,34879305.04928218,49.53885920745446,-37.96310870035779,False
St. Vincent and the Grenadines,VCT,2010,4.7365772779,16967.0,49.53885920745446,-37.96310870035779,False
St. Vincent and the Grenadines,VCT,2011,5.8742133087,16418.0,49.53885920745446,-37.96310870035779,False
St. Vincent and the Grenadines,VCT,2012,7.5100049621,16826.0,49.53885920745446,-37.96310870035779,False
St. Vincent and the Grenadines,VCT,2013,8.2312587352,16826.0,49.53885920745446,-37.96310870035779,False
St. Vincent and the Grenadines,VCT,2014,7.391609094,16737.0,49.53885920745446,-37.96310870035779,False
St. Vincent and the Grenadines,VCT,2015,7.4843968356,16342.0,49.53885920745446,-37.96310870035779,False
St. Vincent and the Grenadines,VCT,2016,7.6523243271,18236.0,49.53885920745446,-37.96310870035779,False
St. Vincent and the Grenadines,VCT,2017,6.8284221233,17502.0,49.53885920745446,-37.96310870035779,False
St. Vincent and the Grenadines,VCT,2018,6.3800219856,18107.0,49.53885920745446,-37.96310870035779,False
St. Vincent and the Grenadines,VCT,2019,6.5278900126,18222.0,49.53885920745446,-37.96310870035779,False
St. Vincent and the Grenadines,VCT,2020,6.5242569573,18446.0,49.53885920745446,-37.96310870035779,False
St. Vincent and the Grenadines,VCT,2021,5.1756173924,21000.0,49.53885920745446,-37.96310870035779,False
St. Vincent and the Grenadines,VCT,2022,23.39857241800457,23830.0,49.53885920745446,-37.96310870035779,False
St. Vincent and the Grenadines,VCT,2023,23.39857241800457,20299.0,49.53885920745446,-37.96310870035779,False
St. Vincent and the Grenadines,VCT,2024,23.39857241800457,24416.0,49.53885920745446,-37.96310870035779,False
Sub-Saharan Africa,SSF,1971,23.39857241800457,34879305.04928218,36.224906195062,-37.96310870035779,True
Sub-Saharan Africa,SSF,1972,23.39857241800457,34879305.04928218,36.20755839423492,-37.96310870035779,True
Sub-Saharan Africa,SSF,1973,23.39857241800457,34879305.04928218,37.48217249736116,-37.96310870035779,True
Sub-Saharan Africa,SSF,1974,23.39857241800457,34879305.04928218,37.51338182166392,-37.96310870035779,True
Sub-Saharan Africa,SSF,1975,23.39857241800457,34879305.04928218,37.69131322668514,-37.96310870035779,True
Sub-Saharan Africa,SSF,1976,23.39857241800457,34879305.04928218,38.36849338825976,-37.96310870035779,True
Sub-Saharan Africa,SSF,1977,23.39857241800457,34879305.04928218,38.61993559908896,-37.96310870035779,True
Sub-Saharan Africa,SSF,1978,23.39857241800457,34879305.04928218,39.5247498983258,-37.96310870035779,True
Sub-Saharan Africa,SSF,1979,23.39857241800457,34879305.04928218,39.51057033830004,-37.96310870035779,True
Sub-Saharan Africa,SSF,1980,23.39857241800457,34879305.04928218,40.36105366858342,-37.96310870035779,True
Sub-Saharan Africa,SSF,1981,23.39857241800457,34879305.04928218,41.94229472506849,-37.96310870035779,True
Sub-Saharan Africa,SSF,1982,23.39857241800457,34879305.04928218,43.2124343122552,-37.96310870035779,True
Sub-Saharan Africa,SSF,1983,23.39857241800457,34879305.04928218,42.87379306215816,-37.96310870035779,True
Sub-Saharan Africa,SSF,1984,23.39857241800457,34879305.04928218,43.17578876134427,-37.96310870035779,True
Sub-Saharan Africa,SSF,1985,23.39857241800457,34879305.04928218,42.5786025686793,-37.96310870035779,True
Sub-Saharan Africa,SSF,1986,23.39857241800457,34879305.04928218,42.42152125068773,-37.96310870035779,True
Sub-Saharan Africa,SSF,1987,23.39857241800457,34879305.04928218,43.10055040252015,-37.96310870035779,True
Sub-Saharan Africa,SSF,1988,23.39857241800457,34879305.04928218,42.84432431484577,-37.96310870035779,True
Sub-Saharan Africa,SSF,1989,23.39857241800457,34879305.04928218,41.28117452701424,-37.96310870035779,True
Sub-Saharan Africa,SSF,1990,23.39857241800457,34879305.04928218,44.46991538983168,-61.45124834058196,True
Sub-Saharan Africa,SSF,1991,23.39857241800457,34879305.04928218,45.37152546254994,-61.65453779516954,True
Sub-Saharan Africa,SSF,1992,23.39857241800457,34879305.04928218,43.29422382488898,-64.58443492924617,True
Sub-Saharan Africa,SSF,1993,23.39857241800457,34879305.04928218,44.32122595913035,-63.22371462560218,True
Sub-Saharan Africa,SSF,1994,23.39857241800457,34879305.04928218,42.79522509096061,-64.37448252668614,True
Sub-Saharan Africa,SSF,1995,23.39857241800457,34879305.04928218,43.19358230914861,-64.17371221391929,True
Sub-Saharan Africa,SSF,1996,23.39857241800457,34879305.04928218,42.79541507598043,-66.53194919232963,True
Sub-Saharan Africa,SSF,1997,23.39857241800457,34879305.04928218,42.64430008596044,-70.68905198329713,True
Sub-Saharan Africa,SSF,1998,23.39857241800457,34879305.04928218,41.78644154108262,-71.60036945979755,True
Sub-Saharan Africa,SSF,1999,23.39857241800457,34879305.04928218,42.71992596656877,-70.02272517807627,True
Sub-Saharan Africa,SSF,2000,23.39857241800457,34879305.04928218,43.53555234437351,-83.00567955787852,True
Sub-Saharan Africa,SSF,2001,23.39857241800457,34879305.04928218,45.31922649571585,-84.99072833044036,True
Sub-Saharan Africa,SSF,2002,23.39857241800457,34879305.04928218,44.66875989304206,-83.55375864267873,True
Sub-Saharan Africa,SSF,2003,23.39857241800457,34879305.04928218,45.23382649447451,-83.94554220983741,True
Sub-Saharan Africa,SSF,2004,23.39857241800457,34879305.04928218,46.33467591298855,-89.11965075736256,True
Sub-Saharan Africa,SSF,2005,23.39857241800457,34879305.04928218,46.3145169977561,-93.47606697484444,True
Sub-Saharan Africa,SSF,2006,23.39857241800457,34879305.04928218,45.18570560233933,-95.62031996217743,True
Sub-Saharan Africa,SSF,2007,23.39857241800457,34879305.04928218,46.17177291082114,-95.21853830670273,True
Sub-Saharan Africa,SSF,2008,23.39857241800457,34879305.04928218,47.25725074712072,-87.51125468275261,True
Sub-Saharan Africa,SSF,2009,23.39857241800457,34879305.04928218,45.39081420694934,-81.05616179504054,True
Sub-Saharan Africa,SSF,2010,23.39857241800457,34879305.04928218,45.57764224808599,-86.05273182869047,True
Sub-Saharan Africa,SSF,2011,23.39857241800457,13692557.97,44.04545254617663,-68.89676787068589,True
Sub-Saharan Africa,SSF,2012,23.39857241800457,14823162.33,44.46520207160201,-65.63440882802878,True
Sub-Saharan Africa,SSF,2013,23.39857241800457,15333379.04,43.61356485482062,-59.3556656361872,True
Sub-Saharan Africa,SSF,2014,23.39857241800457,15885219.77,44.37848513516726,-55.01189737982265,True
Sub-Saharan Africa,SSF,2015,23.39857241800457,15892693.9,35.61890347823804,-58.1059255159534,True
Sub-Saharan Africa,SSF,2016,23.39857241800457,14757846.29,0.0,-49.32764645082992,True
Sub-Saharan Africa,SSF,2017,23.39857241800457,16138326.83,0.0,-50.94711803755698,True
Sub-Saharan Africa,SSF,2018,23.39857241800457,17496796.6,0.0,-50.78015505037743,True
Sub-Saharan Africa,SSF,2019,23.39857241800457,18008297.23,0.0,-45.83409139688202,True
Sub-Saharan Africa,SSF,2020,23.39857241800457,34879305.04928218,0.0,-41.14610753880935,True
Sub-Saharan Africa,SSF,2021,23.39857241800457,34879305.04928218,0.0,-30.03180794093833,True
Sub-Saharan Africa,SSF,2022,23.39857241800457,34879305.04928218,0.0,-28.52449334916228,True
Sub-Saharan Africa,SSF,2023,23.39857241800457,34879305.04928218,0.0,-37.96310870035779,True
Sub-Saharan Africa,SSF,2024,23.39857241800457,34879305.04928218,0.0,-37.96310870035779,True
Sub-Saharan Africa (IDA & IBRD countries),TSS,1971,23.39857241800457,34879305.04928218,36.224906195062,-37.96310870035779,True
Sub-Saharan Africa (IDA & IBRD countries),TSS,1972,23.39857241800457,34879305.04928218,36.20755839423492,-37.96310870035779,True
Sub-Saharan Africa (IDA & IBRD countries),TSS,1973,23.39857241800457,34879305.04928218,37.48217249736116,-37.96310870035779,True
Sub-Saharan Africa (IDA & IBRD countries),TSS,1974,23.39857241800457,34879305.04928218,37.51338182166392,-37.96310870035779,True
Sub-Saharan Africa (IDA & IBRD countries),TSS,1975,23.39857241800457,34879305.04928218,37.69131322668515,-37.96310870035779,True
Sub-Saharan Africa (IDA & IBRD countries),TSS,1976,23.39857241800457,34879305.04928218,38.36849338825976,-37.96310870035779,True
Sub-Saharan Africa (IDA & IBRD countries),TSS,1977,23.39857241800457,34879305.04928218,38.61993559908897,-37.96310870035779,True
Sub-Saharan Africa (IDA & IBRD countries),TSS,1978,23.39857241800457,34879305.04928218,39.5247498983258,-37.96310870035779,True
Sub-Saharan Africa (IDA & IBRD countries),TSS,1979,23.39857241800457,34879305.04928218,39.51057033830003,-37.96310870035779,True
Sub-Saharan Africa (IDA & IBRD countries),TSS,1980,23.39857241800457,34879305.04928218,40.36105366858343,-37.96310870035779,True
Sub-Saharan Africa (IDA & IBRD countries),TSS,1981,23.39857241800457,34879305.04928218,41.94229472506849,-37.96310870035779,True
Sub-Saharan Africa (IDA & IBRD countries),TSS,1982,23.39857241800457,34879305.04928218,43.2124343122552,-37.96310870035779,True
Sub-Saharan Africa (IDA & IBRD countries),TSS,1983,23.39857241800457,34879305.04928218,42.87379306215815,-37.96310870035779,True
Sub-Saharan Africa (IDA & IBRD countries),TSS,1984,23.39857241800457,34879305.04928218,43.17578876134426,-37.96310870035779,True
Sub-Saharan Africa (IDA & IBRD countries),TSS,1985,23.39857241800457,34879305.04928218,42.5786025686793,-37.96310870035779,True
Sub-Saharan Africa (IDA & IBRD countries),TSS,1986,23.39857241800457,34879305.04928218,42.42152125068773,-37.96310870035779,True
Sub-Saharan Africa (IDA & IBRD countries),TSS,1987,23.39857241800457,34879305.04928218,43.10055040252015,-37.96310870035779,True
Sub-Saharan Africa (IDA & IBRD countries),TSS,1988,23.39857241800457,34879305.04928218,42.84432431484576,-37.96310870035779,True
Sub-Saharan Africa (IDA & IBRD countries),TSS,1989,23.39857241800457,34879305.04928218,41.28117452701424,-37.96310870035779,True
Sub-Saharan Africa (IDA & IBRD countries),TSS,1990,23.39857241800457,34879305.04928218,44.4699153898317,-61.45124834058196,True
Sub-Saharan Africa (IDA & IBRD countries),TSS,1991,23.39857241800457,34879305.04928218,45.37152546254993,-61.65453779516957,True
Sub-Saharan Africa (IDA & IBRD countries),TSS,1992,23.39857241800457,34879305.04928218,43.29422382488897,-64.58443492924619,True
Sub-Saharan Africa (IDA & IBRD countries),TSS,1993,23.39857241800457,34879305.04928218,44.32122595913035,-63.22371462560216,True
Sub-Saharan Africa (IDA & IBRD countries),TSS,1994,23.39857241800457,34879305.04928218,42.7952250909606,-64.37448252668618,True
Sub-Saharan Africa (IDA & IBRD countries),TSS,1995,23.39857241800457,34879305.04928218,43.19358230914862,-64.17371221391925,True
Sub-Saharan Africa (IDA & IBRD countries),TSS,1996,23.39857241800457,34879305.04928218,42.79541507598043,-66.53194919232965,True
Sub-Saharan Africa (IDA & IBRD countries),TSS,1997,23.39857241800457,34879305.04928218,42.64430008596044,-70.68905198329713,True
Sub-Saharan Africa (IDA & IBRD countries),TSS,1998,23.39857241800457,34879305.04928218,41.78644154108261,-71.60036945979758,True
Sub-Saharan Africa (IDA & IBRD countries),TSS,1999,23.39857241800457,34879305.04928218,42.7199259665688,-70.02272517807629,True
Sub-Saharan Africa (IDA & IBRD countries),TSS,2000,23.39857241800457,34879305.04928218,43.53555234437352,-83.00567955787854,True
Sub-Saharan Africa (IDA & IBRD countries),TSS,2001,23.39857241800457,34879305.04928218,45.31922649571585,-84.99072833044035,True
Sub-Saharan Africa (IDA & IBRD countries),TSS,2002,23.39857241800457,34879305.04928218,44.66875989304206,-83.55375864267873,True
Sub-Saharan Africa (IDA & IBRD countries),TSS,2003,23.39857241800457,34879305.04928218,45.23382649447451,-83.94554220983743,True
Sub-Saharan Africa (IDA & IBRD countries),TSS,2004,23.39857241800457,34879305.04928218,46.33467591298856,-89.11965075736255,True
Sub-Saharan Africa (IDA & IBRD countries),TSS,2005,23.39857241800457,34879305.04928218,46.3145169977561,-93.47606697484444,True
Sub-Saharan Africa (IDA & IBRD countries),TSS,2006,23.39857241800457,34879305.04928218,45.18570560233933,-95.62031996217743,True
Sub-Saharan Africa (IDA & IBRD countries),TSS,2007,23.39857241800457,34879305.04928218,46.17177291082113,-95.21853830670268,True
Sub-Saharan Africa (IDA & IBRD countries),TSS,2008,23.39857241800457,34879305.04928218,47.25725074712072,-87.51125468275262,True
Sub-Saharan Africa (IDA & IBRD countries),TSS,2009,23.39857241800457,34879305.04928218,45.39081420694934,-81.05616179504058,True
Sub-Saharan Africa (IDA & IBRD countries),TSS,2010,23.39857241800457,34879305.04928218,45.577642248086,-86.05273182869048,True
Sub-Saharan Africa (IDA & IBRD countries),TSS,2011,23.39857241800457,13692557.97,44.04545254617663,-68.89676787068586,True
Sub-Saharan Africa (IDA & IBRD countries),TSS,2012,23.39857241800457,14823162.33,44.46520207160201,-65.63440882802881,True
Sub-Saharan Africa (IDA & IBRD countries),TSS,2013,23.39857241800457,15333379.04,43.61356485482061,-59.3556656361872,True
Sub-Saharan Africa (IDA & IBRD countries),TSS,2014,23.39857241800457,15885219.77,44.37848513516725,-55.01189737982264,True
Sub-Saharan Africa (IDA & IBRD countries),TSS,2015,23.39857241800457,15892693.9,35.61890347823804,-58.1059255159534,True
Sub-Saharan Africa (IDA & IBRD countries),TSS,2016,23.39857241800457,14757846.29,0.0,-49.32764645082992,True
Sub-Saharan Africa (IDA & IBRD countries),TSS,2017,23.39857241800457,16138326.83,0.0,-50.94711803755695,True
Sub-Saharan Africa (IDA & IBRD countries),TSS,2018,23.39857241800457,17496796.6,0.0,-50.78015505037742,True
Sub-Saharan Africa (IDA & IBRD countries),TSS,2019,23.39857241800457,18008297.23,0.0,-45.83409139688202,True
Sub-Saharan Africa (IDA & IBRD countries),TSS,2020,23.39857241800457,34879305.04928218,0.0,-41.14610753880935,True
Sub-Saharan Africa (IDA & IBRD countries),TSS,2021,23.39857241800457,34879305.04928218,0.0,-30.03180794093833,True
Sub-Saharan Africa (IDA & IBRD countries),TSS,2022,23.39857241800457,34879305.04928218,0.0,-28.52449334916228,True
Sub-Saharan Africa (IDA & IBRD countries),TSS,2023,23.39857241800457,34879305.04928218,0.0,-37.96310870035779,True
Sub-Saharan Africa (IDA & IBRD countries),TSS,2024,23.39857241800457,34879305.04928218,0.0,-37.96310870035779,True
Sub-Saharan Africa (excluding high income),SSA,1971,23.39857241800457,34879305.04928218,36.224906195062,-37.96310870035779,True
Sub-Saharan Africa (excluding high income),SSA,1972,23.39857241800457,34879305.04928218,36.20755839423491,-37.96310870035779,True
Sub-Saharan Africa (excluding high income),SSA,1973,23.39857241800457,34879305.04928218,37.48217249736116,-37.96310870035779,True
Sub-Saharan Africa (excluding high income),SSA,1974,23.39857241800457,34879305.04928218,37.51338182166391,-37.96310870035779,True
Sub-Saharan Africa (excluding high income),SSA,1975,23.39857241800457,34879305.04928218,37.69131322668516,-37.96310870035779,True
Sub-Saharan Africa (excluding high income),SSA,1976,23.39857241800457,34879305.04928218,38.36849338825976,-37.96310870035779,True
Sub-Saharan Africa (excluding high income),SSA,1977,23.39857241800457,34879305.04928218,38.61993559908896,-37.96310870035779,True
Sub-Saharan Africa (excluding high income),SSA,1978,23.39857241800457,34879305.04928218,39.5247498983258,-37.96310870035779,True
Sub-Saharan Africa (excluding high income),SSA,1979,23.39857241800457,34879305.04928218,39.51057033830002,-37.96310870035779,True
Sub-Saharan Africa (excluding high income),SSA,1980,23.39857241800457,34879305.04928218,40.36105366858342,-37.96310870035779,True
Sub-Saharan Africa (excluding high income),SSA,1981,23.39857241800457,34879305.04928218,41.94229472506849,-37.96310870035779,True
Sub-Saharan Africa (excluding high income),SSA,1982,23.39857241800457,34879305.04928218,43.2124343122552,-37.96310870035779,True
Sub-Saharan Africa (excluding high income),SSA,1983,23.39857241800457,34879305.04928218,42.87379306215816,-37.96310870035779,True
Sub-Saharan Africa (excluding high income),SSA,1984,23.39857241800457,34879305.04928218,43.17578876134426,-37.96310870035779,True
Sub-Saharan Africa (excluding high income),SSA,1985,23.39857241800457,34879305.04928218,42.5786025686793,-37.96310870035779,True
Sub-Saharan Africa (excluding high income),SSA,1986,23.39857241800457,34879305.04928218,42.42152125068773,-37.96310870035779,True
Sub-Saharan Africa (excluding high income),SSA,1987,23.39857241800457,34879305.04928218,43.10055040252015,-37.96310870035779,True
Sub-Saharan Africa (excluding high income),SSA,1988,23.39857241800457,34879305.04928218,42.84432431484576,-37.96310870035779,True
Sub-Saharan Africa (excluding high income),SSA,1989,23.39857241800457,34879305.04928218,41.28117452701424,-37.96310870035779,True
Sub-Saharan Africa (excluding high income),SSA,1990,23.39857241800457,34879305.04928218,44.47660573724404,-61.45124834058196,True
Sub-Saharan Africa (excluding high income),SSA,1991,23.39857241800457,34879305.04928218,45.37152546254993,-61.65453779516957,True
Sub-Saharan Africa (excluding high income),SSA,1992,23.39857241800457,34879305.04928218,43.29422382488897,-64.58443492924617,True
Sub-Saharan Africa (excluding high income),SSA,1993,23.39857241800457,34879305.04928218,44.32122595913035,-63.22371462560216,True
Sub-Saharan Africa (excluding high income),SSA,1994,23.39857241800457,34879305.04928218,42.79522509096061,-64.37448252668615,True
Sub-Saharan Africa (excluding high income),SSA,1995,23.39857241800457,34879305.04928218,43.19358230914861,-64.17371221391926,True
Sub-Saharan Africa (excluding high income),SSA,1996,23.39857241800457,34879305.04928218,42.79541507598044,-66.53194919232963,True
Sub-Saharan Africa (excluding high income),SSA,1997,23.39857241800457,34879305.04928218,42.64430008596044,-70.6890519832971,True
Sub-Saharan Africa (excluding high income),SSA,1998,23.39857241800457,34879305.04928218,41.78644154108262,-71.60036945979756,True
Sub-Saharan Africa (excluding high income),SSA,1999,23.39857241800457,34879305.04928218,42.71992596656878,-70.02272517807629,True
Sub-Saharan Africa (excluding high income),SSA,2000,23.39857241800457,34879305.04928218,43.53555234437351,-83.00567955787852,True
Sub-Saharan Africa (excluding high income),SSA,2001,23.39857241800457,34879305.04928218,45.31922649571585,-84.99072833044035,True
Sub-Saharan Africa (excluding high income),SSA,2002,23.39857241800457,34879305.04928218,44.66875989304205,-83.5537586426787,True
Sub-Saharan Africa (excluding high income),SSA,2003,23.39857241800457,34879305.04928218,45.23382649447451,-83.94554220983743,True
Sub-Saharan Africa (excluding high income),SSA,2004,23.39857241800457,34879305.04928218,46.36882429587109,-89.11965075736255,True
Sub-Saharan Africa (excluding high income),SSA,2005,23.39857241800457,34879305.04928218,46.34444784449995,-93.47606697484446,True
Sub-Saharan Africa (excluding high income),SSA,2006,23.39857241800457,34879305.04928218,45.21609017710365,-95.62031996217743,True
Sub-Saharan Africa (excluding high income),SSA,2007,23.39857241800457,34879305.04928218,46.19702545033212,-95.21853830670274,True
Sub-Saharan Africa (excluding high income),SSA,2008,23.39857241800457,34879305.04928218,47.25725074712072,-87.51125468275261,True
Sub-Saharan Africa (excluding high income),SSA,2009,23.39857241800457,34879305.04928218,45.39081420694936,-81.05616179504058,True
Sub-Saharan Africa (excluding high income),SSA,2010,23.39857241800457,34879305.04928218,45.57764224808599,-86.05273182869045,True
Sub-Saharan Africa (excluding high income),SSA,2011,23.39857241800457,13629990.1,44.04545254617663,-68.89676787068589,True
Sub-Saharan Africa (excluding high income),SSA,2012,23.39857241800457,14689776.03,44.465202071602,-65.6344088280288,True
Sub-Saharan Africa (excluding high income),SSA,2013,23.39857241800457,15198040.94,43.6135648548206,-59.35566563618719,True
Sub-Saharan Africa (excluding high income),SSA,2014,23.39857241800457,15734522.97,44.37848513516725,-55.01189737982266,True
Sub-Saharan Africa (excluding high income),SSA,2015,23.39857241800457,15764890.8,35.61890347823804,-58.1059255159534,True
Sub-Saharan Africa (excluding high income),SSA,2016,23.39857241800457,14625631.69,0.0,-49.32764645082992,True
Sub-Saharan Africa (excluding high income),SSA,2017,23.39857241800457,16033754.13,0.0,-50.94711803755696,True
Sub-Saharan Africa (excluding high income),SSA,2018,23.39857241800457,17390758.4,0.0,-50.78015505037742,True
Sub-Saharan Africa (excluding high income),SSA,2019,23.39857241800457,17853873.83,0.0,-45.83409139688202,True
Sub-Saharan Africa (excluding high income),SSA,2020,23.39857241800457,34879305.04928218,0.0,-41.14610753880937,True
Sub-Saharan Africa (excluding high income),SSA,2021,23.39857241800457,34879305.04928218,0.0,-30.03180794093834,True
Sub-Saharan Africa (excluding high income),SSA,2022,23.39857241800457,34879305.04928218,0.0,-28.52449334916228,True
Sub-Saharan Africa (excluding high income),SSA,2023,23.39857241800457,34879305.04928218,0.0,-37.96310870035779,True
Sub-Saharan Africa (excluding high income),SSA,2024,23.39857241800457,34879305.04928218,0.0,-37.96310870035779,True
Sudan,SDN,1990,23.39857241800457,34879305.04928218,17.44590928780023,-37.96310870035779,False
Sudan,SDN,1991,23.39857241800457,34879305.04928218,16.08143090553814,-37.96310870035779,False
Sudan,SDN,1992,23.39857241800457,34879305.04928218,14.83549096487145,-37.96310870035779,False
Sudan,SDN,1993,23.39857241800457,34879305.04928218,11.11443368835101,-37.96310870035779,False
Sudan,SDN,1994,23.39857241800457,34879305.04928218,13.75028421697143,-37.96310870035779,False
Sudan,SDN,1995,23.39857241800457,34879305.04928218,13.18223024257191,-37.96310870035779,False
Sudan,SDN,1996,23.39857241800457,34879305.04928218,12.97137783218133,-37.96310870035779,False
Sudan,SDN,1997,23.39857241800457,34879305.04928218,14.21759584302454,-37.96310870035779,False
Sudan,SDN,1998,23.39857241800457,34879305.04928218,14.55643880070118,-37.96310870035779,False
Sudan,SDN,1999,23.39857241800457,34879305.04928218,22.46316939643998,-2.842740016587983,False
Sudan,SDN,2000,23.39857241800457,34879305.04928218,17.26491091007181,-49.23287729210985,False
Sudan,SDN,2001,23.39857241800457,34879305.04928218,16.0044179607221,-55.99911179515698,False
Sudan,SDN,2002,23.39857241800457,34879305.04928218,19.1264482521454,-61.39089410561011,False
Sudan,SDN,2003,23.39857241800457,34879305.04928218,18.58704370945312,-71.92626749090309,False
Sudan,SDN,2004,23.39857241800457,34879305.04928218,20.26989444547258,-82.1178847134398,False
Sudan,SDN,2005,23.39857241800457,34879305.04928218,22.99365120321573,-77.1033476146435,False
Sudan,SDN,2006,7.7354532376,34879305.04928218,27.43144870272038,-78.90817910868697,False
Sudan,SDN,2007,8.6463020636,34879305.04928218,30.78118158499316,-122.9361663799118,False
Sudan,SDN,2008,7.6765416045,34879305.04928218,32.58098441286002,-113.8586237980772,False
Sudan,SDN,2009,10.8855983026,34879305.04928218,31.65298928390005,-110.7495244461911,False
Sudan,SDN,2010,9.9762801626,34879305.04928218,32.9293103904825,-121.6928166939464,False
Sudan,SDN,2011,11.2910368953,34879305.04928218,29.15199202069856,-104.2363703200998,False
Sudan,SDN,2012,11.038700943,441469.0,32.59246386875148,-14.3355311743491,False
Sudan,SDN,2013,13.5410576196,447495.0,25.45998638182849,1.129904357859895,False
Sudan,SDN,2014,13.2794294733,434445.0,25.74730007320018,2.035653358200725,False
Sudan,SDN,2015,16.8003269471,481815.0,2.332813319322173,4.169870246949374,False
Sudan,SDN,2016,18.4266047292,465355.0,0.0,5.679396407618516,False
Sudan,SDN,2017,19.1441997628,487336.0,0.0,9.259198497751171,False
Sudan,SDN,2018,10.0265660128,451712.0,0.0,16.26372808160528,False
Sudan,SDN,2019,8.9116560094,422597.0,0.0,15.65563622173941,False
Sudan,SDN,2020,9.5230670592,396267.0,0.0,17.60822807842644,False
Sudan,SDN,2021,8.3825033537,320274.0,0.0,20.83401357371087,False
Sudan,SDN,2022,23.39857241800457,34879305.04928218,0.0,18.85681062732712,False
Sudan,SDN,2023,23.39857241800457,34879305.04928218,0.0,-37.96310870035779,False
Suriname,SUR,2000,23.39857241800457,34879305.04928218,78.13983086680636,-17.48884190744654,False
Suriname,SUR,2001,23.39857241800457,34879305.04928218,78.69776340134939,-16.25880473458726,False
Suriname,SUR,2002,23.39857241800457,34879305.04928218,69.34234641769314,-48.51964651255686,False
Suriname,SUR,2003,23.39857241800457,34879305.04928218,73.5664277863874,-32.15443144990854,False
Suriname,SUR,2004,23.39857241800457,34879305.04928218,76.5176758644287,-14.9049982882574,False
Suriname,SUR,2005,23.39857241800457,34879305.04928218,81.26142026668516,-4.026444552347437,False
Suriname,SUR,2006,8.0805034833,34879305.04928218,76.05849745555811,-20.44072654041291,False
Suriname,SUR,2007,6.7826060028,34879305.04928218,71.78353798961271,-41.62070770097834,False
Suriname,SUR,2008,7.4501982796,34879305.04928218,69.88633142857023,-45.55555555555549,False
Suriname,SUR,2009,7.7445773526,34879305.04928218,70.33896709453218,-44.24645122319541,False
Suriname,SUR,2010,9.5597267774,59583.0,76.65366865076679,-19.37391527929548,False
Suriname,SUR,2011,7.0051469098,97335.0,59.3893978082743,3.354158131913092,False
Suriname,SUR,2012,8.2186723425,103961.0,78.83089807235301,-10.47725017291672,False
Suriname,SUR,2013,8.9402497522,108020.0,54.54950239529668,9.551800146950674,False
Suriname,SUR,2014,9.1981552985,108703.0,51.21056933268182,14.56895149106297,False
Suriname,SUR,2015,9.0477395429,106014.0,-38.67563312678926,4.530070294194225,False
Suriname,SUR,2016,9.0715274736,98652.0,0.0,13.7920496485578,False
Suriname,SUR,2017,9.0157510575,112318.0,0.0,7.642264263815102,False
Suriname,SUR,2018,8.4808088371,110000.0,0.0,1.626016260162658,False
Suriname,SUR,2019,8.9134461255,109200.0,0.0,13.96874572873479,False
Suriname,SUR,2020,8.7807802901,106002.0,0.0,12.90747372068848,False
Suriname,SUR,2021,8.9035387976,109600.0,0.0,14.48625773571164,False
Suriname,SUR,2022,23.39857241800457,103874.0,0.0,17.10053563162645,False
Suriname,SUR,2023,23.39857241800457,104511.0,0.0,12.30452121700949,False
Suriname,SUR,2024,23.39857241800457,105949.0,49.53885920745446,-37.96310870035779,False
Sweden,SWE,1990,23.39857241800457,34879305.04928218,37.29738695735945,38.87007107919415,False
Sweden,SWE,1991,23.39857241800457,34879305.04928218,35.53059986686455,36.4009938509764,False
Sweden,SWE,1992,23.39857241800457,34879305.04928218,36.91041533578864,38.04612130064247,False
Sweden,SWE,1993,23.39857241800457,34879305.04928218,36.87936061287539,39.64346484904851,False
Sweden,SWE,1994,23.39857241800457,34879305.04928218,36.90455841013481,41.27209927426284,False
Sweden,SWE,1995,23.39857241800457,34879305.04928218,36.85513305204569,38.59760186292922,False
Sweden,SWE,1996,23.39857241800457,34879305.04928218,36.71836987177581,41.36589678109988,False
Sweden,SWE,1997,23.39857241800457,34879305.04928218,35.56557179981559,39.47049000814743,False
Sweden,SWE,1998,23.39857241800457,34879305.04928218,34.96422198871523,39.00228259794375,False
Sweden,SWE,1999,23.39857241800457,34879305.04928218,34.7654008496108,36.26883676600352,False
Sweden,SWE,2000,23.39857241800457,34879305.04928218,34.7280706383957,40.50187719437928,False
Sweden,SWE,2001,23.39857241800457,34879305.04928218,33.86031269197063,38.0106007366646,False
Sweden,SWE,2002,23.39857241800457,34879305.04928218,37.29051046175408,38.39784486916247,False
Sweden,SWE,2003,23.39857241800457,34879305.04928218,36.35382174702059,44.90978195112965,False
Sweden,SWE,2004,23.39857241800457,34879305.04928218,34.67999328647593,38.57146797731944,False
Sweden,SWE,2005,23.39857241800457,34879305.04928218,33.80846133431948,39.45640389628619,False
Sweden,SWE,2006,33.9874764462,34879305.04928218,33.39033210652869,39.79433885122612,False
Sweden,SWE,2007,26.8606126171,34879305.04928218,32.49807773300263,38.2973061041952,False
Sweden,SWE,2008,31.2446601341,34879305.04928218,33.0892332801611,40.0701577104912,False
Sweden,SWE,2009,30.1273137487,34879305.04928218,31.930431160513,39.48995651349679,False
Sweden,SWE,2010,30.3791297012,1397145.0,34.32587144475294,39.08383767256136,False
Sweden,SWE,2011,41.4960890933,1495064.0,34.17041130415662,38.45769125109011,False
Sweden,SWE,2012,42.354922725,1501991.0,30.84437992296452,31.47110241480448,False
Sweden,SWE,2013,46.4782300208,1455537.0,29.82822422136837,34.00463859235826,False
Sweden,SWE,2014,46.2184395607,1471086.0,29.58742050910705,34.10361063480482,False
Sweden,SWE,2015,46.3957480403,1457679.0,28.02332122252093,32.88320240117203,False
Sweden,SWE,2016,47.5173120519,1509886.0,0.0,35.36370603122735,False
Sweden,SWE,2017,50.9806406975,1557281.0,0.0,28.6965231394653,False
Sweden,SWE,2018,49.1925303635,1600175.0,0.0,30.74656875766287,False
Sweden,SWE,2019,48.9645093684,1623363.0,0.0,32.01970347600068,False
Sweden,SWE,2020,48.3523875611,1612953.0,0.0,34.44175138846114,False
Sweden,SWE,2021,48.1822269776,1635183.0,0.0,22.54978448395121,False
Sweden,SWE,2022,23.39857241800457,1631248.0,0.0,28.69989148642536,False
Sweden,SWE,2023,23.39857241800457,1598378.0,0.0,27.75240498327449,False
Sweden,SWE,2024,23.39857241800457,1640487.0,0.0,-37.96310870035779,False
Switzerland,CHE,1990,23.39857241800457,34879305.04928218,58.6447123960204,61.68788518793841,False
Switzerland,CHE,1991,23.39857241800457,34879305.04928218,58.89157637847075,61.23403826358008,False
Switzerland,CHE,1992,23.39857241800457,34879305.04928218,58.87437565493725,60.65197601329371,False
Switzerland,CHE,1993,23.39857241800457,34879305.04928218,57.72955849249905,56.44298887877475,False
Switzerland,CHE,1994,23.39857241800457,34879305.04928218,57.7190032796649,56.65503108269747,False
Switzerland,CHE,1995,23.39857241800457,34879305.04928218,56.16481979787273,57.39596344750532,False
Switzerland,CHE,1996,23.39857241800457,34879305.04928218,56.36135052785921,61.35741332404037,False
Switzerland,CHE,1997,23.39857241800457,34879305.04928218,57.41533119680727,59.68897754845644,False
Switzerland,CHE,1998,23.39857241800457,34879305.04928218,57.1073050234759,61.20420515484073,False
Switzerland,CHE,1999,23.39857241800457,34879305.04928218,56.02702013246446,55.93567860116561,False
Switzerland,CHE,2000,23.39857241800457,34879305.04928218,54.58004883517643,56.69455284451465,False
Switzerland,CHE,2001,23.39857241800457,34879305.04928218,56.25223170446796,57.876085415359,False
Switzerland,CHE,2002,23.39857241800457,34879305.04928218,54.70125511361966,58.52103264123544,False
Switzerland,CHE,2003,23.39857241800457,34879305.04928218,54.0425080041321,57.14425537140714,False
Switzerland,CHE,2004,23.39857241800457,34879305.04928218,54.2349451682581,58.54801195330558,False
Switzerland,CHE,2005,23.39857241800457,34879305.04928218,55.76133928502907,63.05553009959309,False
Switzerland,CHE,2006,23.39857241800457,34879305.04928218,54.12136723296761,59.85635757779369,False
Switzerland,CHE,2007,23.39857241800457,104366.0,51.78668213021496,55.19510377523007,False
Switzerland,CHE,2008,23.39857241800457,92464.0,52.80675592280871,58.00880524366063,False
Switzerland,CHE,2009,23.39857241800457,78285.0,53.56485559133414,58.35444899487076,False
Switzerland,CHE,2010,23.39857241800457,99048.0,51.92904197414671,57.46780382698664,False
Switzerland,CHE,2011,23.39857241800457,93371.0,50.77308472706621,57.08001047625203,False
Switzerland,CHE,2012,23.39857241800457,102240.0,51.34729822533315,57.41939427566523,False
Switzerland,CHE,2013,23.39857241800457,104945.0,52.57682326912877,57.3949322962644,False
Switzerland,CHE,2014,23.39857241800457,104482.0,49.20436266797459,53.85016575010941,False
Switzerland,CHE,2015,23.39857241800457,102916.0,50.71845977025897,56.43456601409791,False
Switzerland,CHE,2016,23.39857241800457,114498.0,0.0,60.14777019549615,False
Switzerland,CHE,2017,23.39857241800457,119231.0,0.0,60.58298052540465,False
Switzerland,CHE,2018,23.39857241800457,119133.0,0.0,54.03961197655036,False
Switzerland,CHE,2019,23.39857241800457,121366.0,0.0,55.40321991021693,False
Switzerland,CHE,2020,23.39857241800457,114075.0,0.0,50.53267476110342,False
Switzerland,CHE,2021,23.39857241800457,34879305.04928218,0.0,52.43855307106342,False
Switzerland,CHE,2022,23.39857241800457,34879305.04928218,0.0,51.73384764146535,False
Switzerland,CHE,2023,23.39857241800457,34879305.04928218,0.0,51.73882573224572,False
Switzerland,CHE,2024,23.39857241800457,34879305.04928218,0.0,-37.96310870035779,False
Syrian Arab Republic,SYR,1990,23.39857241800457,34879305.04928218,97.72856237847736,-106.4019297300752,False
Syrian Arab Republic,SYR,1991,23.39857241800457,34879305.04928218,97.94694792626248,-125.3478223523914,False
Syrian Arab Republic,SYR,1992,23.39857241800457,34879305.04928218,97.88799040922034,-138.8389718973298,False
Syrian Arab Republic,SYR,1993,23.39857241800457,34879305.04928218,97.93288104287303,-145.6401619306171,False
Syrian Arab Republic,SYR,1994,23.39857241800457,34879305.04928218,98.0510205297709,-162.586424715746,False
Syrian Arab Republic,SYR,1995,23.39857241800457,34879305.04928218,98.1856067833942,-161.3862168096164,False
Syrian Arab Republic,SYR,1996,23.39857241800457,34879305.04928218,98.25401694932182,-147.7612777631286,False
Syrian Arab Republic,SYR,1997,23.39857241800457,34879305.04928218,98.35786451872724,-136.7154051494016,False
Syrian Arab Republic,SYR,1998,23.39857241800457,34879305.04928218,98.42460290111944,-118.389677076511,False
Syrian Arab Republic,SYR,1999,23.39857241800457,34879305.04928218,98.40621625046766,-124.3504125768442,False
Syrian Arab Republic,SYR,2000,23.39857241800457,34879305.04928218,98.1270722179768,-115.2697675425436,False
Syrian Arab Republic,SYR,2001,23.39857241800457,34879305.04928218,98.0766600348144,-133.3814630323216,False
Syrian Arab Republic,SYR,2002,23.39857241800457,34879305.04928218,98.66486134937088,-153.8247608436405,False
Syrian Arab Republic,SYR,2003,23.39857241800457,34879305.04928218,98.64063837080704,-109.6089416118973,False
Syrian Arab Republic,SYR,2004,23.39857241800457,34879305.04928218,98.14431959657256,-68.48379624833744,False
Syrian Arab Republic,SYR,2005,23.39857241800457,34879305.04928218,98.4428359994378,-33.80420325776602,False
Syrian Arab Republic,SYR,2006,11.773523576,34879305.04928218,98.70004050893812,-8.177417894595065,False
Syrian Arab Republic,SYR,2007,13.6495097797,34879305.04928218,98.48430366336224,-4.181051259251764,False
Syrian Arab Republic,SYR,2008,11.3900913383,34879305.04928218,99.06238130777491,-5.461424406083302,False
Syrian Arab Republic,SYR,2009,14.3961491153,34879305.04928218,99.2711841829875,-11.94545812264699,False
Syrian Arab Republic,SYR,2010,15.9191253288,586283.0,98.97447141289672,-20.17563008533425,False
Syrian Arab Republic,SYR,2011,14.8978858676,524614.0,95.64663827039598,-13.98661716905208,False
Syrian Arab Republic,SYR,2012,13.9641176763,342062.0,87.21913764849761,15.50023492210283,False
Syrian Arab Republic,SYR,2013,14.1961989044,194179.0,99.08528305373336,43.05642052486775,False
Syrian Arab Republic,SYR,2014,14.7569002639,254520.0,97.15926414392835,57.92853862264649,False
Syrian Arab Republic,SYR,2015,12.8748402553,236088.0,44.3704130238728,59.68370603524875,False
Syrian Arab Republic,SYR,2016,14.4390592205,253415.0,0.0,61.74323915343678,False
Syrian Arab Republic,SYR,2017,9.6708023641,291958.0,0.0,66.51536109189966,False
Syrian Arab Republic,SYR,2018,9.4337220519,332532.0,0.0,65.50850873657099,False
Syrian Arab Republic,SYR,2019,8.9802116977,325097.0,0.0,63.09875687827494,False
Syrian Arab Republic,SYR,2020,8.6872746828,243348.0,0.0,60.11877457769803,False
Syrian Arab Republic,SYR,2021,8.3910750562,34879305.04928218,0.0,58.27615299349758,False
Syrian Arab Republic,SYR,2022,23.39857241800457,34879305.04928218,0.0,61.27150186097975,False
Syrian Arab Republic,SYR,2023,23.39857241800457,34879305.04928218,0.0,-37.96310870035779,False
Tajikistan,TJK,1990,23.39857241800457,34879305.04928218,71.31957482607991,62.13112541061058,False
Tajikistan,TJK,1991,23.39857241800457,34879305.04928218,69.64001666462441,64.14656203781335,False
Tajikistan,TJK,1992,23.39857241800457,34879305.04928218,65.2088313593459,58.80338727064163,False
Tajikistan,TJK,1993,23.39857241800457,34879305.04928218,57.72650524781238,48.09685779073522,False
Tajikistan,TJK,1994,23.39857241800457,34879305.04928218,44.04140293177366,38.42313932167908,False
Tajikistan,TJK,1995,23.39857241800457,34879305.04928218,41.0293815554713,40.5141967688261,False
Tajikistan,TJK,1996,23.39857241800457,34879305.04928218,39.37213856057932,37.54544746995185,False
Tajikistan,TJK,1997,23.39857241800457,34879305.04928218,44.52497715254604,42.13056962448933,False
Tajikistan,TJK,1998,23.39857241800457,34879305.04928218,45.00481226282871,43.85903476378459,False
Tajikistan,TJK,1999,23.39857241800457,34879305.04928218,41.45965375134651,38.47598518882121,False
Tajikistan,TJK,2000,23.39857241800457,34879305.04928218,38.5311077870532,41.30306702090984,False
Tajikistan,TJK,2001,23.39857241800457,34879305.04928218,36.92536068206585,39.45195913908242,False
Tajikistan,TJK,2002,23.39857241800457,34879305.04928218,35.52379667426373,36.26758586618482,False
Tajikistan,TJK,2003,23.39857241800457,34879305.04928218,35.16974733270102,32.56065046382999,False
Tajikistan,TJK,2004,23.39857241800457,34879305.04928218,38.7653491687035,36.64832925835386,False
Tajikistan,TJK,2005,23.39857241800457,34879305.04928218,36.72841132999832,34.42482392569139,False
Tajikistan,TJK,2006,23.39857241800457,34879305.04928218,38.30510017818901,37.89597687495049,False
Tajikistan,TJK,2007,23.39857241800457,34879305.04928218,42.58898351873226,39.38683832723574,False
Tajikistan,TJK,2008,23.39857241800457,34879305.04928218,41.55752855126425,40.60799563909637,False
Tajikistan,TJK,2009,23.39857241800457,34879305.04928218,35.64570050746583,31.09547761210768,False
Tajikistan,TJK,2010,23.39857241800457,34879305.04928218,34.60937553296534,30.4959711945902,False
Tajikistan,TJK,2011,23.39857241800457,34879305.04928218,36.25808672103265,30.96710634338566,False
Tajikistan,TJK,2012,23.39857241800457,34879305.04928218,42.03981563466479,29.97655002324782,False
Tajikistan,TJK,2013,23.39857241800457,34879305.04928218,37.25641364337265,27.98625180167918,False
Tajikistan,TJK,2014,23.39857241800457,34879305.04928218,50.75162006428615,32.11150585537326,False
Tajikistan,TJK,2015,23.39857241800457,34879305.04928218,48.56346048535941,31.02733728118468,False
Tajikistan,TJK,2016,23.39857241800457,34879305.04928218,0.0,29.6614364203336,False
Tajikistan,TJK,2017,23.39857241800457,34879305.04928218,0.0,24.17807342970448,False
Tajikistan,TJK,2018,23.39857241800457,34879305.04928218,0.0,25.22067072090677,False
Tajikistan,TJK,2019,23.39857241800457,34879305.04928218,0.0,28.43633610696149,False
Tajikistan,TJK,2020,23.39857241800457,34879305.04928218,0.0,31.8478778741541,False
Tajikistan,TJK,2021,23.39857241800457,34879305.04928218,0.0,30.39591315453374,False
Tajikistan,TJK,2022,23.39857241800457,34879305.04928218,0.0,28.04501406689596,False
Tajikistan,TJK,2023,23.39857241800457,34879305.04928218,0.0,-37.96310870035779,False
Tanzania,TZA,1990,23.39857241800457,34879305.04928218,8.647945087840492,9.947010074247522,False
Tanzania,TZA,1991,23.39857241800457,34879305.04928218,8.412179117675993,9.629309413163288,False
Tanzania,TZA,1992,23.39857241800457,34879305.04928218,7.54484460450646,8.45475990187832,False
Tanzania,TZA,1993,23.39857241800457,34879305.04928218,7.888184404356963,8.424170094814887,False
Tanzania,TZA,1994,23.39857241800457,34879305.04928218,6.624602689781634,7.067958313638922,False
Tanzania,TZA,1995,23.39857241800457,34879305.04928218,8.939518682833391,9.513957784729504,False
Tanzania,TZA,1996,23.39857241800457,34879305.04928218,8.28571129684003,8.787964486493912,False
Tanzania,TZA,1997,23.39857241800457,34879305.04928218,7.668671502945708,8.354626157333817,False
Tanzania,TZA,1998,23.39857241800457,34879305.04928218,6.577208810331059,7.136150421528828,False
Tanzania,TZA,1999,23.39857241800457,34879305.04928218,5.530112176934086,5.934455435909534,False
Tanzania,TZA,2000,23.39857241800457,34879305.04928218,6.037578811661884,-37.96310870035779,False
Tanzania,TZA,2001,23.39857241800457,34879305.04928218,6.425359357646195,-37.96310870035779,False
Tanzania,TZA,2002,23.39857241800457,34879305.04928218,7.04627000566359,-37.96310870035779,False
Tanzania,TZA,2003,23.39857241800457,34879305.04928218,7.113826678021405,-37.96310870035779,False
Tanzania,TZA,2004,23.39857241800457,34879305.04928218,9.547788861160615,-37.96310870035779,False
Tanzania,TZA,2005,23.39857241800457,34879305.04928218,10.38433528824251,-37.96310870035779,False
Tanzania,TZA,2006,12.645974846,34879305.04928218,10.76868536089164,-37.96310870035779,False
Tanzania,TZA,2007,12.3310106699,34879305.04928218,10.48514601317661,-37.96310870035779,False
Tanzania,TZA,2008,10.6427052435,34879305.04928218,10.59692249559263,-37.96310870035779,False
Tanzania,TZA,2009,11.800751538,34879305.04928218,10.07360535954308,-37.96310870035779,False
Tanzania,TZA,2010,12.2283306725,359010.0,11.63250145879278,-37.96310870035779,False
Tanzania,TZA,2011,14.0512156754,439462.0,13.78481520082779,-37.96310870035779,False
Tanzania,TZA,2012,13.1727189985,507185.0,17.15481986888273,13.13032652542902,False
Tanzania,TZA,2013,15.1680140495,553940.0,16.93155649511658,14.04980670234421,False
Tanzania,TZA,2014,13.8426477693,612551.0,17.092543503544,13.03399171860183,False
Tanzania,TZA,2015,18.1086815554,639230.0,18.20336485285652,14.63767085450498,False
Tanzania,TZA,2016,15.4285168573,630290.0,0.0,14.07912646868529,False
Tanzania,TZA,2017,14.7162272078,617266.0,0.0,12.9016480033805,False
Tanzania,TZA,2018,16.9878829883,705231.0,0.0,12.79061247026404,False
Tanzania,TZA,2019,16.0268081861,726431.0,0.0,13.13683546386691,False
Tanzania,TZA,2020,15.6559319296,709881.0,0.0,12.9523057284495,False
Tanzania,TZA,2021,15.8095346846,700000.0,0.0,13.71752903460468,False
Tanzania,TZA,2022,23.39857241800457,700000.0,0.0,12.93385625202131,False
Tanzania,TZA,2023,23.39857241800457,34879305.04928218,0.0,-37.96310870035779,False
Tanzania,TZA,2024,23.39857241800457,985000.0,49.53885920745446,-37.96310870035779,False
Thailand,THA,1990,23.39857241800457,34879305.04928218,63.15930064750098,42.0993535120212,False
Thailand,THA,1991,23.39857241800457,34879305.04928218,64.55411706405232,39.42797738411235,False
Thailand,THA,1992,23.39857241800457,34879305.04928218,66.30658356029082,42.75332433665797,False
Thailand,THA,1993,23.39857241800457,34879305.04928218,71.16278062419714,47.85286066221581,False
Thailand,THA,1994,23.39857241800457,34879305.04928218,74.57147814580394,49.28560992447296,False
Thailand,THA,1995,23.39857241800457,34879305.04928218,75.65986622703174,51.59018974276063,False
Thailand,THA,1996,23.39857241800457,34879305.04928218,77.49910330452072,52.66133303292434,False
Thailand,THA,1997,23.39857241800457,34879305.04928218,78.47825444086645,48.58510807923604,False
Thailand,THA,1998,23.39857241800457,34879305.04928218,78.21073769430757,44.85776207343366,False
Thailand,THA,1999,23.39857241800457,34879305.04928218,78.31649584453942,45.0485136855656,False
Thailand,THA,2000,23.39857241800457,34879305.04928218,78.34727235289326,44.13279605437273,False
Thailand,THA,2001,23.39857241800457,34879305.04928218,80.81288376488706,46.56174271464126,False
Thailand,THA,2002,23.39857241800457,34879305.04928218,81.53637103677592,46.99628998938638,False
Thailand,THA,2003,23.39857241800457,34879305.04928218,81.70054709695674,47.9668949890537,False
Thailand,THA,2004,23.39857241800457,34879305.04928218,81.71554990813843,50.59253371457302,False
Thailand,THA,2005,23.39857241800457,34879305.04928218,81.33098440536472,48.06527598110387,False
Thailand,THA,2006,37.638986124,34879305.04928218,81.1051047199059,47.20996712709422,False
Thailand,THA,2007,38.2991614367,34879305.04928218,81.06937527957786,46.38733267928321,False
Thailand,THA,2008,34.7539941297,34879305.04928218,80.66348552563211,44.11342083422554,False
Thailand,THA,2009,40.9408555545,34879305.04928218,80.24858318511924,44.68207820334732,False
Thailand,THA,2010,43.2725979788,7179449.0,79.97812841826558,43.65946926327103,False
Thailand,THA,2011,39.2502362103,7527975.0,80.23184807257522,44.48123210230709,False
Thailand,THA,2012,39.4913756321,7845500.0,80.12928528192045,43.68255224700041,False
Thailand,THA,2013,43.2529554648,8067988.0,80.63290979223261,43.04054170538264,False
Thailand,THA,2014,41.0570890273,8664572.0,79.54588028512481,44.02403070590198,False
Thailand,THA,2015,43.9635213318,8883542.0,28.54777596035514,46.31939625396991,False
Thailand,THA,2016,43.7158383649,9340560.0,0.0,45.71493389238377,False
Thailand,THA,2017,43.7984357683,9938881.0,0.0,47.65778629851316,False
Thailand,THA,2018,44.7202260322,10371645.0,0.0,51.10077810698473,False
Thailand,THA,2019,51.1957057784,10130294.0,0.0,48.63121177507958,False
Thailand,THA,2020,63.4028058295,9568488.0,0.0,51.23900339043149,False
Thailand,THA,2021,68.9471968408,10436689.0,0.0,53.49746174783553,False
Thailand,THA,2022,23.39857241800457,10497112.0,0.0,57.12451856783267,False
Thailand,THA,2023,23.39857241800457,10313980.0,0.0,57.5142566317877,False
Thailand,THA,2024,23.39857241800457,11432626.0,49.53885920745446,-37.96310870035779,False
Timor-Leste,TLS,2004,23.39857241800457,34879305.04928218,0.0,-37.96310870035779,False
Timor-Leste,TLS,2005,23.39857241800457,34879305.04928218,0.0,-37.96310870035779,False
Timor-Leste,TLS,2006,1.0117849826,34879305.04928218,0.0,-37.96310870035779,False
Timor-Leste,TLS,2007,0.7302569565,34879305.04928218,0.0,-37.96310870035779,False
Timor-Leste,TLS,2008,1.6986111914,34879305.04928218,49.53885920745446,-37.96310870035779,False
Timor-Leste,TLS,2009,1.6986111914,34879305.04928218,49.53885920745446,-37.96310870035779,False
Timor-Leste,TLS,2010,2.5462262122,36816.0,49.53885920745446,-37.96310870035779,False
Timor-Leste,TLS,2011,2.5451776044,41384.0,49.53885920745446,-37.96310870035779,False
Timor-Leste,TLS,2012,5.4645587903,45608.0,49.53885920745446,-37.96310870035779,False
Timor-Leste,TLS,2013,7.0060417165,41845.0,49.53885920745446,-37.96310870035779,False
Timor-Leste,TLS,2014,7.011330511,51822.0,49.53885920745446,-37.96310870035779,False
Timor-Leste,TLS,2015,2.6360601719,49427.0,49.53885920745446,-37.96310870035779,False
Timor-Leste,TLS,2016,2.6635293096,49177.0,49.53885920745446,-37.96310870035779,False
Timor-Leste,TLS,2017,2.6275067839,59004.0,49.53885920745446,-37.96310870035779,False
Timor-Leste,TLS,2018,2.6275067839,47574.0,49.53885920745446,-37.96310870035779,False
Timor-Leste,TLS,2019,2.6275067839,53289.0,49.53885920745446,-37.96310870035779,False
Timor-Leste,TLS,2020,2.6275067839,34879305.04928218,49.53885920745446,-37.96310870035779,False
Timor-Leste,TLS,2021,3.2868576633,34879305.04928218,49.53885920745446,-37.96310870035779,False
Togo,TGO,1990,23.39857241800457,34879305.04928218,15.05908781216297,-37.96310870035779,False
Togo,TGO,1991,23.39857241800457,34879305.04928218,13.32530358448055,-37.96310870035779,False
Togo,TGO,1992,23.39857241800457,34879305.04928218,9.533575915829257,-37.96310870035779,False
Togo,TGO,1993,23.39857241800457,34879305.04928218,6.378257483530124,-37.96310870035779,False
Togo,TGO,1994,23.39857241800457,34879305.04928218,13.2347843435557,-37.96310870035779,False
Togo,TGO,1995,23.39857241800457,34879305.04928218,12.53786561156324,-37.96310870035779,False
Togo,TGO,1996,23.39857241800457,34879305.04928218,17.7954087464981,-37.96310870035779,False
Togo,TGO,1997,23.39857241800457,34879305.04928218,12.63942456469531,-37.96310870035779,False
Togo,TGO,1998,23.39857241800457,34879305.04928218,15.00140297397742,-37.96310870035779,False
Togo,TGO,1999,23.39857241800457,34879305.04928218,17.20570881748564,-37.96310870035779,False
Togo,TGO,2000,23.39857241800457,34879305.04928218,14.8563045821734,-37.96310870035779,False
Togo,TGO,2001,23.39857241800457,34879305.04928218,12.60194654841942,-37.96310870035779,False
Togo,TGO,2002,23.39857241800457,34879305.04928218,13.41171324968774,-37.96310870035779,False
Togo,TGO,2003,23.39857241800457,34879305.04928218,15.83117743587589,-37.96310870035779,False
Togo,TGO,2004,23.39857241800457,34879305.04928218,14.73178355818626,-37.96310870035779,False
Togo,TGO,2005,23.39857241800457,34879305.04928218,13.79186134643234,-37.96310870035779,False
Togo,TGO,2006,12.8012636579,34879305.04928218,12.01048299215435,-37.96310870035779,False
Togo,TGO,2007,12.252566529,34879305.04928218,12.76947586139939,-37.96310870035779,False
Togo,TGO,2008,12.4112547388,34879305.04928218,14.2882051932072,-37.96310870035779,False
Togo,TGO,2009,16.0387441143,34879305.04928218,24.08754853241969,-37.96310870035779,False
Togo,TGO,2010,14.7757952622,339900.0,22.02284710930577,-37.96310870035779,False
Togo,TGO,2011,13.7653922331,352695.0,19.89320779373088,-37.96310870035779,False
Togo,TGO,2012,13.4548673918,288481.0,17.20424489565076,-37.96310870035779,False
Togo,TGO,2013,14.915485345,311470.0,18.36505335704028,-37.96310870035779,False
Togo,TGO,2014,20.0412759994,380798.0,18.5665931102136,-37.96310870035779,False
Togo,TGO,2015,26.5258780484,905700.0,20.11793157337946,-37.96310870035779,False
Togo,TGO,2016,33.1634555371,821639.0,0.0,-37.96310870035779,False
Togo,TGO,2017,33.6902673106,1193841.0,0.0,15.14219661663791,False
Togo,TGO,2018,33.9240085028,1395730.0,0.0,18.04039934989552,False
Togo,TGO,2019,34.6097386822,1500611.0,0.0,-37.96310870035779,False
Togo,TGO,2020,36.572261736,1725270.0,0.0,-37.96310870035779,False
Togo,TGO,2021,36.2431858825,1986131.0,0.0,-37.96310870035779,False
Togo,TGO,2022,23.39857241800457,1952879.0,0.0,-37.96310870035779,False
Togo,TGO,2023,23.39857241800457,1907439.0,0.0,-37.96310870035779,False
Togo,TGO,2024,23.39857241800457,2006435.0,49.53885920745446,-37.96310870035779,False
Tonga,TON,1990,23.39857241800457,34879305.04928218,0.0,-37.96310870035779,False
Tonga,TON,2004,23.39857241800457,34879305.04928218,0.0,-37.96310870035779,False
Tonga,TON,2005,23.39857241800457,34879305.04928218,0.0,-37.96310870035779,False
Tonga,TON,2006,5.2490649619,34879305.04928218,0.0,-37.96310870035779,False
Tonga,TON,2007,4.5100746479,34879305.04928218,0.0,-37.96310870035779,False
Tonga,TON,2008,5.0582483003,34879305.04928218,49.53885920745446,-37.96310870035779,False
Tonga,TON,2009,5.0586361304,34879305.04928218,49.53885920745446,-37.96310870035779,False
Tonga,TON,2010,4.9096526177,48430.9,49.53885920745446,-37.96310870035779,False
Tonga,TON,2011,5.2353085589,57059.0,49.53885920745446,-37.96310870035779,False
Tonga,TON,2012,5.7579988396,67349.47,49.53885920745446,-37.96310870035779,False
Tonga,TON,2013,6.647135749,74744.59,49.53885920745446,-37.96310870035779,False
Tonga,TON,2014,4.9999376492,69196.45,49.53885920745446,-37.96310870035779,False
Tonga,TON,2015,4.8500256791,50407.52,49.53885920745446,-37.96310870035779,False
Tonga,TON,2016,7.3322384692,84702.43,49.53885920745446,-37.96310870035779,False
Tonga,TON,2017,7.2854052315,107381.3,49.53885920745446,-37.96310870035779,False
Tonga,TON,2018,7.0516055746,105190.3,49.53885920745446,-37.96310870035779,False
Tonga,TON,2019,5.0693195299,76853.95,49.53885920745446,-37.96310870035779,False
Tonga,TON,2020,7.4127375232,34879305.04928218,49.53885920745446,-37.96310870035779,False
Tonga,TON,2021,8.0569226449,34879305.04928218,49.53885920745446,-37.96310870035779,False
Trinidad and Tobago,TTO,1990,23.39857241800457,34879305.04928218,98.88150474648155,-106.6445182724252,False
Trinidad and Tobago,TTO,1991,23.39857241800457,34879305.04928218,98.99527199604968,-99.25641159404016,False
Trinidad and Tobago,TTO,1992,23.39857241800457,34879305.04928218,99.08363143539071,-86.90617858994112,False
Trinidad and Tobago,TTO,1993,23.39857241800457,34879305.04928218,49.53885920745446,-90.7420325751282,False
Trinidad and Tobago,TTO,1994,23.39857241800457,34879305.04928218,49.53885920745446,-99.49559369202224,False
Trinidad and Tobago,TTO,1995,23.39857241800457,34879305.04928218,49.53885920745446,-103.8405652468964,False
Trinidad and Tobago,TTO,1996,23.39857241800457,34879305.04928218,98.3176161379899,-69.80753301174293,False
Trinidad and Tobago,TTO,1997,23.39857241800457,34879305.04928218,89.70935138196498,-65.75982983436539,False
Trinidad and Tobago,TTO,1998,23.39857241800457,34879305.04928218,96.63485751130628,-69.07434463973779,False
Trinidad and Tobago,TTO,1999,23.39857241800457,34879305.04928218,99.50835909812764,-68.86608166391626,False
Trinidad and Tobago,TTO,2000,23.39857241800457,34879305.04928218,98.19648760078093,-85.39007498823439,False
Trinidad and Tobago,TTO,2001,23.39857241800457,34879305.04928218,99.24992894415912,-73.96149423796771,False
Trinidad and Tobago,TTO,2002,23.39857241800457,34879305.04928218,99.47302587429864,-86.14222947301701,False
Trinidad and Tobago,TTO,2003,23.39857241800457,34879305.04928218,98.82899550678566,-117.1104997415246,False
Trinidad and Tobago,TTO,2004,23.39857241800457,34879305.04928218,49.53885920745446,-126.0528086719292,False
Trinidad and Tobago,TTO,2005,23.39857241800457,34879305.04928218,99.9648951632985,-109.9915197725932,False
Trinidad and Tobago,TTO,2006,16.5752636004,34879305.04928218,49.53885920745446,-120.3132697597755,False
Trinidad and Tobago,TTO,2007,16.8183937541,34879305.04928218,49.53885920745446,-110.394540973968,False
Trinidad and Tobago,TTO,2008,15.7504270388,34879305.04928218,49.53885920745446,-116.0040762900091,False
Trinidad and Tobago,TTO,2009,20.5075749502,34879305.04928218,49.53885920745446,-119.025874603737,False
Trinidad and Tobago,TTO,2010,21.7527972108,576517.0,49.53885920745446,-111.994535321279,False
Trinidad and Tobago,TTO,2011,19.9905824836,551588.0,49.53885920745446,-102.1896323948274,False
Trinidad and Tobago,TTO,2012,20.2036709493,542346.0,99.48207424867236,-103.3302078276002,False
Trinidad and Tobago,TTO,2013,20.73515875,574119.0,49.53885920745446,-103.1476573144895,False
Trinidad and Tobago,TTO,2014,20.1483335869,593264.0,99.4639829555792,-99.5661133427134,False
Trinidad and Tobago,TTO,2015,19.7155435817,520825.0,62.4204691153537,-90.98620833044536,False
Trinidad and Tobago,TTO,2016,13.4869710214,427427.0,0.0,-87.84945121722912,False
Trinidad and Tobago,TTO,2017,15.6395349069,414657.0,0.0,-89.04277206744288,False
Trinidad and Tobago,TTO,2018,15.3423604905,438703.0,0.0,-98.61200491014604,False
Trinidad and Tobago,TTO,2019,15.8508627094,446232.0,0.0,-99.98296429623662,False
Trinidad and Tobago,TTO,2020,15.5093882313,406778.0,0.0,-98.1954799115316,False
Trinidad and Tobago,TTO,2021,15.093762738,410393.0,0.0,-66.6623603025868,False
Trinidad and Tobago,TTO,2022,23.39857241800457,498544.0,0.0,-75.45733228773133,False
Trinidad and Tobago,TTO,2023,23.39857241800457,545177.0,0.0,-37.96310870035779,False
Tunisia,TUN,1990,23.39857241800457,34879305.04928218,87.01497074993334,-17.52889378095763,False
Tunisia,TUN,1991,23.39857241800457,34879305.04928218,86.44948334950064,-31.45630310682557,False
Tunisia,TUN,1992,23.39857241800457,34879305.04928218,87.6675305954954,-25.72420565336325,False
Tunisia,TUN,1993,23.39857241800457,34879305.04928218,86.74788243210233,-6.903121199837884,False
Tunisia,TUN,1994,23.39857241800457,34879305.04928218,86.88054899404787,4.375927191505715,False
Tunisia,TUN,1995,23.39857241800457,34879305.04928218,86.96466149009909,2.06217804183599,False
Tunisia,TUN,1996,23.39857241800457,34879305.04928218,86.90646928481588,-0.5357276409482808,False
Tunisia,TUN,1997,23.39857241800457,34879305.04928218,86.75996866136292,0.5789457615216387,False
Tunisia,TUN,1998,23.39857241800457,34879305.04928218,87.31042151173027,-0.9278938909566046,False
Tunisia,TUN,1999,23.39857241800457,34879305.04928218,87.15474818769246,8.51106353572454,False
Tunisia,TUN,2000,23.39857241800457,34879305.04928218,87.1063874805083,11.13384740604664,False
Tunisia,TUN,2001,23.39857241800457,34879305.04928218,87.30674745379908,21.35939769521172,False
Tunisia,TUN,2002,23.39857241800457,34879305.04928218,87.06186634431849,20.19383588439538,False
Tunisia,TUN,2003,23.39857241800457,34879305.04928218,86.79403488375402,24.90472861413975,False
Tunisia,TUN,2004,23.39857241800457,34879305.04928218,87.03210988977347,23.55841136000621,False
Tunisia,TUN,2005,23.39857241800457,34879305.04928218,86.31231654727362,21.24806838353151,False
Tunisia,TUN,2006,9.4433602105,34879305.04928218,86.57402631068958,27.25102123792865,False
Tunisia,TUN,2007,9.2734392264,34879305.04928218,86.58154701774546,15.4379651720393,False
Tunisia,TUN,2008,9.1119733352,34879305.04928218,86.68686431898925,23.51442070197216,False
Tunisia,TUN,2009,9.5193092812,34879305.04928218,85.94935055296521,19.0684187056851,False
Tunisia,TUN,2010,10.2784138574,466210.0,87.62350335317899,20.13278085355791,False
Tunisia,TUN,2011,9.8148083399,440121.0,87.93239402510528,25.56558337099836,False
Tunisia,TUN,2012,10.2647118905,456950.0,88.29311184220485,29.38219949016113,False
Tunisia,TUN,2013,10.8371812831,435718.0,88.11633440270357,33.20000549805506,False
Tunisia,TUN,2014,7.5872356645,466412.0,88.20139712308853,39.15072328511419,False
Tunisia,TUN,2015,8.1582243122,471248.0,74.58716857993697,45.18260449065273,False
Tunisia,TUN,2016,7.550631019,489670.0,0.0,47.55480460777319,False
Tunisia,TUN,2017,7.6696157466,480619.0,0.0,52.36213842779528,False
Tunisia,TUN,2018,7.4756725652,493366.0,0.0,54.4610762827666,False
Tunisia,TUN,2019,7.1847949964,474222.0,0.0,57.84013778161423,False
Tunisia,TUN,2020,6.1457124177,483178.0,0.0,55.32361775503384,False
Tunisia,TUN,2021,5.6244635779,469658.0,0.0,53.30718905886789,False
Tunisia,TUN,2022,23.39857241800457,431420.0,0.0,53.14002890084025,False
Tunisia,TUN,2023,23.39857241800457,444714.0,0.0,-37.96310870035779,False
Tunisia,TUN,2024,23.39857241800457,491955.0,49.53885920745446,-37.96310870035779,False
Turkiye,TUR,1990,23.39857241800457,34879305.04928218,83.8011904064177,54.00524247004379,False
Turkiye,TUR,1991,23.39857241800457,34879305.04928218,83.67002541491006,48.22923553523869,False
Turkiye,TUR,1992,23.39857241800457,34879305.04928218,82.57481604179573,50.82095910006136,False
Turkiye,TUR,1993,23.39857241800457,34879305.04928218,82.16394471879804,55.73145900160724,False
Turkiye,TUR,1994,23.39857241800457,34879305.04928218,82.42099438670543,56.176441813404,False
Turkiye,TUR,1995,23.39857241800457,34879305.04928218,83.49899363027501,59.67896850749128,False
Turkiye,TUR,1996,23.39857241800457,34879305.04928218,83.78631928781668,60.94107807372595,False
Turkiye,TUR,1997,23.39857241800457,34879305.04928218,84.56803275168198,60.65040566892145,False
Turkiye,TUR,1998,23.39857241800457,34879305.04928218,84.73848217005384,60.64769623381914,False
Turkiye,TUR,1999,23.39857241800457,34879305.04928218,85.37739376942626,61.44951544939491,False
Turkiye,TUR,2000,23.39857241800457,34879305.04928218,85.87412090159897,66.41189802533424,False
Turkiye,TUR,2001,23.39857241800457,34879305.04928218,86.04907645548265,65.38277307824754,False
Turkiye,TUR,2002,23.39857241800457,34879305.04928218,86.04889566925122,68.80983671427485,False
Turkiye,TUR,2003,23.39857241800457,34879305.04928218,86.14887428536933,71.80146346823636,False
Turkiye,TUR,2004,23.39857241800457,34879305.04928218,86.71121736640039,71.99726582323429,False
Turkiye,TUR,2005,23.39857241800457,34879305.04928218,88.29150177303538,73.60481659509472,False
Turkiye,TUR,2006,34.0967086534,34879305.04928218,89.08381634023964,74.19794841709478,False
Turkiye,TUR,2007,34.6495246476,34879305.04928218,90.20789772847878,75.59779507155245,False
Turkiye,TUR,2008,35.0033428144,34879305.04928218,90.8312552108698,73.67415454388369,False
Turkiye,TUR,2009,37.3148996639,34879305.04928218,89.46063685001329,71.59938312789163,False
Turkiye,TUR,2010,38.8948986087,5743429.0,89.91499910317731,71.81136759308313,False
Turkiye,TUR,2011,47.4079256819,6523059.0,90.76247064865656,72.3455243356568,False
Turkiye,TUR,2012,51.1111480062,7302956.0,89.71314319647252,76.50451534511906,False
Turkiye,TUR,2013,50.9983775126,7977820.0,89.60891068160167,76.70820264886576,False
Turkiye,TUR,2014,55.2830182123,8351069.0,91.38027109974256,78.73347287223696,False
Turkiye,TUR,2015,51.2718060489,8143635.0,87.42797661690335,80.44431967698267,False
Turkiye,TUR,2016,55.838043973,8760769.0,0.0,77.28781811428873,False
Turkiye,TUR,2017,56.7294698488,10001342.0,0.0,79.1725104847079,False
Turkiye,TUR,2018,55.6065271981,10801305.0,0.0,75.83164799125457,False
Turkiye,TUR,2019,57.6743494189,11591414.0,0.0,72.19736329446364,False
Turkiye,TUR,2020,60.8071133037,11626578.0,0.0,71.33300267920862,False
Turkiye,TUR,2021,61.4981173947,12591327.0,0.0,72.12471215023743,False
Turkiye,TUR,2022,23.39857241800457,12366172.0,0.0,72.70412971629898,False
Turkiye,TUR,2023,23.39857241800457,12554581.0,0.0,71.99286005412475,False
Turkiye,TUR,2024,23.39857241800457,13507070.0,0.0,-37.96310870035779,False
Turkmenistan,TKM,1990,23.39857241800457,34879305.04928218,49.53885920745446,-316.4178736989836,False
Turkmenistan,TKM,1991,23.39857241800457,34879305.04928218,49.53885920745446,-387.7325413586483,False
Turkmenistan,TKM,1992,23.39857241800457,34879305.04928218,49.53885920745446,-367.295811578536,False
Turkmenistan,TKM,1993,23.39857241800457,34879305.04928218,49.53885920745446,-444.9671331805843,False
Turkmenistan,TKM,1994,23.39857241800457,34879305.04928218,49.53885920745446,-145.2457103883982,False
Turkmenistan,TKM,1995,23.39857241800457,34879305.04928218,49.53885920745446,-138.3232728775809,False
Turkmenistan,TKM,1996,23.39857241800457,34879305.04928218,49.53885920745446,-172.7675095528426,False
Turkmenistan,TKM,1997,23.39857241800457,34879305.04928218,49.53885920745446,-63.12519564623581,False
Turkmenistan,TKM,1998,23.39857241800457,34879305.04928218,49.53885920745446,-42.1570384379278,False
Turkmenistan,TKM,1999,23.39857241800457,34879305.04928218,49.53885920745446,-75.29111331521368,False
Turkmenistan,TKM,2000,23.39857241800457,34879305.04928218,49.53885920745446,-206.7299930511094,False
Turkmenistan,TKM,2001,23.39857241800457,34879305.04928218,49.53885920745446,-273.2483076509878,False
Turkmenistan,TKM,2002,23.39857241800457,34879305.04928218,49.53885920745446,-374.6767782284863,False
Turkmenistan,TKM,2003,23.39857241800457,34879305.04928218,49.53885920745446,-279.5117137077676,False
Turkmenistan,TKM,2004,23.39857241800457,34879305.04928218,49.53885920745446,-215.2143326750181,False
Turkmenistan,TKM,2005,23.39857241800457,34879305.04928218,49.53885920745446,-240.6009347460042,False
Turkmenistan,TKM,2006,23.39857241800457,34879305.04928218,49.53885920745446,-224.484054948309,False
Turkmenistan,TKM,2007,23.39857241800457,34879305.04928218,49.53885920745446,-256.6288466608058,False
Turkmenistan,TKM,2008,23.39857241800457,34879305.04928218,49.53885920745446,-198.5880943492139,False
Turkmenistan,TKM,2009,23.39857241800457,34879305.04928218,49.53885920745446,-104.2814851288947,False
Turkmenistan,TKM,2010,23.39857241800457,34879305.04928218,49.53885920745446,-105.8714613232396,False
Turkmenistan,TKM,2011,23.39857241800457,34879305.04928218,49.53885920745446,-163.9341133022913,False
Turkmenistan,TKM,2012,23.39857241800457,34879305.04928218,49.53885920745446,-174.8941507479882,False
Turkmenistan,TKM,2013,23.39857241800457,34879305.04928218,49.53885920745446,-223.9744648983932,False
Turkmenistan,TKM,2014,23.39857241800457,34879305.04928218,49.53885920745446,-239.4583275368476,False
Turkmenistan,TKM,2015,23.39857241800457,34879305.04928218,78.96743590662362,-249.2480574387095,False
Turkmenistan,TKM,2016,23.39857241800457,34879305.04928218,0.0,-236.0630339700968,False
Turkmenistan,TKM,2017,23.39857241800457,34879305.04928218,0.0,-230.6738049555403,False
Turkmenistan,TKM,2018,23.39857241800457,34879305.04928218,0.0,-246.8053743831119,False
Turkmenistan,TKM,2019,23.39857241800457,34879305.04928218,0.0,-242.6068168719048,False
Turkmenistan,TKM,2020,23.39857241800457,34879305.04928218,0.0,-228.3074624992657,False
Turkmenistan,TKM,2021,23.39857241800457,34879305.04928218,0.0,-114.799527217808,False
Turkmenistan,TKM,2022,23.39857241800457,34879305.04928218,0.0,-109.7772114436043,False
Turkmenistan,TKM,2023,23.39857241800457,34879305.04928218,0.0,-37.96310870035779,False
Turks and Caicos Islands,TCA,2006,1.3575423665,34879305.04928218,49.53885920745446,-37.96310870035779,False
Turks and Caicos Islands,TCA,2007,1.0976806309,34879305.04928218,49.53885920745446,-37.96310870035779,False
Turks and Caicos Islands,TCA,2019,1.1280819879,34879305.04928218,49.53885920745446,-37.96310870035779,False
Turks and Caicos Islands,TCA,2020,1.1280819879,34879305.04928218,49.53885920745446,-37.96310870035779,False
Turks and Caicos Islands,TCA,2021,1.1280819879,34879305.04928218,49.53885920745446,-37.96310870035779,False
Tuvalu,TUV,2008,2.1678198798,34879305.04928218,49.53885920745446,-37.96310870035779,False
Tuvalu,TUV,2009,1.026003953,34879305.04928218,49.53885920745446,-37.96310870035779,False
Tuvalu,TUV,2010,2.3493618998,1718.749,49.53885920745446,-37.96310870035779,False
Tuvalu,TUV,2011,23.39857241800457,9975.64,49.53885920745446,-37.96310870035779,False
Tuvalu,TUV,2012,3.6213919541,5847.194,49.53885920745446,-37.96310870035779,False
Tuvalu,TUV,2013,2.795752444,24770.21,49.53885920745446,-37.96310870035779,False
Tuvalu,TUV,2014,2.7583650805,13766.17,49.53885920745446,-37.96310870035779,False
Tuvalu,TUV,2015,2.8142027098,13766.17,49.53885920745446,-37.96310870035779,False
Tuvalu,TUV,2016,2.8142027098,15844.34,49.53885920745446,-37.96310870035779,False
Tuvalu,TUV,2017,1.7984434096,6499.85,49.53885920745446,-37.96310870035779,False
Tuvalu,TUV,2018,1.8118770574,6188.291,49.53885920745446,-37.96310870035779,False
Tuvalu,TUV,2019,1.8118770574,5150.0,49.53885920745446,-37.96310870035779,False
Tuvalu,TUV,2020,1.7049561067,34879305.04928218,49.53885920745446,-37.96310870035779,False
Tuvalu,TUV,2021,1.7049561067,34879305.04928218,49.53885920745446,-37.96310870035779,False
Uganda,UGA,1990,23.39857241800457,34879305.04928218,0.0,3.574737126821522,False
Uganda,UGA,1991,23.39857241800457,34879305.04928218,0.0,3.577427598512427,False
Uganda,UGA,1992,23.39857241800457,34879305.04928218,0.0,3.405032045320566,False
Uganda,UGA,1993,23.39857241800457,34879305.04928218,0.0,3.359017948433665,False
Uganda,UGA,1994,23.39857241800457,34879305.04928218,0.0,2.958444826850949,False
Uganda,UGA,1995,23.39857241800457,34879305.04928218,0.0,3.800510915002317,False
Uganda,UGA,1996,23.39857241800457,34879305.04928218,0.0,3.871541213813837,False
Uganda,UGA,1997,23.39857241800457,34879305.04928218,0.0,3.790449369078702,False
Uganda,UGA,1998,23.39857241800457,34879305.04928218,0.0,4.446712856538118,False
Uganda,UGA,1999,23.39857241800457,34879305.04928218,0.0,4.540796299077134,False
Uganda,UGA,2000,23.39857241800457,34879305.04928218,0.0,4.906359810016609,False
Uganda,UGA,2001,23.39857241800457,34879305.04928218,0.0,4.990600281991544,False
Uganda,UGA,2002,23.39857241800457,34879305.04928218,0.0,4.820868775570333,False
Uganda,UGA,2003,23.39857241800457,34879305.04928218,0.0,4.811744773799711,False
Uganda,UGA,2004,23.39857241800457,34879305.04928218,0.0,4.808105771537452,False
Uganda,UGA,2005,23.39857241800457,34879305.04928218,0.0,5.79200850011323,False
Uganda,UGA,2006,23.39857241800457,34879305.04928218,0.0,6.779478971421344,False
Uganda,UGA,2007,23.39857241800457,34879305.04928218,0.0,8.125181483504566,False
Uganda,UGA,2008,23.39857241800457,34879305.04928218,0.0,7.944797369601632,False
Uganda,UGA,2009,23.39857241800457,34879305.04928218,0.0,8.382506677993447,False
Uganda,UGA,2010,23.39857241800457,34879305.04928218,0.0,8.880496140970145,False
Uganda,UGA,2011,23.39857241800457,34879305.04928218,0.0,9.32670750260223,False
Uganda,UGA,2012,23.39857241800457,34879305.04928218,0.0,9.061939280844076,False
Uganda,UGA,2013,23.39857241800457,34879305.04928218,0.0,8.649679555152417,False
Uganda,UGA,2014,23.39857241800457,34879305.04928218,0.0,8.903259971737462,False
Uganda,UGA,2015,23.39857241800457,34879305.04928218,0.0,9.16931174713258,False
Uganda,UGA,2016,23.39857241800457,34879305.04928218,0.0,22.04803319195726,False
Uganda,UGA,2017,23.39857241800457,34879305.04928218,0.0,21.77511339486788,False
Uganda,UGA,2018,23.39857241800457,34879305.04928218,0.0,22.12222120013494,False
Uganda,UGA,2019,23.39857241800457,34879305.04928218,0.0,22.00051469754196,False
Uganda,UGA,2020,23.39857241800457,34879305.04928218,0.0,24.09911182745629,False
Uganda,UGA,2021,23.39857241800457,34879305.04928218,0.0,21.08456489665194,False
Uganda,UGA,2022,23.39857241800457,34879305.04928218,0.0,20.4895150227516,False
Uganda,UGA,2023,23.39857241800457,34879305.04928218,0.0,-37.96310870035779,False
Ukraine,UKR,1990,23.39857241800457,34879305.04928218,91.8253507691287,47.98638102980203,False
Ukraine,UKR,1991,23.39857241800457,34879305.04928218,91.65314070521477,53.69812530771205,False
Ukraine,UKR,1992,23.39857241800457,34879305.04928218,90.67388762121836,50.90616731179076,False
Ukraine,UKR,1993,23.39857241800457,34879305.04928218,88.99443796348594,46.43891909780703,False
Ukraine,UKR,1994,23.39857241800457,34879305.04928218,88.13785693506458,45.53353384676173,False
Ukraine,UKR,1995,23.39857241800457,34879305.04928218,88.01001624481906,50.2468370312444,False
Ukraine,UKR,1996,23.39857241800457,34879305.04928218,85.44760098260504,51.08738994564001,False
Ukraine,UKR,1997,23.39857241800457,34879305.04928218,84.67570222544715,48.12150994192216,False
Ukraine,UKR,1998,23.39857241800457,34879305.04928218,84.27655163091826,45.2085451908046,False
Ukraine,UKR,1999,23.39857241800457,34879305.04928218,85.09158113992284,44.2899719293592,False
Ukraine,UKR,2000,23.39857241800457,34879305.04928218,84.17171471053013,43.07163236629705,False
Ukraine,UKR,2001,23.39857241800457,34879305.04928218,84.34872871885315,43.28233647454697,False
Ukraine,UKR,2002,23.39857241800457,34879305.04928218,84.2802504123054,43.63087988855121,False
Ukraine,UKR,2003,23.39857241800457,34879305.04928218,87.0965582656668,46.5528104358729,False
Ukraine,UKR,2004,23.39857241800457,34879305.04928218,84.69523017769265,45.32729453192516,False
Ukraine,UKR,2005,23.39857241800457,34879305.04928218,84.33911710102898,42.35243308473117,False
Ukraine,UKR,2006,16.1929506932,34879305.04928218,83.09494441960801,41.50575772256305,False
Ukraine,UKR,2007,19.4702604005,34879305.04928218,81.35925530037521,40.99757203782611,False
Ukraine,UKR,2008,19.5629916642,34879305.04928218,80.84764455070955,42.52046819414257,False
Ukraine,UKR,2009,19.8142441033,34879305.04928218,79.07268796609266,36.16711538292895,False
Ukraine,UKR,2010,19.8380426613,690260.0,80.50574997766485,31.65251653285351,False
Ukraine,UKR,2011,24.0317340751,799060.0,79.55574582217699,37.68414190790968,False
Ukraine,UKR,2012,24.1880407026,720301.0,79.26347753837032,31.42744504866196,False
Ukraine,UKR,2013,25.1481509644,787881.0,78.22992078080277,27.03299415137332,False
Ukraine,UKR,2014,26.204618433,670342.0,75.3571271035037,25.9620798341884,False
Ukraine,UKR,2015,25.7066926469,480837.0,65.68814693615333,32.31383098467621,False
Ukraine,UKR,2016,24.2942227833,680623.0,0.0,30.21360059744334,False
Ukraine,UKR,2017,28.1794796318,723575.0,0.0,37.07878705310216,False
Ukraine,UKR,2018,27.5124493353,845152.0,0.0,34.57070220174658,False
Ukraine,UKR,2019,27.2302724674,1007273.0,0.0,36.78168661714329,False
Ukraine,UKR,2020,27.8453440579,1048691.0,0.0,34.05311898048726,False
Ukraine,UKR,2021,28.1617431568,1022376.0,0.0,33.45249986045226,False
Ukraine,UKR,2022,23.39857241800457,34879305.04928218,0.0,23.36906356126355,False
Ukraine,UKR,2023,23.39857241800457,34879305.04928218,0.0,23.59257588316142,False
United Arab Emirates,ARE,1990,23.39857241800457,34879305.04928218,49.53885920745446,-395.2344413530523,False
United Arab Emirates,ARE,1991,23.39857241800457,34879305.04928218,49.53885920745446,-388.9849051800951,False
United Arab Emirates,ARE,1992,23.39857241800457,34879305.04928218,99.94133084340235,-443.5865248697125,False
United Arab Emirates,ARE,1993,23.39857241800457,34879305.04928218,99.9728834168324,-404.286902312264,False
United Arab Emirates,ARE,1994,23.39857241800457,34879305.04928218,49.53885920745446,-360.2812692725627,False
United Arab Emirates,ARE,1995,23.39857241800457,34879305.04928218,49.53885920745446,-345.7371637392299,False
United Arab Emirates,ARE,1996,23.39857241800457,34879305.04928218,99.96296997032938,-332.8714926727183,False
United Arab Emirates,ARE,1997,23.39857241800457,34879305.04928218,49.53885920745446,-333.1046943435292,False
United Arab Emirates,ARE,1998,23.39857241800457,34879305.04928218,49.53885920745446,-333.7593584183349,False
United Arab Emirates,ARE,1999,23.39857241800457,34879305.04928218,49.53885920745446,-307.2413980200926,False
United Arab Emirates,ARE,2000,23.39857241800457,34879305.04928218,49.53885920745446,-362.4749260375337,False
United Arab Emirates,ARE,2001,23.39857241800457,34879305.04928218,92.21394346056802,-237.1734779110487,False
United Arab Emirates,ARE,2002,23.39857241800457,34879305.04928218,92.70304074691347,-227.2377706092428,False
United Arab Emirates,ARE,2003,23.39857241800457,34879305.04928218,92.5878836516192,-262.6359094087668,False
United Arab Emirates,ARE,2004,23.39857241800457,34879305.04928218,49.53885920745446,-282.9020835820455,False
United Arab Emirates,ARE,2005,23.39857241800457,34879305.04928218,99.9794221026998,-271.8772603304657,False
United Arab Emirates,ARE,2006,48.4759793784,34879305.04928218,99.75410269830724,-275.2978898319812,False
United Arab Emirates,ARE,2007,50.7514177572,34879305.04928218,99.75982543785564,-239.1435262788736,False
United Arab Emirates,ARE,2008,58.3127645188,34879305.04928218,99.7852835635948,-189.0374291778006,False
United Arab Emirates,ARE,2009,62.3635843518,34879305.04928218,95.55028674598152,-151.936703989788,False
United Arab Emirates,ARE,2010,61.0506946881,15140524.0,49.53885920745446,-174.8588520419571,False
United Arab Emirates,ARE,2011,61.2757581724,17028713.0,97.68886739707234,-203.9259543837892,False
United Arab Emirates,ARE,2012,65.2144604598,18063296.0,98.4722939131806,-204.3926273124047,False
United Arab Emirates,ARE,2013,63.7287040707,18657222.0,98.35249481969409,-197.7235424148871,False
United Arab Emirates,ARE,2014,64.034032589,20186679.0,80.13354493055922,-153.2507073242083,False
United Arab Emirates,ARE,2015,69.0497396167,21238293.0,22.53484826106161,-144.956335243698,False
United Arab Emirates,ARE,2016,70.0950961659,20652200.0,0.0,-138.1300603982391,False
United Arab Emirates,ARE,2017,71.8084905504,19089706.0,0.0,-163.5627358110683,False
United Arab Emirates,ARE,2018,71.6990324675,18696000.0,0.0,-159.725700134966,False
United Arab Emirates,ARE,2019,72.1336403449,18802000.0,0.0,-157.2515880975782,False
United Arab Emirates,ARE,2020,76.4964988805,18720000.0,0.0,-166.6763044951434,False
United Arab Emirates,ARE,2021,73.942853845,19236164.0,0.0,-148.7793003572756,False
United Arab Emirates,ARE,2022,23.39857241800457,20391675.0,0.0,-171.4823713299917,False
United Arab Emirates,ARE,2023,23.39857241800457,21531172.0,0.0,-37.96310870035779,False
United Arab Emirates,ARE,2024,23.39857241800457,23466906.0,49.53885920745446,-37.96310870035779,False
United Kingdom,GBR,1990,23.39857241800457,34879305.04928218,90.6463001041718,2.298541827444183,False
United Kingdom,GBR,1991,23.39857241800457,34879305.04928218,90.2005741500012,5.219151647665786,False
United Kingdom,GBR,1992,23.39857241800457,34879305.04928218,89.21064057030286,3.988481250568501,False
United Kingdom,GBR,1993,23.39857241800457,34879305.04928218,87.78408243595173,-0.0182420563756344,False
United Kingdom,GBR,1994,23.39857241800457,34879305.04928218,87.7598540701236,-14.50490411481344,False
United Kingdom,GBR,1995,23.39857241800457,34879305.04928218,87.69715778731577,-17.461250259255,False
United Kingdom,GBR,1996,23.39857241800457,34879305.04928218,87.55868607156849,-15.37013409406435,False
United Kingdom,GBR,1997,23.39857241800457,34879305.04928218,86.71725069466618,-16.1803022265627,False
United Kingdom,GBR,1998,23.39857241800457,34879305.04928218,86.76146222340118,-17.29633646564385,False
United Kingdom,GBR,1999,23.39857241800457,34879305.04928218,87.22952388504699,-21.66591128743078,False
United Kingdom,GBR,2000,23.39857241800457,34879305.04928218,88.39519396956506,-18.09904438411509,False
United Kingdom,GBR,2001,23.39857241800457,34879305.04928218,87.811993808683,-10.11106200824273,False
United Kingdom,GBR,2002,23.39857241800457,34879305.04928218,87.80183391181335,-12.63099398094731,False
United Kingdom,GBR,2003,23.39857241800457,34879305.04928218,88.05916996933401,-6.336666104615301,False
United Kingdom,GBR,2004,23.39857241800457,34879305.04928218,88.54722498106518,4.774645662389326,False
United Kingdom,GBR,2005,23.39857241800457,34879305.04928218,88.08121183354694,14.19244488620144,False
United Kingdom,GBR,2006,83.9971158275,34879305.04928218,88.55078107022445,22.49701922932262,False
United Kingdom,GBR,2007,78.1535223597,34879305.04928218,89.56908565120955,21.82270031536311,False
United Kingdom,GBR,2008,75.7862928486,34879305.04928218,89.9598793717778,28.16539746180425,False
United Kingdom,GBR,2009,79.1385745,34879305.04928218,87.41174291543342,28.86627906622139,False
United Kingdom,GBR,2010,79.4154123972,8224935.0,88.0471564659239,30.84692471420874,False
United Kingdom,GBR,2011,76.1210409075,8142319.0,85.51490218902238,39.47336112066535,False
United Kingdom,GBR,2012,77.3644460449,7978028.0,85.52134098026795,46.0055909658311,False
United Kingdom,GBR,2013,76.7402957507,8248439.0,84.26220699164018,50.60833175149316,False
United Kingdom,GBR,2014,83.1412988483,9509757.0,82.97322713563919,49.74316805116595,False
United Kingdom,GBR,2015,85.4534181219,9760060.0,80.08878901138775,40.27756783574284,False
United Kingdom,GBR,2016,83.915209974,10200229.0,0.0,37.95433033537663,False
United Kingdom,GBR,2017,87.6106984031,10239674.0,0.0,38.0304654846969,False
United Kingdom,GBR,2018,86.9488573469,10315140.0,0.0,38.16722491899299,False
United Kingdom,GBR,2019,86.9144390407,10508000.0,0.0,36.53560110035478,False
United Kingdom,GBR,2020,90.9508407349,9732000.0,0.0,28.49943806639273,False
United Kingdom,GBR,2021,89.9953859418,10290181.0,0.0,38.92158140621833,False
United Kingdom,GBR,2022,23.39857241800457,9749676.0,0.0,39.1791428970385,False
United Kingdom,GBR,2023,23.39857241800457,9090140.0,0.0,44.0436184547282,False
United Kingdom,GBR,2024,23.39857241800457,9621469.0,0.0,-37.96310870035779,False
United States,USA,1990,23.39857241800457,34879305.04928218,86.46400591701746,17.85873735529452,False
United States,USA,1991,23.39857241800457,34879305.04928218,85.7129402243362,16.69489325348568,False
United States,USA,1992,23.39857241800457,34879305.04928218,85.59449839733215,18.12523071417525,False
United States,USA,1993,23.39857241800457,34879305.04928218,86.13355004024733,20.87272175067036,False
United States,USA,1994,23.39857241800457,34879305.04928218,85.94257521416053,22.00904912612004,False
United States,USA,1995,23.39857241800457,34879305.04928218,85.50088500290715,20.97101958383118,False
United States,USA,1996,23.39857241800457,34879305.04928218,85.54141641924413,22.07037910195086,False
United States,USA,1997,23.39857241800457,34879305.04928218,86.4934454008247,23.6918673396291,False
United States,USA,1998,23.39857241800457,34879305.04928218,86.12255126829575,25.151158841066,False
United States,USA,1999,23.39857241800457,34879305.04928218,85.81893598369297,25.88803401009002,False
United States,USA,2000,23.39857241800457,34879305.04928218,85.89915104088033,26.67914542981847,False
United States,USA,2001,23.39857241800457,34879305.04928218,86.38617718340251,28.91596854141305,False
United States,USA,2002,23.39857241800457,34879305.04928218,86.2808086234009,27.89630613271106,False
United States,USA,2003,23.39857241800457,34879305.04928218,86.31084917343853,29.26858412347675,False
United States,USA,2004,23.39857241800457,34879305.04928218,86.15756073885285,30.93535014329031,False
United States,USA,2005,23.39857241800457,34879305.04928218,86.05262777476959,31.75849248666352,False
United States,USA,2006,79.7430886401,34879305.04928218,85.66259483439974,31.77379433170321,False
United States,USA,2007,76.2482120313,34879305.04928218,85.63845777016003,30.55072872807457,False
United States,USA,2008,75.4273431808,34879305.04928218,85.00510714492299,27.91841275845327,False
United States,USA,2009,74.8860409869,34879305.04928218,84.19511991631768,25.91200169938629,False
United States,USA,2010,79.088463573,40266221.0,84.12338681384271,24.08502187374681,False
United States,USA,2011,76.8960878468,40813311.0,83.88767367585744,20.67991270233786,False
United States,USA,2012,86.2018362474,41880574.0,83.94460296123712,17.51845285997504,False
United States,USA,2013,88.8347867502,42842995.0,82.97288769928261,14.43308082616085,False
United States,USA,2014,85.5823390349,44635035.0,83.40198975206661,11.69570187900284,False
United States,USA,2015,87.1968295944,46496985.0,82.32581627597875,11.73894467251104,False
United States,USA,2016,82.0461664838,46940227.0,0.0,12.29977735440836,False
United States,USA,2017,85.6698777328,50196165.0,0.0,8.100348134678926,False
United States,USA,2018,92.0496648498,52994177.0,0.0,3.592072116613537,False
United States,USA,2019,95.6156319109,54236516.0,0.0,-0.8987163688080552,False
United States,USA,2020,103.852253372,53059014.0,0.0,-3.965513259633801,False
United States,USA,2021,102.6129324202,60874671.0,0.0,-4.189931016127377,False
United States,USA,2022,23.39857241800457,61191458.0,0.0,-6.495038632340489,False
United States,USA,2023,23.39857241800457,54618858.0,0.0,-9.000585751608305,False
United States,USA,2024,23.39857241800457,59707490.0,0.0,-37.96310870035779,False
Upper middle income,UMC,1960,23.39857241800457,34879305.04928218,44.19907188742386,-37.96310870035779,True
Upper middle income,UMC,1961,23.39857241800457,34879305.04928218,44.15911346707507,-37.96310870035779,True
Upper middle income,UMC,1962,23.39857241800457,34879305.04928218,49.0496657421752,-37.96310870035779,True
Upper middle income,UMC,1963,23.39857241800457,34879305.04928218,51.62627950599133,-37.96310870035779,True
Upper middle income,UMC,1964,23.39857241800457,34879305.04928218,53.97489236859649,-37.96310870035779,True
Upper middle income,UMC,1965,23.39857241800457,34879305.04928218,56.08172970749894,-37.96310870035779,True
Upper middle income,UMC,1966,23.39857241800457,34879305.04928218,59.44922183786405,-37.96310870035779,True
Upper middle income,UMC,1967,23.39857241800457,34879305.04928218,60.62461071181127,-37.96310870035779,True
Upper middle income,UMC,1968,23.39857241800457,34879305.04928218,62.18319546684407,-37.96310870035779,True
Upper middle income,UMC,1969,23.39857241800457,34879305.04928218,64.16108790981964,-37.96310870035779,True
Upper middle income,UMC,1970,23.39857241800457,34879305.04928218,65.65402953079007,-37.96310870035779,True
Upper middle income,UMC,1971,23.39857241800457,34879305.04928218,61.8063543431038,-37.96310870035779,True
Upper middle income,UMC,1972,23.39857241800457,34879305.04928218,62.80547647873793,-37.96310870035779,True
Upper middle income,UMC,1973,23.39857241800457,34879305.04928218,64.11319273499146,-37.96310870035779,True
Upper middle income,UMC,1974,23.39857241800457,34879305.04928218,64.47357468535053,-37.96310870035779,True
Upper middle income,UMC,1975,23.39857241800457,34879305.04928218,66.10265775746542,-37.96310870035779,True
Upper middle income,UMC,1976,23.39857241800457,34879305.04928218,66.96853646399688,-37.96310870035779,True
Upper middle income,UMC,1977,23.39857241800457,34879305.04928218,68.6441760508305,-37.96310870035779,True
Upper middle income,UMC,1978,23.39857241800457,34879305.04928218,70.16483224991721,-37.96310870035779,True
Upper middle income,UMC,1979,23.39857241800457,34879305.04928218,70.3958387100269,-37.96310870035779,True
Upper middle income,UMC,1980,23.39857241800457,34879305.04928218,70.40241478476872,-37.96310870035779,True
Upper middle income,UMC,1981,23.39857241800457,34879305.04928218,70.17191552538296,-37.96310870035779,True
Upper middle income,UMC,1982,23.39857241800457,34879305.04928218,70.71264939753108,-37.96310870035779,True
Upper middle income,UMC,1983,23.39857241800457,34879305.04928218,70.72844893331921,-37.96310870035779,True
Upper middle income,UMC,1984,23.39857241800457,34879305.04928218,71.25907559941282,-37.96310870035779,True
Upper middle income,UMC,1985,23.39857241800457,34879305.04928218,71.56970360824617,-37.96310870035779,True
Upper middle income,UMC,1986,23.39857241800457,34879305.04928218,72.04897584564868,-37.96310870035779,True
Upper middle income,UMC,1987,23.39857241800457,34879305.04928218,72.62085658833968,-37.96310870035779,True
Upper middle income,UMC,1988,23.39857241800457,34879305.04928218,73.25509402157974,-37.96310870035779,True
Upper middle income,UMC,1989,23.39857241800457,34879305.04928218,73.42246630404355,-37.96310870035779,True
Upper middle income,UMC,1990,23.39857241800457,34879305.04928218,78.48132342732751,-17.68053979773921,True
Upper middle income,UMC,1991,23.39857241800457,34879305.04928218,78.21434836558751,-14.87205425695732,True
Upper middle income,UMC,1992,23.39857241800457,34879305.04928218,78.10671135203229,-14.9953323341964,True
Upper middle income,UMC,1993,23.39857241800457,34879305.04928218,78.07100515883188,-15.68760278176819,True
Upper middle income,UMC,1994,23.39857241800457,34879305.04928218,77.8962308069592,-16.1345433780254,True
Upper middle income,UMC,1995,23.39857241800457,34879305.04928218,78.82084319963032,-15.29517780597673,True
Upper middle income,UMC,1996,23.39857241800457,34879305.04928218,78.82136353107111,-15.97107759717191,True
Upper middle income,UMC,1997,23.39857241800457,34879305.04928218,78.99377196925415,-16.52006568613465,True
Upper middle income,UMC,1998,23.39857241800457,34879305.04928218,79.21586745149074,-19.65889266589812,True
Upper middle income,UMC,1999,23.39857241800457,34879305.04928218,79.39975716703398,-20.95886495038007,True
Upper middle income,UMC,2000,23.39857241800457,34879305.04928218,80.33497754944064,-21.07375253503926,True
Upper middle income,UMC,2001,23.39857241800457,34879305.04928218,81.25763144182011,-21.54005711945715,True
Upper middle income,UMC,2002,23.39857241800457,34879305.04928218,81.67406736089589,-20.08463161842266,True
Upper middle income,UMC,2003,23.39857241800457,34879305.04928218,82.51613238138233,-18.09952548921129,True
Upper middle income,UMC,2004,23.39857241800457,34879305.04928218,83.71714405356408,-16.03628937191467,True
Upper middle income,UMC,2005,23.39857241800457,34879305.04928218,84.76928908722454,-15.78555899746852,True
Upper middle income,UMC,2006,23.39857241800457,34879305.04928218,84.99490772950465,-14.885544119434,True
Upper middle income,UMC,2007,23.39857241800457,34879305.04928218,85.48291050837558,-13.06012183011709,True
Upper middle income,UMC,2008,23.39857241800457,34879305.04928218,85.93831177137167,-11.58725089338678,True
Upper middle income,UMC,2009,23.39857241800457,34879305.04928218,86.40090264589743,-9.527115814119227,True
Upper middle income,UMC,2010,23.39857241800457,225465064.905,87.08696294020467,-7.713649932441424,True
Upper middle income,UMC,2011,23.39857241800457,250680845.022,87.3757922687527,-5.589484078230194,True
Upper middle income,UMC,2012,23.39857241800457,269884826.151,87.48561014558875,-4.257037542009328,True
Upper middle income,UMC,2013,23.39857241800457,283220543.412,87.28170802346081,-2.42059752906491,True
Upper middle income,UMC,2014,23.39857241800457,298968821.162,86.42794737142096,-1.025654357083849,True
Upper middle income,UMC,2015,23.39857241800457,310387023.9572,64.26933623839767,-1.096585544553633,True
Upper middle income,UMC,2016,23.39857241800457,321882389.0171999,0.0,-1.664730457820419,True
Upper middle income,UMC,2017,23.39857241800457,345234662.7941999,0.0,-1.128853936312415,True
Upper middle income,UMC,2018,23.39857241800457,364862031.6352,0.0,0.6540870800670984,True
Upper middle income,UMC,2019,23.39857241800457,376015596.96,0.0,2.451198938277273,True
Upper middle income,UMC,2020,23.39857241800457,374176092.25,0.0,4.901851663569278,True
Upper middle income,UMC,2021,23.39857241800457,403074216.0,0.0,5.039889554908386,True
Upper middle income,UMC,2022,23.39857241800457,414975882.0,0.0,4.299177920374928,True
Upper middle income,UMC,2023,23.39857241800457,427388270.0,0.0,11.29176471816252,True
Upper middle income,UMC,2024,23.39857241800457,465495589.0,0.0,-37.96310870035779,True
Uruguay,URY,1990,23.39857241800457,34879305.04928218,58.71250954843139,52.2673943280636,False
Uruguay,URY,1991,23.39857241800457,34879305.04928218,61.72558393470441,64.175058473523,False
Uruguay,URY,1992,23.39857241800457,34879305.04928218,64.08654380529677,62.62897326212672,False
Uruguay,URY,1993,23.39857241800457,34879305.04928218,60.35943481796669,54.57741126396583,False
Uruguay,URY,1994,23.39857241800457,34879305.04928218,56.98585972455538,63.80152140406697,False
Uruguay,URY,1995,23.39857241800457,34879305.04928218,60.79445203566382,79.35885158567113,False
Uruguay,URY,1996,23.39857241800457,34879305.04928218,65.51668962693255,74.04964108785782,False
Uruguay,URY,1997,23.39857241800457,34879305.04928218,64.15215394795659,73.24825447368852,False
Uruguay,URY,1998,23.39857241800457,34879305.04928218,64.64992151837414,66.27176015473883,False
Uruguay,URY,1999,23.39857241800457,34879305.04928218,70.21833738214217,81.6888731500745,False
Uruguay,URY,2000,23.39857241800457,34879305.04928218,65.03780025901833,74.34551341350587,False
Uruguay,URY,2001,23.39857241800457,34879305.04928218,58.62313010171769,67.96036478428613,False
Uruguay,URY,2002,23.39857241800457,34879305.04928218,55.93943417782332,54.77585604966907,False
Uruguay,URY,2003,23.39857241800457,34879305.04928218,55.20021872387503,71.97336163737654,False
Uruguay,URY,2004,23.39857241800457,34879305.04928218,62.45710104811357,85.53108584675321,False
Uruguay,URY,2005,23.39857241800457,34879305.04928218,62.12389304490454,73.3928585588659,False
Uruguay,URY,2006,18.6136384247,34879305.04928218,66.13597141369975,84.23853681779876,False
Uruguay,URY,2007,19.178253195,34879305.04928218,60.29128053993141,67.38642963747185,False
Uruguay,URY,2008,18.446054048,34879305.04928218,63.87490894352221,72.40308581354556,False
Uruguay,URY,2009,22.5490367922,34879305.04928218,60.3102893875428,75.05031916728949,False
Uruguay,URY,2010,22.2761455032,608712.0,50.21804802205452,62.73521820741424,False
Uruguay,URY,2011,25.3045380203,861164.0,56.06816189636715,64.44742434155393,False
Uruguay,URY,2012,27.440455093,753889.0,57.69389312100836,72.06837780773834,False
Uruguay,URY,2013,26.5834499055,826962.0,52.79896543753181,55.38559526090394,False
Uruguay,URY,2014,29.9790611252,775651.0,46.4912621053106,49.83731268044554,False
Uruguay,URY,2015,28.2729691385,811297.0,5.862567416863157,48.12894756867823,False
Uruguay,URY,2016,29.8976744985,888119.0,0.0,44.32439083298778,False
Uruguay,URY,2017,30.8657480405,939427.0,0.0,39.29093941907173,False
Uruguay,URY,2018,30.5488209387,797874.0,0.0,43.9215686274509,False
Uruguay,URY,2019,31.2282136175,749562.0,0.0,38.90906767905373,False
Uruguay,URY,2020,31.5878780135,764797.0,0.0,44.75199464119398,False
Uruguay,URY,2021,35.188239069,977922.0,0.0,41.97787915193442,False
Uruguay,URY,2022,23.39857241800457,1080445.0,0.0,46.20689356430275,False
Uruguay,URY,2023,23.39857241800457,1120000.0,0.0,-37.96310870035779,False
Uruguay,URY,2024,23.39857241800457,1115000.0,49.53885920745446,-37.96310870035779,False
Uzbekistan,UZB,1990,23.39857241800457,34879305.04928218,97.01607396874611,18.44763581788071,False
Uzbekistan,UZB,1991,23.39857241800457,34879305.04928218,99.06188789797362,18.56030927220018,False
Uzbekistan,UZB,1992,23.39857241800457,34879305.04928218,99.2741498377613,9.955571516193524,False
Uzbekistan,UZB,1993,23.39857241800457,34879305.04928218,99.22184738813915,8.83985673694232,False
Uzbekistan,UZB,1994,23.39857241800457,34879305.04928218,99.31652072503242,0.2488792185594606,False
Uzbekistan,UZB,1995,23.39857241800457,34879305.04928218,49.53885920745446,-9.329985816845108,False
Uzbekistan,UZB,1996,23.39857241800457,34879305.04928218,49.53885920745446,-11.13870715684589,False
Uzbekistan,UZB,1997,23.39857241800457,34879305.04928218,49.53885920745446,-15.42852242300618,False
Uzbekistan,UZB,1998,23.39857241800457,34879305.04928218,49.53885920745446,-9.929522006123106,False
Uzbekistan,UZB,1999,23.39857241800457,34879305.04928218,49.53885920745446,-8.5330229586015,False
Uzbekistan,UZB,2000,23.39857241800457,34879305.04928218,49.53885920745446,-9.135461651151504,False
Uzbekistan,UZB,2001,23.39857241800457,34879305.04928218,49.53885920745446,-8.972412105758613,False
Uzbekistan,UZB,2002,23.39857241800457,34879305.04928218,49.53885920745446,-6.163600631527168,False
Uzbekistan,UZB,2003,23.39857241800457,34879305.04928218,49.53885920745446,-10.30700380284308,False
Uzbekistan,UZB,2004,23.39857241800457,34879305.04928218,49.53885920745446,-14.33659591861559,False
Uzbekistan,UZB,2005,23.39857241800457,34879305.04928218,49.53885920745446,-19.53287073662367,False
Uzbekistan,UZB,2006,23.39857241800457,34879305.04928218,49.53885920745446,-20.65654905118989,False
Uzbekistan,UZB,2007,23.39857241800457,34879305.04928218,49.53885920745446,-23.10034200940916,False
Uzbekistan,UZB,2008,23.39857241800457,34879305.04928218,49.53885920745446,-23.49918482265113,False
Uzbekistan,UZB,2009,23.39857241800457,34879305.04928218,49.53885920745446,-30.14006535234558,False
Uzbekistan,UZB,2010,23.39857241800457,34879305.04928218,93.24110627460846,-20.08514909014065,False
Uzbekistan,UZB,2011,23.39857241800457,34879305.04928218,49.53885920745446,-13.1387487595104,False
Uzbekistan,UZB,2012,23.39857241800457,34879305.04928218,49.53885920745446,-25.59465478317848,False
Uzbekistan,UZB,2013,23.39857241800457,34879305.04928218,49.53885920745446,-20.7386196271376,False
Uzbekistan,UZB,2014,23.39857241800457,34879305.04928218,49.53885920745446,-18.50460227265485,False
Uzbekistan,UZB,2015,23.39857241800457,34879305.04928218,49.53885920745446,-21.65159844037694,False
Uzbekistan,UZB,2016,23.39857241800457,34879305.04928218,0.0,-19.2502939633838,False
Uzbekistan,UZB,2017,23.39857241800457,34879305.04928218,0.0,-15.47089203115008,False
Uzbekistan,UZB,2018,23.39857241800457,34879305.04928218,0.0,-25.34153738366257,False
Uzbekistan,UZB,2019,23.39857241800457,34879305.04928218,0.0,-19.67985666671182,False
Uzbekistan,UZB,2020,23.39857241800457,34879305.04928218,0.0,1.019314885680973,False
Uzbekistan,UZB,2021,23.39857241800457,34879305.04928218,0.0,0.7210529172010107,False
Uzbekistan,UZB,2022,23.39857241800457,34879305.04928218,0.0,1.547589540982022,False
Uzbekistan,UZB,2023,23.39857241800457,34879305.04928218,0.0,-37.96310870035779,False
Vanuatu,VUT,1990,23.39857241800457,34879305.04928218,0.0,-37.96310870035779,False
Vanuatu,VUT,2004,23.39857241800457,34879305.04928218,0.0,-37.96310870035779,False
Vanuatu,VUT,2005,23.39857241800457,34879305.04928218,0.0,-37.96310870035779,False
Vanuatu,VUT,2006,6.1842732137,34879305.04928218,0.0,-37.96310870035779,False
Vanuatu,VUT,2007,6.0337393709,34879305.04928218,0.0,-37.96310870035779,False
Vanuatu,VUT,2008,6.7506559005,34879305.04928218,49.53885920745446,-37.96310870035779,False
Vanuatu,VUT,2009,4.5358838486,34879305.04928218,49.53885920745446,-37.96310870035779,False
Vanuatu,VUT,2010,4.0211637114,18040.23,49.53885920745446,-37.96310870035779,False
Vanuatu,VUT,2011,6.0464509544,64662.55,49.53885920745446,-37.96310870035779,False
Vanuatu,VUT,2012,6.4783286866,60341.86,49.53885920745446,-37.96310870035779,False
Vanuatu,VUT,2013,8.4458891962,122539.9,49.53885920745446,-37.96310870035779,False
Vanuatu,VUT,2014,7.7898948613,141788.1,49.53885920745446,-37.96310870035779,False
Vanuatu,VUT,2015,7.5612287734,120491.6,49.53885920745446,-37.96310870035779,False
Vanuatu,VUT,2016,7.8472088335,115886.9,49.53885920745446,-37.96310870035779,False
Vanuatu,VUT,2017,7.2489616976,114552.6,49.53885920745446,-37.96310870035779,False
Vanuatu,VUT,2018,7.071279667,106680.4,49.53885920745446,-37.96310870035779,False
Vanuatu,VUT,2019,7.3722204523,77435.86,49.53885920745446,-37.96310870035779,False
Vanuatu,VUT,2020,7.3708691577,34879305.04928218,49.53885920745446,-37.96310870035779,False
Vanuatu,VUT,2021,7.4358878441,34879305.04928218,49.53885920745446,-37.96310870035779,False
"Venezuela, RB",VEN,1990,23.39857241800457,34879305.04928218,90.44581326451868,-257.3288835632101,False
"Venezuela, RB",VEN,1991,23.39857241800457,34879305.04928218,89.22874281952919,-37.96310870035779,False
"Venezuela, RB",VEN,1992,23.39857241800457,34879305.04928218,89.84514178241041,-37.96310870035779,False
"Venezuela, RB",VEN,1993,23.39857241800457,34879305.04928218,89.11892514701998,-37.96310870035779,False
"Venezuela, RB",VEN,1994,23.39857241800457,34879305.04928218,89.92708168501545,-37.96310870035779,False
"Venezuela, RB",VEN,1995,23.39857241800457,34879305.04928218,89.1904890762816,-37.96310870035779,False
"Venezuela, RB",VEN,1996,23.39857241800457,34879305.04928218,89.42887047945682,-322.435108585596,False
"Venezuela, RB",VEN,1997,23.39857241800457,34879305.04928218,88.73805426578406,-37.96310870035779,False
"Venezuela, RB",VEN,1998,23.39857241800457,34879305.04928218,89.16705401713168,-331.6111824017175,False
"Venezuela, RB",VEN,1999,23.39857241800457,34879305.04928218,76.22375425366498,-262.25008728227,False
"Venezuela, RB",VEN,2000,23.39857241800457,34879305.04928218,77.03385806948562,-270.1594440268146,False
"Venezuela, RB",VEN,2001,23.39857241800457,34879305.04928218,86.27819549390027,-304.793764322681,False
"Venezuela, RB",VEN,2002,23.39857241800457,34879305.04928218,76.80101023805337,-208.9384726260025,False
"Venezuela, RB",VEN,2003,23.39857241800457,34879305.04928218,74.73642900968504,-212.9298276687974,False
"Venezuela, RB",VEN,2004,23.39857241800457,34879305.04928218,81.72700968980686,-257.8114397186857,False
"Venezuela, RB",VEN,2005,23.39857241800457,34879305.04928218,77.07676280494891,-261.5327175893111,False
"Venezuela, RB",VEN,2006,24.4174974656,34879305.04928218,84.84519255550406,-245.8258353426471,False
"Venezuela, RB",VEN,2007,23.8404283548,34879305.04928218,75.83875195177794,-230.3572267071213,False
"Venezuela, RB",VEN,2008,22.6821781401,34879305.04928218,86.10241438643045,-237.6045746559642,False
"Venezuela, RB",VEN,2009,22.5667401679,34879305.04928218,89.62322520486256,-220.7448979975422,False
"Venezuela, RB",VEN,2010,21.8205115098,1071686.0,86.07292763970466,-166.820270959998,False
"Venezuela, RB",VEN,2011,21.0798474275,1343500.0,87.84195314440487,-200.4419321685504,False
"Venezuela, RB",VEN,2012,22.4870874672,1569841.0,95.4933493525518,-189.7084384695805,False
"Venezuela, RB",VEN,2013,22.7834538203,1441673.0,80.32726892761353,-160.4508893991157,False
"Venezuela, RB",VEN,2014,15.9707384923,933380.0,90.1216070050478,-190.94256301978,False
"Venezuela, RB",VEN,2015,14.1687046434,734185.0,3.023608114243541,-186.8458808681009,False
"Venezuela, RB",VEN,2016,12.9176993303,400962.0,0.0,-188.1241327449775,False
"Venezuela, RB",VEN,2017,11.8422914291,354540.0,0.0,-170.1046773552413,False
"Venezuela, RB",VEN,2018,12.0288827866,592374.0,0.0,-176.9847024544937,False
"Venezuela, RB",VEN,2019,11.1109136137,317850.0,0.0,-114.7484203523144,False
"Venezuela, RB",VEN,2020,11.0099952327,344116.0,0.0,-86.8957784593866,False
"Venezuela, RB",VEN,2021,7.3642450277,221801.0,0.0,-74.67373452141089,False
"Venezuela, RB",VEN,2022,23.39857241800457,34879305.04928218,0.0,-73.90847133579186,False
"Venezuela, RB",VEN,2023,23.39857241800457,34879305.04928218,0.0,-37.96310870035779,False
Viet Nam,VNM,1990,23.39857241800457,34879305.04928218,27.62433304318027,-0.9392978591440636,False
Viet Nam,VNM,1991,23.39857241800457,34879305.04928218,26.82214268238275,-11.11628373156649,False
Viet Nam,VNM,1992,23.39857241800457,34879305.04928218,28.10191137829825,-17.27971556148559,False
Viet Nam,VNM,1993,23.39857241800457,34879305.04928218,30.36284444004468,-14.06518929116253,False
Viet Nam,VNM,1994,23.39857241800457,34879305.04928218,33.60864179412891,-17.52981371663706,False
Viet Nam,VNM,1995,23.39857241800457,34879305.04928218,36.99960837444428,-21.53059454009158,False
Viet Nam,VNM,1996,23.39857241800457,34879305.04928218,39.58542046127079,-23.75919649499874,False
Viet Nam,VNM,1997,23.39857241800457,34879305.04928218,42.44638854943315,-24.62698303108416,False
Viet Nam,VNM,1998,23.39857241800457,34879305.04928218,44.66485976561718,-29.34958266897483,False
Viet Nam,VNM,1999,23.39857241800457,34879305.04928218,44.46757458515926,-36.77181134114555,False
Viet Nam,VNM,2000,23.39857241800457,34879305.04928218,46.26898396626355,-33.98820515974392,False
Viet Nam,VNM,2001,23.39857241800457,34879305.04928218,47.90945937044021,-35.87949974438587,False
Viet Nam,VNM,2002,23.39857241800457,34879305.04928218,52.26660463158408,-32.27726378409664,False
Viet Nam,VNM,2003,23.39857241800457,34879305.04928218,53.51007400617396,-29.24566354658313,False
Viet Nam,VNM,2004,23.39857241800457,34879305.04928218,58.21631452685653,-41.12353068347503,False
Viet Nam,VNM,2005,23.39857241800457,34879305.04928218,60.4711674241845,-41.56319950951188,False
Viet Nam,VNM,2006,20.9302541322,34879305.04928218,60.65040891349841,-51.52277360036652,False
Viet Nam,VNM,2007,22.0404183503,34879305.04928218,62.63628262102544,-42.31035225856461,False
Viet Nam,VNM,2008,23.1841216562,34879305.04928218,64.43936280193819,-21.80398169383487,False
Viet Nam,VNM,2009,33.6598645886,34879305.04928218,66.64320950457902,-26.04710525346717,False
Viet Nam,VNM,2010,43.3204531899,6431032.0,70.69722806513766,-12.62707094617045,False
Viet Nam,VNM,2011,48.5436340789,6885023.0,68.705625900106,-9.679869675988243,False
Viet Nam,VNM,2012,42.3013614123,7505641.0,67.49737663328426,-11.5275567021365,False
Viet Nam,VNM,2013,42.5745303429,8035812.0,68.47347061451373,-7.966598617838749,False
Viet Nam,VNM,2014,44.0579415987,9473429.0,69.45218879468239,-0.4230155097534114,False
Viet Nam,VNM,2015,57.532561233,10615391.0,72.54715572780822,8.250979815924495,False
Viet Nam,VNM,2016,59.0761976148,11282230.0,0.0,16.01612417346767,False
Viet Nam,VNM,2017,59.4176421947,12382524.0,0.0,18.92780388933554,False
Viet Nam,VNM,2018,66.7544342974,13394390.0,0.0,26.85300987388271,False
Viet Nam,VNM,2019,61.3911660153,15297028.0,0.0,39.20704780010195,False
Viet Nam,VNM,2020,79.7780778121,16394723.0,0.0,46.42528565360634,False
Viet Nam,VNM,2021,77.4735324778,19821048.0,0.0,33.97497062577449,False
Viet Nam,VNM,2022,23.39857241800457,20519284.0,0.0,33.99919478309391,False
Viet Nam,VNM,2023,23.39857241800457,21069746.0,0.0,-37.96310870035779,False
Viet Nam,VNM,2024,23.39857241800457,24423183.0,49.53885920745446,-37.96310870035779,False
Virgin Islands (U.S.),VIR,2006,5.6680563724,34879305.04928218,49.53885920745446,-37.96310870035779,False
Virgin Islands (U.S.),VIR,2007,5.2209548137,34879305.04928218,49.53885920745446,-37.96310870035779,False
Virgin Islands (U.S.),VIR,2008,5.2209548137,34879305.04928218,49.53885920745446,-37.96310870035779,False
Virgin Islands (U.S.),VIR,2009,5.2209548137,34879305.04928218,49.53885920745446,-37.96310870035779,False
Virgin Islands (U.S.),VIR,2010,5.1288326588,34879305.04928218,49.53885920745446,-37.96310870035779,False
Virgin Islands (U.S.),VIR,2011,5.4736845866,34879305.04928218,49.53885920745446,-37.96310870035779,False
Virgin Islands (U.S.),VIR,2012,5.8614980122,34879305.04928218,49.53885920745446,-37.96310870035779,False
Virgin Islands (U.S.),VIR,2013,5.8614980122,34879305.04928218,49.53885920745446,-37.96310870035779,False
Virgin Islands (U.S.),VIR,2014,5.8178066536,34879305.04928218,49.53885920745446,-37.96310870035779,False
Virgin Islands (U.S.),VIR,2015,5.8709454763,34879305.04928218,49.53885920745446,-37.96310870035779,False
Virgin Islands (U.S.),VIR,2016,5.8387405285,34879305.04928218,49.53885920745446,-37.96310870035779,False
Virgin Islands (U.S.),VIR,2017,5.8868831879,34879305.04928218,49.53885920745446,-37.96310870035779,False
Virgin Islands (U.S.),VIR,2018,5.9785818327,34879305.04928218,49.53885920745446,-37.96310870035779,False
Virgin Islands (U.S.),VIR,2019,5.7285412411,34879305.04928218,49.53885920745446,-37.96310870035779,False
Virgin Islands (U.S.),VIR,2020,5.7285412411,34879305.04928218,49.53885920745446,-37.96310870035779,False
Virgin Islands (U.S.),VIR,2021,5.2345400353,34879305.04928218,49.53885920745446,-37.96310870035779,False
World,WLD,1960,23.39857241800457,34879305.04928218,94.1345468013334,-37.96310870035779,True
World,WLD,1961,23.39857241800457,34879305.04928218,94.09571954319732,-37.96310870035779,True
World,WLD,1962,23.39857241800457,34879305.04928218,94.21763356720116,-37.96310870035779,True
World,WLD,1963,23.39857241800457,34879305.04928218,94.42413857295968,-37.96310870035779,True
World,WLD,1964,23.39857241800457,34879305.04928218,94.5373993024794,-37.96310870035779,True
World,WLD,1965,23.39857241800457,34879305.04928218,94.52379554232208,-37.96310870035779,True
World,WLD,1966,23.39857241800457,34879305.04928218,94.43048498457712,-37.96310870035779,True
World,WLD,1967,23.39857241800457,34879305.04928218,94.5663452541218,-37.96310870035779,True
World,WLD,1968,23.39857241800457,34879305.04928218,94.56557653806485,-37.96310870035779,True
World,WLD,1969,23.39857241800457,34879305.04928218,94.63801786260348,-37.96310870035779,True
World,WLD,1970,23.39857241800457,34879305.04928218,94.54807463236828,-37.96310870035779,True
World,WLD,1971,23.39857241800457,34879305.04928218,84.45071747939836,-37.96310870035779,True
World,WLD,1972,23.39857241800457,34879305.04928218,84.33545928495717,-37.96310870035779,True
World,WLD,1973,23.39857241800457,34879305.04928218,84.77311851172902,-37.96310870035779,True
World,WLD,1974,23.39857241800457,34879305.04928218,84.14968301707509,-37.96310870035779,True
World,WLD,1975,23.39857241800457,34879305.04928218,83.40228818641087,-37.96310870035779,True
World,WLD,1976,23.39857241800457,34879305.04928218,83.80503982254297,-37.96310870035779,True
World,WLD,1977,23.39857241800457,34879305.04928218,83.45717019694251,-37.96310870035779,True
World,WLD,1978,23.39857241800457,34879305.04928218,83.2709060539513,-37.96310870035779,True
World,WLD,1979,23.39857241800457,34879305.04928218,83.34838381867806,-37.96310870035779,True
World,WLD,1980,23.39857241800457,34879305.04928218,82.69029401525746,-37.96310870035779,True
World,WLD,1981,23.39857241800457,34879305.04928218,81.6731536940524,-37.96310870035779,True
World,WLD,1982,23.39857241800457,34879305.04928218,80.98839022910688,-37.96310870035779,True
World,WLD,1983,23.39857241800457,34879305.04928218,80.31095870498315,-37.96310870035779,True
World,WLD,1984,23.39857241800457,34879305.04928218,79.76756585558564,-37.96310870035779,True
World,WLD,1985,23.39857241800457,34879305.04928218,79.05676152464945,-37.96310870035779,True
World,WLD,1986,23.39857241800457,34879305.04928218,78.75818184161186,-37.96310870035779,True
World,WLD,1987,23.39857241800457,34879305.04928218,78.71931253380325,-37.96310870035779,True
World,WLD,1988,23.39857241800457,34879305.04928218,78.74699658260548,-37.96310870035779,True
World,WLD,1989,23.39857241800457,34879305.04928218,78.72607376098044,-37.96310870035779,True
World,WLD,1990,23.39857241800457,34879305.04928218,81.28243256901699,-0.54257987122293,True
World,WLD,1991,23.39857241800457,34879305.04928218,80.90462970254069,0.8586081479510076,True
World,WLD,1992,23.39857241800457,34879305.04928218,80.66341548114268,0.7856872995967826,True
World,WLD,1993,23.39857241800457,34879305.04928218,80.4441280510792,1.206037866910879,True
World,WLD,1994,23.39857241800457,34879305.04928218,80.11748316928708,0.8197763885926997,True
World,WLD,1995,23.39857241800457,34879305.04928218,79.85939655300491,0.6805321138544389,True
World,WLD,1996,23.39857241800457,34879305.04928218,79.92168982696539,-0.7749698837719149,True
World,WLD,1997,23.39857241800457,34879305.04928218,80.15791931739521,1.143609876191925,True
World,WLD,1998,23.39857241800457,34879305.04928218,80.0350977874461,-1.257894510472579,True
World,WLD,1999,23.39857241800457,34879305.04928218,80.00840880080226,-0.513528608123231,True
World,WLD,2000,23.39857241800457,34879305.04928218,80.19681828453442,-0.7366371850049327,True
World,WLD,2001,23.39857241800457,34879305.04928218,80.69945386984413,-0.4783190029799837,True
World,WLD,2002,23.39857241800457,34879305.04928218,80.70845862741633,0.0736966330021092,True
World,WLD,2003,23.39857241800457,34879305.04928218,81.02920731665616,0.2029548216815554,True
World,WLD,2004,23.39857241800457,34879305.04928218,81.3224555905654,-0.4933248397431179,True
World,WLD,2005,23.39857241800457,34879305.04928218,81.50899267880467,0.0043087728163301,True
World,WLD,2006,23.39857241800457,34879305.04928218,81.41398165806172,0.6319449008921987,True
World,WLD,2007,23.39857241800457,34879305.04928218,81.74037220418256,0.7607005032439654,True
World,WLD,2008,23.39857241800457,34879305.04928218,81.88039851582698,0.6885558703886038,True
World,WLD,2009,23.39857241800457,34879305.04928218,81.73099980608589,-0.1289364447775843,True
World,WLD,2010,23.39857241800457,547127645.2599999,81.89611993212091,0.0528503040913451,True
World,WLD,2011,23.39857241800457,593376139.8900001,82.22357929377857,-0.4833106959089763,True
World,WLD,2012,23.39857241800457,623441761.2590001,82.64009751378528,-0.7880751223003776,True
World,WLD,2013,23.39857241800457,643970054.627,81.936479487996,-0.7714200464719961,True
World,WLD,2014,23.39857241800457,675126025.766,81.62614268755279,-0.5613142817952738,True
World,WLD,2015,23.39857241800457,684527381.9602001,63.92366772398145,-0.8599598468335462,True
World,WLD,2016,23.39857241800457,700903754.3662,0.0,-1.136804547378768,True
World,WLD,2017,23.39857241800457,746691932.4302,0.0,-0.8491148674681799,True
World,WLD,2018,23.39857241800457,784294634.3772,0.0,-1.238206561262307,True
World,WLD,2019,23.39857241800457,803124175.6510003,0.0,-1.066518988366977,True
World,WLD,2020,23.39857241800457,791062136.625,0.0,-1.013085203486326,True
World,WLD,2021,23.39857241800457,844570038.0,0.0,-0.0239255885272197,True
World,WLD,2022,23.39857241800457,850416540.0,0.0,-0.3929567949430352,True
World,WLD,2023,23.39857241800457,853611611.0,0.0,14.59198324814456,True
World,WLD,2024,23.39857241800457,913279048.0,0.0,-37.96310870035779,True
"Yemen, Rep.",YEM,1990,23.39857241800457,34879305.04928218,96.92159718339144,-255.4436346013131,False
"Yemen, Rep.",YEM,1991,23.39857241800457,34879305.04928218,97.470468060716,-226.4648468001372,False
"Yemen, Rep.",YEM,1992,23.39857241800457,34879305.04928218,97.6841477794601,-152.9511853355829,False
"Yemen, Rep.",YEM,1993,23.39857241800457,34879305.04928218,97.32445292499656,-271.9732071326514,False
"Yemen, Rep.",YEM,1994,23.39857241800457,34879305.04928218,97.43720976790374,-454.925878462827,False
"Yemen, Rep.",YEM,1995,23.39857241800457,34879305.04928218,97.73604046800132,-400.2096787721224,False
"Yemen, Rep.",YEM,1996,23.39857241800457,34879305.04928218,97.78271915883847,-395.2048136688473,False
"Yemen, Rep.",YEM,1997,23.39857241800457,34879305.04928218,97.91295696339368,-387.9878370891477,False
"Yemen, Rep.",YEM,1998,23.39857241800457,34879305.04928218,98.04680300512338,-365.3584564365392,False
"Yemen, Rep.",YEM,1999,23.39857241800457,34879305.04928218,98.26952950175844,-337.7875950192033,False
"Yemen, Rep.",YEM,2000,23.39857241800457,34879305.04928218,98.37016561905456,-359.5930320321216,False
"Yemen, Rep.",YEM,2001,23.39857241800457,34879305.04928218,98.49007182948904,-314.7830071408484,False
"Yemen, Rep.",YEM,2002,23.39857241800457,34879305.04928218,98.39896717326496,-323.2569140341423,False
"Yemen, Rep.",YEM,2003,23.39857241800457,34879305.04928218,98.52020950831108,-272.3358513472503,False
"Yemen, Rep.",YEM,2004,23.39857241800457,34879305.04928218,98.60762769637012,-214.6905245595192,False
"Yemen, Rep.",YEM,2005,23.39857241800457,34879305.04928218,98.65548856577036,-191.644608500794,False
"Yemen, Rep.",YEM,2006,16.6731276695,34879305.04928218,98.70642621824658,-140.0169342274604,False
"Yemen, Rep.",YEM,2007,17.0525658031,34879305.04928218,98.63728664470148,-135.3272379950443,False
"Yemen, Rep.",YEM,2008,15.9720925135,34879305.04928218,98.67945075614196,-100.1207729468593,False
"Yemen, Rep.",YEM,2009,12.7593268389,34879305.04928218,98.75855693755364,-84.08959670231071,False
"Yemen, Rep.",YEM,2010,12.4214156216,390000.0,98.62025136879282,-141.8545254335792,False
"Yemen, Rep.",YEM,2011,11.2951354335,34879305.04928218,98.28673900729504,-174.8532719983855,False
"Yemen, Rep.",YEM,2012,16.6679652622,262624.0,98.03664895330974,-144.9362902518909,False
"Yemen, Rep.",YEM,2013,17.5617983418,290011.0,98.4968311957768,-117.4777623008139,False
"Yemen, Rep.",YEM,2014,20.4970101534,296035.0,95.02005382708532,-104.4945118780048,False
"Yemen, Rep.",YEM,2015,15.8073075719,178098.0,60.07962518429458,-8.034265564513134,False
"Yemen, Rep.",YEM,2016,9.0449049735,268208.0,0.0,47.96345369701199,False
"Yemen, Rep.",YEM,2017,8.7562393536,334693.0,0.0,-15.54300730161289,False
"Yemen, Rep.",YEM,2018,5.9359060624,398999.0,0.0,-26.15824139757251,False
"Yemen, Rep.",YEM,2019,7.8492034714,464923.0,0.0,-27.72680563711094,False
"Yemen, Rep.",YEM,2020,7.7538472178,423393.0,0.0,-34.79494300659392,False
"Yemen, Rep.",YEM,2021,6.562284732,418711.0,0.0,-31.19546405134499,False
"Yemen, Rep.",YEM,2022,23.39857241800457,368498.0,0.0,-11.04666443117208,False
"Yemen, Rep.",YEM,2023,23.39857241800457,34879305.04928218,0.0,-37.96310870035779,False
"Yemen, Rep.",YEM,2024,23.39857241800457,380000.0,49.53885920745446,-37.96310870035779,False
Zambia,ZMB,1990,23.39857241800457,34879305.04928218,15.50939623197919,10.7947633540182,False
Zambia,ZMB,1991,23.39857241800457,34879305.04928218,15.94202140441927,7.40359435941031,False
Zambia,ZMB,1992,23.39857241800457,34879305.04928218,15.35560117370076,10.49603391569861,False
Zambia,ZMB,1993,23.39857241800457,34879305.04928218,13.36249899962616,7.284278773678002,False
Zambia,ZMB,1994,23.39857241800457,34879305.04928218,11.97575211828882,7.605664333623732,False
Zambia,ZMB,1995,23.39857241800457,34879305.04928218,11.53970888569195,8.170525289038066,False
Zambia,ZMB,1996,23.39857241800457,34879305.04928218,9.645829079995863,8.787492972651217,False
Zambia,ZMB,1997,23.39857241800457,34879305.04928218,12.02480438875678,6.612467843396859,False
Zambia,ZMB,1998,23.39857241800457,34879305.04928218,11.58106588792181,8.748709615377063,False
Zambia,ZMB,1999,23.39857241800457,34879305.04928218,9.12881092988989,6.402809829726196,False
Zambia,ZMB,2000,23.39857241800457,34879305.04928218,9.255765649956857,6.763627337945165,False
Zambia,ZMB,2001,23.39857241800457,34879305.04928218,9.44608030871859,6.877838936535821,False
Zambia,ZMB,2002,23.39857241800457,34879305.04928218,9.730835356319794,7.789009127483871,False
Zambia,ZMB,2003,23.39857241800457,34879305.04928218,10.02379181081189,8.5956265679768,False
Zambia,ZMB,2004,23.39857241800457,34879305.04928218,9.918853047408554,9.325113227367442,False
Zambia,ZMB,2005,23.39857241800457,34879305.04928218,10.35717006810905,9.388399607084535,False
Zambia,ZMB,2006,23.39857241800457,34879305.04928218,9.525577296969974,8.92787333854574,False
Zambia,ZMB,2007,23.39857241800457,34879305.04928218,6.714715651966512,8.565692048734073,False
Zambia,ZMB,2008,23.39857241800457,34879305.04928218,7.069695971298538,10.3935382757831,False
Zambia,ZMB,2009,23.39857241800457,34879305.04928218,7.170551316386042,9.788680107373343,False
Zambia,ZMB,2010,23.39857241800457,34879305.04928218,7.254538293537482,9.937688944953136,False
Zambia,ZMB,2011,23.39857241800457,34879305.04928218,7.96546071428558,10.8894539141657,False
Zambia,ZMB,2012,23.39857241800457,34879305.04928218,9.862836649568846,10.95603561255632,False
Zambia,ZMB,2013,23.39857241800457,34879305.04928218,9.83092355369592,10.74653058397032,False
Zambia,ZMB,2014,23.39857241800457,34879305.04928218,10.43151380050582,10.12131135995495,False
Zambia,ZMB,2015,23.39857241800457,34879305.04928218,4.529141127922884,12.86523408497908,False
Zambia,ZMB,2016,23.39857241800457,34879305.04928218,0.0,12.93361256371494,False
Zambia,ZMB,2017,23.39857241800457,34879305.04928218,0.0,10.87901658959422,False
Zambia,ZMB,2018,23.39857241800457,34879305.04928218,0.0,9.33583810905286,False
Zambia,ZMB,2019,23.39857241800457,34879305.04928218,0.0,11.17533986831466,False
Zambia,ZMB,2020,23.39857241800457,34879305.04928218,0.0,9.007172056716017,False
Zambia,ZMB,2021,23.39857241800457,34879305.04928218,0.0,9.736000493723198,False
Zambia,ZMB,2022,23.39857241800457,34879305.04928218,0.0,9.030018650640976,False
Zambia,ZMB,2023,23.39857241800457,34879305.04928218,0.0,-37.96310870035779,False
Zimbabwe,ZWE,1990,23.39857241800457,34879305.04928218,44.79909985512086,8.889214265898088,False
Zimbabwe,ZWE,1991,23.39857241800457,34879305.04928218,47.31334503667613,10.40864446743911,False
Zimbabwe,ZWE,1992,23.39857241800457,34879305.04928218,47.33853544358064,12.11491841327721,False
Zimbabwe,ZWE,1993,23.39857241800457,34879305.04928218,45.77416341559067,12.846735024285,False
Zimbabwe,ZWE,1994,23.39857241800457,34879305.04928218,43.72296455525365,14.13979942530581,False
Zimbabwe,ZWE,1995,23.39857241800457,34879305.04928218,43.56003549616859,16.69340180116344,False
Zimbabwe,ZWE,1996,23.39857241800457,34879305.04928218,42.06541529193219,17.35854206573178,False
Zimbabwe,ZWE,1997,23.39857241800457,34879305.04928218,40.0562607524387,18.56212400185107,False
Zimbabwe,ZWE,1998,23.39857241800457,34879305.04928218,39.77531004534397,18.53838659626418,False
Zimbabwe,ZWE,1999,23.39857241800457,34879305.04928218,41.52799473615285,16.86569251521452,False
Zimbabwe,ZWE,2000,23.39857241800457,34879305.04928218,56.04816041272919,20.97756068658298,False
Zimbabwe,ZWE,2001,23.39857241800457,34879305.04928218,57.24632102065969,19.59675781466378,False
Zimbabwe,ZWE,2002,23.39857241800457,34879305.04928218,53.73130853954798,18.50064460188708,False
Zimbabwe,ZWE,2003,23.39857241800457,34879305.04928218,47.95202110845064,15.74663966120426,False
Zimbabwe,ZWE,2004,23.39857241800457,34879305.04928218,46.44636526628871,12.46840123127719,False
Zimbabwe,ZWE,2005,23.39857241800457,34879305.04928218,48.71913487135179,14.29894750291474,False
Zimbabwe,ZWE,2006,23.39857241800457,34879305.04928218,44.986232646117,14.55000764642912,False
Zimbabwe,ZWE,2007,23.39857241800457,34879305.04928218,44.61082250221752,13.4960638616751,False
Zimbabwe,ZWE,2008,23.39857241800457,34879305.04928218,39.36108648497747,10.97880785314336,False
Zimbabwe,ZWE,2009,23.39857241800457,34879305.04928218,39.7968869614353,10.3510343208438,False
Zimbabwe,ZWE,2010,23.39857241800457,34879305.04928218,41.89986480398343,10.59156608553121,False
Zimbabwe,ZWE,2011,23.39857241800457,34879305.04928218,48.30200317863974,18.2917966744342,False
Zimbabwe,ZWE,2012,23.39857241800457,34879305.04928218,49.65501095487273,19.24534613644736,False
Zimbabwe,ZWE,2013,23.39857241800457,34879305.04928218,50.62370098056815,20.56396528424716,False
Zimbabwe,ZWE,2014,23.39857241800457,34879305.04928218,50.2112489033013,18.15857804916343,False
Zimbabwe,ZWE,2015,23.39857241800457,34879305.04928218,51.17590435440784,18.29515366948992,False
Zimbabwe,ZWE,2016,23.39857241800457,34879305.04928218,0.0,20.51552648567578,False
Zimbabwe,ZWE,2017,23.39857241800457,34879305.04928218,0.0,22.22717270022311,False
Zimbabwe,ZWE,2018,23.39857241800457,34879305.04928218,0.0,23.86866080700583,False
Zimbabwe,ZWE,2019,23.39857241800457,34879305.04928218,0.0,21.20016240973548,False
Zimbabwe,ZWE,2020,23.39857241800457,34879305.04928218,0.0,17.35202312614784,False
Zimbabwe,ZWE,2021,23.39857241800457,34879305.04928218,0.0,9.322580524889116,False
Zimbabwe,ZWE,2022,23.39857241800457,34879305.04928218,0.0,16.97571279226174,False
Zimbabwe,ZWE,2023,23.39857241800457,34879305.04928218,0.0,-37.96310870035779,False
